2025/12/01 20:34:05:070083,Front,KeyLog,KeyboardUI/Update,"{""c"":""C"",""position"":{""x"":0.0,""y"":0.0},""angle"":3.1415927410125734,""size_dots"":{""x"":0.0,""y"":0.0},""size_mm"":10.0}"
2025/12/01 20:34:05:071101,Front,KeyLog,KeyboardUI/Update,"{""c"":""V"",""position"":{""x"":0.0,""y"":0.0},""angle"":3.1415927410125734,""size_dots"":{""x"":0.0,""y"":0.0},""size_mm"":10.0}"
2025/12/01 20:34:05:072119,Front,KeyLog,KeyboardUI/Update,"{""c"":""B"",""position"":{""x"":0.0,""y"":0.0},""angle"":3.1415927410125734,""size_dots"":{""x"":0.0,""y"":0.0},""size_mm"":10.0}"
2025/12/01 20:34:05:072119,Front,KeyLog,KeyboardUI/Update,"{""c"":""N"",""position"":{""x"":0.0,""y"":0.0},""angle"":3.1415927410125734,""size_dots"":{""x"":0.0,""y"":0.0},""size_mm"":10.0}"
2025/12/01 20:34:05:072119,Front,KeyLog,KeyboardUI/Update,"{""c"":""M"",""position"":{""x"":0.0,""y"":0.0},""angle"":3.1415927410125734,""size_dots"":{""x"":0.0,""y"":0.0},""size_mm"":10.0}"
2025/12/01 20:34:05:073159,Front,KeyLog,KeyboardUI/Update,"{""c"":""#"",""position"":{""x"":0.0,""y"":0.0},""angle"":3.1415927410125734,""size_dots"":{""x"":0.0,""y"":0.0},""size_mm"":13.800000190734864}"
2025/12/01 20:34:05:075181,Front,KeyLog,KeyboardUI/Update,"{""c"":""&"",""position"":{""x"":0.0,""y"":0.0},""angle"":3.1415927410125734,""size_dots"":{""x"":0.0,""y"":0.0},""size_mm"":13.800000190734864}"
2025/12/01 20:34:05:076192,Front,KeyLog,KeyboardUI/Update,"{""c"":""%"",""position"":{""x"":0.0,""y"":0.0},""angle"":3.1415927410125734,""size_dots"":{""x"":0.0,""y"":0.0},""size_mm"":13.800000190734864}"
2025/12/01 20:34:05:152506,Front,ARMarkerLog,ARMarkerDetector/Update,"{""position"":[0.0,0.0],""angle"":0.0}"
2025/12/01 20:34:05:162295,Front,KeyLog,KeyboardUI/Update,"{""c"":""Q"",""position"":{""x"":0.0,""y"":0.0},""angle"":3.1415927410125734,""size_dots"":{""x"":0.0,""y"":0.0},""size_mm"":10.0}"
2025/12/01 20:34:05:163306,Front,KeyLog,KeyboardUI/Update,"{""c"":""W"",""position"":{""x"":0.0,""y"":0.0},""angle"":3.1415927410125734,""size_dots"":{""x"":0.0,""y"":0.0},""size_mm"":10.0}"
2025/12/01 20:34:05:163306,Front,KeyLog,KeyboardUI/Update,"{""c"":""E"",""position"":{""x"":0.0,""y"":0.0},""angle"":3.1415927410125734,""size_dots"":{""x"":0.0,""y"":0.0},""size_mm"":10.0}"
2025/12/01 20:34:05:165335,Front,KeyLog,KeyboardUI/Update,"{""c"":""R"",""position"":{""x"":0.0,""y"":0.0},""angle"":3.1415927410125734,""size_dots"":{""x"":0.0,""y"":0.0},""size_mm"":10.0}"
2025/12/01 20:34:05:166852,Front,KeyLog,KeyboardUI/Update,"{""c"":""T"",""position"":{""x"":0.0,""y"":0.0},""angle"":3.1415927410125734,""size_dots"":{""x"":0.0,""y"":0.0},""size_mm"":10.0}"
2025/12/01 20:34:05:167361,Front,KeyLog,KeyboardUI/Update,"{""c"":""Y"",""position"":{""x"":0.0,""y"":0.0},""angle"":3.1415927410125734,""size_dots"":{""x"":0.0,""y"":0.0},""size_mm"":10.0}"
2025/12/01 20:34:05:169388,Front,KeyLog,KeyboardUI/Update,"{""c"":""U"",""position"":{""x"":0.0,""y"":0.0},""angle"":3.1415927410125734,""size_dots"":{""x"":0.0,""y"":0.0},""size_mm"":10.0}"
2025/12/01 20:34:05:170400,Front,KeyLog,KeyboardUI/Update,"{""c"":""I"",""position"":{""x"":0.0,""y"":0.0},""angle"":3.1415927410125734,""size_dots"":{""x"":0.0,""y"":0.0},""size_mm"":10.0}"
2025/12/01 20:34:05:171411,Front,KeyLog,KeyboardUI/Update,"{""c"":""O"",""position"":{""x"":0.0,""y"":0.0},""angle"":3.1415927410125734,""size_dots"":{""x"":0.0,""y"":0.0},""size_mm"":10.0}"
2025/12/01 20:34:05:173438,Front,KeyLog,KeyboardUI/Update,"{""c"":""P"",""position"":{""x"":0.0,""y"":0.0},""angle"":3.1415927410125734,""size_dots"":{""x"":0.0,""y"":0.0},""size_mm"":10.0}"
2025/12/01 20:34:05:174449,Front,KeyLog,KeyboardUI/Update,"{""c"":""A"",""position"":{""x"":0.0,""y"":0.0},""angle"":3.1415927410125734,""size_dots"":{""x"":0.0,""y"":0.0},""size_mm"":10.0}"
2025/12/01 20:34:05:175457,Front,KeyLog,KeyboardUI/Update,"{""c"":""S"",""position"":{""x"":0.0,""y"":0.0},""angle"":3.1415927410125734,""size_dots"":{""x"":0.0,""y"":0.0},""size_mm"":10.0}"
2025/12/01 20:34:05:176960,Front,KeyLog,KeyboardUI/Update,"{""c"":""D"",""position"":{""x"":0.0,""y"":0.0},""angle"":3.1415927410125734,""size_dots"":{""x"":0.0,""y"":0.0},""size_mm"":10.0}"
2025/12/01 20:34:05:178986,Front,KeyLog,KeyboardUI/Update,"{""c"":""F"",""position"":{""x"":0.0,""y"":0.0},""angle"":3.1415927410125734,""size_dots"":{""x"":0.0,""y"":0.0},""size_mm"":10.0}"
2025/12/01 20:34:05:181021,Front,KeyLog,KeyboardUI/Update,"{""c"":""G"",""position"":{""x"":0.0,""y"":0.0},""angle"":3.1415927410125734,""size_dots"":{""x"":0.0,""y"":0.0},""size_mm"":10.0}"
2025/12/01 20:34:05:181021,Front,KeyLog,KeyboardUI/Update,"{""c"":""H"",""position"":{""x"":0.0,""y"":0.0},""angle"":3.1415927410125734,""size_dots"":{""x"":0.0,""y"":0.0},""size_mm"":10.0}"
2025/12/01 20:34:05:184054,Front,KeyLog,KeyboardUI/Update,"{""c"":""J"",""position"":{""x"":0.0,""y"":0.0},""angle"":3.1415927410125734,""size_dots"":{""x"":0.0,""y"":0.0},""size_mm"":10.0}"
2025/12/01 20:34:05:186072,Front,KeyLog,KeyboardUI/Update,"{""c"":""K"",""position"":{""x"":0.0,""y"":0.0},""angle"":3.1415927410125734,""size_dots"":{""x"":0.0,""y"":0.0},""size_mm"":10.0}"
2025/12/01 20:34:05:187087,Front,KeyLog,KeyboardUI/Update,"{""c"":""L"",""position"":{""x"":0.0,""y"":0.0},""angle"":3.1415927410125734,""size_dots"":{""x"":0.0,""y"":0.0},""size_mm"":10.0}"
2025/12/01 20:34:05:188099,Front,KeyLog,KeyboardUI/Update,"{""c"":""Z"",""position"":{""x"":0.0,""y"":0.0},""angle"":3.1415927410125734,""size_dots"":{""x"":0.0,""y"":0.0},""size_mm"":10.0}"
2025/12/01 20:34:05:188099,Front,KeyLog,KeyboardUI/Update,"{""c"":""X"",""position"":{""x"":0.0,""y"":0.0},""angle"":3.1415927410125734,""size_dots"":{""x"":0.0,""y"":0.0},""size_mm"":10.0}"
2025/12/01 20:34:05:190127,Front,KeyLog,KeyboardUI/Update,"{""c"":""C"",""position"":{""x"":0.0,""y"":0.0},""angle"":3.1415927410125734,""size_dots"":{""x"":0.0,""y"":0.0},""size_mm"":10.0}"
2025/12/01 20:34:05:193175,Front,KeyLog,KeyboardUI/Update,"{""c"":""V"",""position"":{""x"":0.0,""y"":0.0},""angle"":3.1415927410125734,""size_dots"":{""x"":0.0,""y"":0.0},""size_mm"":10.0}"
2025/12/01 20:34:05:193175,Front,KeyLog,KeyboardUI/Update,"{""c"":""B"",""position"":{""x"":0.0,""y"":0.0},""angle"":3.1415927410125734,""size_dots"":{""x"":0.0,""y"":0.0},""size_mm"":10.0}"
2025/12/01 20:34:05:193175,Front,KeyLog,KeyboardUI/Update,"{""c"":""N"",""position"":{""x"":0.0,""y"":0.0},""angle"":3.1415927410125734,""size_dots"":{""x"":0.0,""y"":0.0},""size_mm"":10.0}"
2025/12/01 20:34:05:193175,Front,KeyLog,KeyboardUI/Update,"{""c"":""M"",""position"":{""x"":0.0,""y"":0.0},""angle"":3.1415927410125734,""size_dots"":{""x"":0.0,""y"":0.0},""size_mm"":10.0}"
2025/12/01 20:34:05:194187,Front,KeyLog,KeyboardUI/Update,"{""c"":""#"",""position"":{""x"":0.0,""y"":0.0},""angle"":3.1415927410125734,""size_dots"":{""x"":0.0,""y"":0.0},""size_mm"":13.800000190734864}"
2025/12/01 20:34:05:194187,Front,KeyLog,KeyboardUI/Update,"{""c"":""&"",""position"":{""x"":0.0,""y"":0.0},""angle"":3.1415927410125734,""size_dots"":{""x"":0.0,""y"":0.0},""size_mm"":13.800000190734864}"
2025/12/01 20:34:05:194187,Front,KeyLog,KeyboardUI/Update,"{""c"":""%"",""position"":{""x"":0.0,""y"":0.0},""angle"":3.1415927410125734,""size_dots"":{""x"":0.0,""y"":0.0},""size_mm"":13.800000190734864}"
2025/12/01 20:34:05:227187,Front,ARMarkerLog,ARMarkerDetector/Update,"{""position"":[0.0,0.0],""angle"":0.0}"
2025/12/01 20:34:05:241418,Front,KeyLog,KeyboardUI/Update,"{""c"":""Q"",""position"":{""x"":0.0,""y"":0.0},""angle"":3.1415927410125734,""size_dots"":{""x"":0.0,""y"":0.0},""size_mm"":10.0}"
2025/12/01 20:34:05:242431,Front,KeyLog,KeyboardUI/Update,"{""c"":""W"",""position"":{""x"":0.0,""y"":0.0},""angle"":3.1415927410125734,""size_dots"":{""x"":0.0,""y"":0.0},""size_mm"":10.0}"
2025/12/01 20:34:05:242431,Front,KeyLog,KeyboardUI/Update,"{""c"":""E"",""position"":{""x"":0.0,""y"":0.0},""angle"":3.1415927410125734,""size_dots"":{""x"":0.0,""y"":0.0},""size_mm"":10.0}"
2025/12/01 20:34:05:243442,Front,KeyLog,KeyboardUI/Update,"{""c"":""R"",""position"":{""x"":0.0,""y"":0.0},""angle"":3.1415927410125734,""size_dots"":{""x"":0.0,""y"":0.0},""size_mm"":10.0}"
2025/12/01 20:34:05:244461,Front,KeyLog,KeyboardUI/Update,"{""c"":""T"",""position"":{""x"":0.0,""y"":0.0},""angle"":3.1415927410125734,""size_dots"":{""x"":0.0,""y"":0.0},""size_mm"":10.0}"
2025/12/01 20:34:05:245475,Front,KeyLog,KeyboardUI/Update,"{""c"":""Y"",""position"":{""x"":0.0,""y"":0.0},""angle"":3.1415927410125734,""size_dots"":{""x"":0.0,""y"":0.0},""size_mm"":10.0}"
2025/12/01 20:34:05:246979,Front,KeyLog,KeyboardUI/Update,"{""c"":""U"",""position"":{""x"":0.0,""y"":0.0},""angle"":3.1415927410125734,""size_dots"":{""x"":0.0,""y"":0.0},""size_mm"":10.0}"
2025/12/01 20:34:05:247988,Front,KeyLog,KeyboardUI/Update,"{""c"":""I"",""position"":{""x"":0.0,""y"":0.0},""angle"":3.1415927410125734,""size_dots"":{""x"":0.0,""y"":0.0},""size_mm"":10.0}"
2025/12/01 20:34:05:249001,Front,KeyLog,KeyboardUI/Update,"{""c"":""O"",""position"":{""x"":0.0,""y"":0.0},""angle"":3.1415927410125734,""size_dots"":{""x"":0.0,""y"":0.0},""size_mm"":10.0}"
2025/12/01 20:34:05:249001,Front,KeyLog,KeyboardUI/Update,"{""c"":""P"",""position"":{""x"":0.0,""y"":0.0},""angle"":3.1415927410125734,""size_dots"":{""x"":0.0,""y"":0.0},""size_mm"":10.0}"
2025/12/01 20:34:05:249001,Front,KeyLog,KeyboardUI/Update,"{""c"":""A"",""position"":{""x"":0.0,""y"":0.0},""angle"":3.1415927410125734,""size_dots"":{""x"":0.0,""y"":0.0},""size_mm"":10.0}"
2025/12/01 20:34:05:250521,Front,KeyLog,KeyboardUI/Update,"{""c"":""S"",""position"":{""x"":0.0,""y"":0.0},""angle"":3.1415927410125734,""size_dots"":{""x"":0.0,""y"":0.0},""size_mm"":10.0}"
2025/12/01 20:34:05:251030,Front,KeyLog,KeyboardUI/Update,"{""c"":""D"",""position"":{""x"":0.0,""y"":0.0},""angle"":3.1415927410125734,""size_dots"":{""x"":0.0,""y"":0.0},""size_mm"":10.0}"
2025/12/01 20:34:05:252039,Front,KeyLog,KeyboardUI/Update,"{""c"":""F"",""position"":{""x"":0.0,""y"":0.0},""angle"":3.1415927410125734,""size_dots"":{""x"":0.0,""y"":0.0},""size_mm"":10.0}"
2025/12/01 20:34:05:253049,Front,KeyLog,KeyboardUI/Update,"{""c"":""G"",""position"":{""x"":0.0,""y"":0.0},""angle"":3.1415927410125734,""size_dots"":{""x"":0.0,""y"":0.0},""size_mm"":10.0}"
2025/12/01 20:34:05:254060,Front,KeyLog,KeyboardUI/Update,"{""c"":""H"",""position"":{""x"":0.0,""y"":0.0},""angle"":3.1415927410125734,""size_dots"":{""x"":0.0,""y"":0.0},""size_mm"":10.0}"
2025/12/01 20:34:05:255097,Front,KeyLog,KeyboardUI/Update,"{""c"":""J"",""position"":{""x"":0.0,""y"":0.0},""angle"":3.1415927410125734,""size_dots"":{""x"":0.0,""y"":0.0},""size_mm"":10.0}"
2025/12/01 20:34:05:255097,Front,KeyLog,KeyboardUI/Update,"{""c"":""K"",""position"":{""x"":0.0,""y"":0.0},""angle"":3.1415927410125734,""size_dots"":{""x"":0.0,""y"":0.0},""size_mm"":10.0}"
2025/12/01 20:34:05:256109,Front,KeyLog,KeyboardUI/Update,"{""c"":""L"",""position"":{""x"":0.0,""y"":0.0},""angle"":3.1415927410125734,""size_dots"":{""x"":0.0,""y"":0.0},""size_mm"":10.0}"
2025/12/01 20:34:05:256109,Front,KeyLog,KeyboardUI/Update,"{""c"":""Z"",""position"":{""x"":0.0,""y"":0.0},""angle"":3.1415927410125734,""size_dots"":{""x"":0.0,""y"":0.0},""size_mm"":10.0}"
2025/12/01 20:34:05:256622,Front,KeyLog,KeyboardUI/Update,"{""c"":""X"",""position"":{""x"":0.0,""y"":0.0},""angle"":3.1415927410125734,""size_dots"":{""x"":0.0,""y"":0.0},""size_mm"":10.0}"
2025/12/01 20:34:05:257144,Front,KeyLog,KeyboardUI/Update,"{""c"":""C"",""position"":{""x"":0.0,""y"":0.0},""angle"":3.1415927410125734,""size_dots"":{""x"":0.0,""y"":0.0},""size_mm"":10.0}"
2025/12/01 20:34:05:259176,Front,KeyLog,KeyboardUI/Update,"{""c"":""V"",""position"":{""x"":0.0,""y"":0.0},""angle"":3.1415927410125734,""size_dots"":{""x"":0.0,""y"":0.0},""size_mm"":10.0}"
2025/12/01 20:34:05:260188,Front,KeyLog,KeyboardUI/Update,"{""c"":""B"",""position"":{""x"":0.0,""y"":0.0},""angle"":3.1415927410125734,""size_dots"":{""x"":0.0,""y"":0.0},""size_mm"":10.0}"
2025/12/01 20:34:05:261198,Front,KeyLog,KeyboardUI/Update,"{""c"":""N"",""position"":{""x"":0.0,""y"":0.0},""angle"":3.1415927410125734,""size_dots"":{""x"":0.0,""y"":0.0},""size_mm"":10.0}"
2025/12/01 20:34:05:262208,Front,KeyLog,KeyboardUI/Update,"{""c"":""M"",""position"":{""x"":0.0,""y"":0.0},""angle"":3.1415927410125734,""size_dots"":{""x"":0.0,""y"":0.0},""size_mm"":10.0}"
2025/12/01 20:34:05:262208,Front,KeyLog,KeyboardUI/Update,"{""c"":""#"",""position"":{""x"":0.0,""y"":0.0},""angle"":3.1415927410125734,""size_dots"":{""x"":0.0,""y"":0.0},""size_mm"":13.800000190734864}"
2025/12/01 20:34:05:263220,Front,KeyLog,KeyboardUI/Update,"{""c"":""&"",""position"":{""x"":0.0,""y"":0.0},""angle"":3.1415927410125734,""size_dots"":{""x"":0.0,""y"":0.0},""size_mm"":13.800000190734864}"
2025/12/01 20:34:05:264229,Front,KeyLog,KeyboardUI/Update,"{""c"":""%"",""position"":{""x"":0.0,""y"":0.0},""angle"":3.1415927410125734,""size_dots"":{""x"":0.0,""y"":0.0},""size_mm"":13.800000190734864}"
2025/12/01 20:34:05:303249,Front,ARMarkerLog,ARMarkerDetector/Update,"{""position"":[0.0,0.0],""angle"":0.0}"
2025/12/01 20:34:05:320993,Front,KeyLog,KeyboardUI/Update,"{""c"":""Q"",""position"":{""x"":0.0,""y"":0.0},""angle"":3.1415927410125734,""size_dots"":{""x"":0.0,""y"":0.0},""size_mm"":10.0}"
2025/12/01 20:34:05:322003,Front,KeyLog,KeyboardUI/Update,"{""c"":""W"",""position"":{""x"":0.0,""y"":0.0},""angle"":3.1415927410125734,""size_dots"":{""x"":0.0,""y"":0.0},""size_mm"":10.0}"
2025/12/01 20:34:05:323013,Front,KeyLog,KeyboardUI/Update,"{""c"":""E"",""position"":{""x"":0.0,""y"":0.0},""angle"":3.1415927410125734,""size_dots"":{""x"":0.0,""y"":0.0},""size_mm"":10.0}"
2025/12/01 20:34:05:325044,Front,KeyLog,KeyboardUI/Update,"{""c"":""R"",""position"":{""x"":0.0,""y"":0.0},""angle"":3.1415927410125734,""size_dots"":{""x"":0.0,""y"":0.0},""size_mm"":10.0}"
2025/12/01 20:34:05:326054,Front,KeyLog,KeyboardUI/Update,"{""c"":""T"",""position"":{""x"":0.0,""y"":0.0},""angle"":3.1415927410125734,""size_dots"":{""x"":0.0,""y"":0.0},""size_mm"":10.0}"
2025/12/01 20:34:05:327073,Front,KeyLog,KeyboardUI/Update,"{""c"":""Y"",""position"":{""x"":0.0,""y"":0.0},""angle"":3.1415927410125734,""size_dots"":{""x"":0.0,""y"":0.0},""size_mm"":10.0}"
2025/12/01 20:34:05:328083,Front,KeyLog,KeyboardUI/Update,"{""c"":""U"",""position"":{""x"":0.0,""y"":0.0},""angle"":3.1415927410125734,""size_dots"":{""x"":0.0,""y"":0.0},""size_mm"":10.0}"
2025/12/01 20:34:05:329093,Front,KeyLog,KeyboardUI/Update,"{""c"":""I"",""position"":{""x"":0.0,""y"":0.0},""angle"":3.1415927410125734,""size_dots"":{""x"":0.0,""y"":0.0},""size_mm"":10.0}"
2025/12/01 20:34:05:330102,Front,KeyLog,KeyboardUI/Update,"{""c"":""O"",""position"":{""x"":0.0,""y"":0.0},""angle"":3.1415927410125734,""size_dots"":{""x"":0.0,""y"":0.0},""size_mm"":10.0}"
2025/12/01 20:34:05:331112,Front,KeyLog,KeyboardUI/Update,"{""c"":""P"",""position"":{""x"":0.0,""y"":0.0},""angle"":3.1415927410125734,""size_dots"":{""x"":0.0,""y"":0.0},""size_mm"":10.0}"
2025/12/01 20:34:05:333152,Front,KeyLog,KeyboardUI/Update,"{""c"":""A"",""position"":{""x"":0.0,""y"":0.0},""angle"":3.1415927410125734,""size_dots"":{""x"":0.0,""y"":0.0},""size_mm"":10.0}"
2025/12/01 20:34:05:334163,Front,KeyLog,KeyboardUI/Update,"{""c"":""S"",""position"":{""x"":0.0,""y"":0.0},""angle"":3.1415927410125734,""size_dots"":{""x"":0.0,""y"":0.0},""size_mm"":10.0}"
2025/12/01 20:34:05:335176,Front,KeyLog,KeyboardUI/Update,"{""c"":""D"",""position"":{""x"":0.0,""y"":0.0},""angle"":3.1415927410125734,""size_dots"":{""x"":0.0,""y"":0.0},""size_mm"":10.0}"
2025/12/01 20:34:05:335176,Front,KeyLog,KeyboardUI/Update,"{""c"":""F"",""position"":{""x"":0.0,""y"":0.0},""angle"":3.1415927410125734,""size_dots"":{""x"":0.0,""y"":0.0},""size_mm"":10.0}"
2025/12/01 20:34:05:335176,Front,KeyLog,KeyboardUI/Update,"{""c"":""G"",""position"":{""x"":0.0,""y"":0.0},""angle"":3.1415927410125734,""size_dots"":{""x"":0.0,""y"":0.0},""size_mm"":10.0}"
2025/12/01 20:34:05:337208,Front,KeyLog,KeyboardUI/Update,"{""c"":""H"",""position"":{""x"":0.0,""y"":0.0},""angle"":3.1415927410125734,""size_dots"":{""x"":0.0,""y"":0.0},""size_mm"":10.0}"
2025/12/01 20:34:05:338222,Front,KeyLog,KeyboardUI/Update,"{""c"":""J"",""position"":{""x"":0.0,""y"":0.0},""angle"":3.1415927410125734,""size_dots"":{""x"":0.0,""y"":0.0},""size_mm"":10.0}"
2025/12/01 20:34:05:339234,Front,KeyLog,KeyboardUI/Update,"{""c"":""K"",""position"":{""x"":0.0,""y"":0.0},""angle"":3.1415927410125734,""size_dots"":{""x"":0.0,""y"":0.0},""size_mm"":10.0}"
2025/12/01 20:34:05:340245,Front,KeyLog,KeyboardUI/Update,"{""c"":""L"",""position"":{""x"":0.0,""y"":0.0},""angle"":3.1415927410125734,""size_dots"":{""x"":0.0,""y"":0.0},""size_mm"":10.0}"
2025/12/01 20:34:05:341255,Front,KeyLog,KeyboardUI/Update,"{""c"":""Z"",""position"":{""x"":0.0,""y"":0.0},""angle"":3.1415927410125734,""size_dots"":{""x"":0.0,""y"":0.0},""size_mm"":10.0}"
2025/12/01 20:34:05:342267,Front,KeyLog,KeyboardUI/Update,"{""c"":""X"",""position"":{""x"":0.0,""y"":0.0},""angle"":3.1415927410125734,""size_dots"":{""x"":0.0,""y"":0.0},""size_mm"":10.0}"
2025/12/01 20:34:05:343278,Front,KeyLog,KeyboardUI/Update,"{""c"":""C"",""position"":{""x"":0.0,""y"":0.0},""angle"":3.1415927410125734,""size_dots"":{""x"":0.0,""y"":0.0},""size_mm"":10.0}"
2025/12/01 20:34:05:344289,Front,KeyLog,KeyboardUI/Update,"{""c"":""V"",""position"":{""x"":0.0,""y"":0.0},""angle"":3.1415927410125734,""size_dots"":{""x"":0.0,""y"":0.0},""size_mm"":10.0}"
2025/12/01 20:34:05:344289,Front,KeyLog,KeyboardUI/Update,"{""c"":""B"",""position"":{""x"":0.0,""y"":0.0},""angle"":3.1415927410125734,""size_dots"":{""x"":0.0,""y"":0.0},""size_mm"":10.0}"
2025/12/01 20:34:05:345299,Front,KeyLog,KeyboardUI/Update,"{""c"":""N"",""position"":{""x"":0.0,""y"":0.0},""angle"":3.1415927410125734,""size_dots"":{""x"":0.0,""y"":0.0},""size_mm"":10.0}"
2025/12/01 20:34:05:346310,Front,KeyLog,KeyboardUI/Update,"{""c"":""M"",""position"":{""x"":0.0,""y"":0.0},""angle"":3.1415927410125734,""size_dots"":{""x"":0.0,""y"":0.0},""size_mm"":10.0}"
2025/12/01 20:34:05:347357,Front,KeyLog,KeyboardUI/Update,"{""c"":""#"",""position"":{""x"":0.0,""y"":0.0},""angle"":3.1415927410125734,""size_dots"":{""x"":0.0,""y"":0.0},""size_mm"":13.800000190734864}"
2025/12/01 20:34:05:347357,Front,KeyLog,KeyboardUI/Update,"{""c"":""&"",""position"":{""x"":0.0,""y"":0.0},""angle"":3.1415927410125734,""size_dots"":{""x"":0.0,""y"":0.0},""size_mm"":13.800000190734864}"
2025/12/01 20:34:05:347357,Front,KeyLog,KeyboardUI/Update,"{""c"":""%"",""position"":{""x"":0.0,""y"":0.0},""angle"":3.1415927410125734,""size_dots"":{""x"":0.0,""y"":0.0},""size_mm"":13.800000190734864}"
2025/12/01 20:34:05:392523,Front,ARMarkerLog,ARMarkerDetector/Update,"{""position"":[0.0,0.0],""angle"":0.0}"
2025/12/01 20:34:05:408332,Front,KeyLog,KeyboardUI/Update,"{""c"":""Q"",""position"":{""x"":0.0,""y"":0.0},""angle"":3.1415927410125734,""size_dots"":{""x"":0.0,""y"":0.0},""size_mm"":10.0}"
2025/12/01 20:34:05:410361,Front,KeyLog,KeyboardUI/Update,"{""c"":""W"",""position"":{""x"":0.0,""y"":0.0},""angle"":3.1415927410125734,""size_dots"":{""x"":0.0,""y"":0.0},""size_mm"":10.0}"
2025/12/01 20:34:05:412383,Front,KeyLog,KeyboardUI/Update,"{""c"":""E"",""position"":{""x"":0.0,""y"":0.0},""angle"":3.1415927410125734,""size_dots"":{""x"":0.0,""y"":0.0},""size_mm"":10.0}"
2025/12/01 20:34:05:414407,Front,KeyLog,KeyboardUI/Update,"{""c"":""R"",""position"":{""x"":0.0,""y"":0.0},""angle"":3.1415927410125734,""size_dots"":{""x"":0.0,""y"":0.0},""size_mm"":10.0}"
2025/12/01 20:34:05:415418,Front,KeyLog,KeyboardUI/Update,"{""c"":""T"",""position"":{""x"":0.0,""y"":0.0},""angle"":3.1415927410125734,""size_dots"":{""x"":0.0,""y"":0.0},""size_mm"":10.0}"
2025/12/01 20:34:05:416429,Front,KeyLog,KeyboardUI/Update,"{""c"":""Y"",""position"":{""x"":0.0,""y"":0.0},""angle"":3.1415927410125734,""size_dots"":{""x"":0.0,""y"":0.0},""size_mm"":10.0}"
2025/12/01 20:34:05:417451,Front,KeyLog,KeyboardUI/Update,"{""c"":""U"",""position"":{""x"":0.0,""y"":0.0},""angle"":3.1415927410125734,""size_dots"":{""x"":0.0,""y"":0.0},""size_mm"":10.0}"
2025/12/01 20:34:05:418467,Front,KeyLog,KeyboardUI/Update,"{""c"":""I"",""position"":{""x"":0.0,""y"":0.0},""angle"":3.1415927410125734,""size_dots"":{""x"":0.0,""y"":0.0},""size_mm"":10.0}"
2025/12/01 20:34:05:419481,Front,KeyLog,KeyboardUI/Update,"{""c"":""O"",""position"":{""x"":0.0,""y"":0.0},""angle"":3.1415927410125734,""size_dots"":{""x"":0.0,""y"":0.0},""size_mm"":10.0}"
2025/12/01 20:34:05:421505,Front,KeyLog,KeyboardUI/Update,"{""c"":""P"",""position"":{""x"":0.0,""y"":0.0},""angle"":3.1415927410125734,""size_dots"":{""x"":0.0,""y"":0.0},""size_mm"":10.0}"
2025/12/01 20:34:05:422514,Front,KeyLog,KeyboardUI/Update,"{""c"":""A"",""position"":{""x"":0.0,""y"":0.0},""angle"":3.1415927410125734,""size_dots"":{""x"":0.0,""y"":0.0},""size_mm"":10.0}"
2025/12/01 20:34:05:423523,Front,KeyLog,KeyboardUI/Update,"{""c"":""S"",""position"":{""x"":0.0,""y"":0.0},""angle"":3.1415927410125734,""size_dots"":{""x"":0.0,""y"":0.0},""size_mm"":10.0}"
2025/12/01 20:34:05:423523,Front,KeyLog,KeyboardUI/Update,"{""c"":""D"",""position"":{""x"":0.0,""y"":0.0},""angle"":3.1415927410125734,""size_dots"":{""x"":0.0,""y"":0.0},""size_mm"":10.0}"
2025/12/01 20:34:05:423523,Front,KeyLog,KeyboardUI/Update,"{""c"":""F"",""position"":{""x"":0.0,""y"":0.0},""angle"":3.1415927410125734,""size_dots"":{""x"":0.0,""y"":0.0},""size_mm"":10.0}"
2025/12/01 20:34:05:425574,Front,KeyLog,KeyboardUI/Update,"{""c"":""G"",""position"":{""x"":0.0,""y"":0.0},""angle"":3.1415927410125734,""size_dots"":{""x"":0.0,""y"":0.0},""size_mm"":10.0}"
2025/12/01 20:34:05:425574,Front,KeyLog,KeyboardUI/Update,"{""c"":""H"",""position"":{""x"":0.0,""y"":0.0},""angle"":3.1415927410125734,""size_dots"":{""x"":0.0,""y"":0.0},""size_mm"":10.0}"
2025/12/01 20:34:05:425574,Front,KeyLog,KeyboardUI/Update,"{""c"":""J"",""position"":{""x"":0.0,""y"":0.0},""angle"":3.1415927410125734,""size_dots"":{""x"":0.0,""y"":0.0},""size_mm"":10.0}"
2025/12/01 20:34:05:427077,Front,KeyLog,KeyboardUI/Update,"{""c"":""K"",""position"":{""x"":0.0,""y"":0.0},""angle"":3.1415927410125734,""size_dots"":{""x"":0.0,""y"":0.0},""size_mm"":10.0}"
2025/12/01 20:34:05:429098,Front,KeyLog,KeyboardUI/Update,"{""c"":""L"",""position"":{""x"":0.0,""y"":0.0},""angle"":3.1415927410125734,""size_dots"":{""x"":0.0,""y"":0.0},""size_mm"":10.0}"
2025/12/01 20:34:05:430111,Front,KeyLog,KeyboardUI/Update,"{""c"":""Z"",""position"":{""x"":0.0,""y"":0.0},""angle"":3.1415927410125734,""size_dots"":{""x"":0.0,""y"":0.0},""size_mm"":10.0}"
2025/12/01 20:34:05:431121,Front,KeyLog,KeyboardUI/Update,"{""c"":""X"",""position"":{""x"":0.0,""y"":0.0},""angle"":3.1415927410125734,""size_dots"":{""x"":0.0,""y"":0.0},""size_mm"":10.0}"
2025/12/01 20:34:05:432132,Front,KeyLog,KeyboardUI/Update,"{""c"":""C"",""position"":{""x"":0.0,""y"":0.0},""angle"":3.1415927410125734,""size_dots"":{""x"":0.0,""y"":0.0},""size_mm"":10.0}"
2025/12/01 20:34:05:433140,Front,KeyLog,KeyboardUI/Update,"{""c"":""V"",""position"":{""x"":0.0,""y"":0.0},""angle"":3.1415927410125734,""size_dots"":{""x"":0.0,""y"":0.0},""size_mm"":10.0}"
2025/12/01 20:34:05:434151,Front,KeyLog,KeyboardUI/Update,"{""c"":""B"",""position"":{""x"":0.0,""y"":0.0},""angle"":3.1415927410125734,""size_dots"":{""x"":0.0,""y"":0.0},""size_mm"":10.0}"
2025/12/01 20:34:05:435162,Front,KeyLog,KeyboardUI/Update,"{""c"":""N"",""position"":{""x"":0.0,""y"":0.0},""angle"":3.1415927410125734,""size_dots"":{""x"":0.0,""y"":0.0},""size_mm"":10.0}"
2025/12/01 20:34:05:437193,Front,KeyLog,KeyboardUI/Update,"{""c"":""M"",""position"":{""x"":0.0,""y"":0.0},""angle"":3.1415927410125734,""size_dots"":{""x"":0.0,""y"":0.0},""size_mm"":10.0}"
2025/12/01 20:34:05:438204,Front,KeyLog,KeyboardUI/Update,"{""c"":""#"",""position"":{""x"":0.0,""y"":0.0},""angle"":3.1415927410125734,""size_dots"":{""x"":0.0,""y"":0.0},""size_mm"":13.800000190734864}"
2025/12/01 20:34:05:439214,Front,KeyLog,KeyboardUI/Update,"{""c"":""&"",""position"":{""x"":0.0,""y"":0.0},""angle"":3.1415927410125734,""size_dots"":{""x"":0.0,""y"":0.0},""size_mm"":13.800000190734864}"
2025/12/01 20:34:05:441260,Front,KeyLog,KeyboardUI/Update,"{""c"":""%"",""position"":{""x"":0.0,""y"":0.0},""angle"":3.1415927410125734,""size_dots"":{""x"":0.0,""y"":0.0},""size_mm"":13.800000190734864}"
2025/12/01 20:34:05:489369,Front,ARMarkerLog,ARMarkerDetector/Update,"{""position"":[0.0,0.0],""angle"":0.0}"
2025/12/01 20:34:05:499509,Front,KeyLog,KeyboardUI/Update,"{""c"":""Q"",""position"":{""x"":0.0,""y"":0.0},""angle"":3.1415927410125734,""size_dots"":{""x"":0.0,""y"":0.0},""size_mm"":10.0}"
2025/12/01 20:34:05:501557,Front,KeyLog,KeyboardUI/Update,"{""c"":""W"",""position"":{""x"":0.0,""y"":0.0},""angle"":3.1415927410125734,""size_dots"":{""x"":0.0,""y"":0.0},""size_mm"":10.0}"
2025/12/01 20:34:05:502570,Front,KeyLog,KeyboardUI/Update,"{""c"":""E"",""position"":{""x"":0.0,""y"":0.0},""angle"":3.1415927410125734,""size_dots"":{""x"":0.0,""y"":0.0},""size_mm"":10.0}"
2025/12/01 20:34:05:503583,Front,KeyLog,KeyboardUI/Update,"{""c"":""R"",""position"":{""x"":0.0,""y"":0.0},""angle"":3.1415927410125734,""size_dots"":{""x"":0.0,""y"":0.0},""size_mm"":10.0}"
2025/12/01 20:34:05:506605,Front,KeyLog,KeyboardUI/Update,"{""c"":""T"",""position"":{""x"":0.0,""y"":0.0},""angle"":3.1415927410125734,""size_dots"":{""x"":0.0,""y"":0.0},""size_mm"":10.0}"
2025/12/01 20:34:05:507108,Front,KeyLog,KeyboardUI/Update,"{""c"":""Y"",""position"":{""x"":0.0,""y"":0.0},""angle"":3.1415927410125734,""size_dots"":{""x"":0.0,""y"":0.0},""size_mm"":10.0}"
2025/12/01 20:34:05:508118,Front,KeyLog,KeyboardUI/Update,"{""c"":""U"",""position"":{""x"":0.0,""y"":0.0},""angle"":3.1415927410125734,""size_dots"":{""x"":0.0,""y"":0.0},""size_mm"":10.0}"
2025/12/01 20:34:05:509136,Front,KeyLog,KeyboardUI/Update,"{""c"":""I"",""position"":{""x"":0.0,""y"":0.0},""angle"":3.1415927410125734,""size_dots"":{""x"":0.0,""y"":0.0},""size_mm"":10.0}"
2025/12/01 20:34:05:510146,Front,KeyLog,KeyboardUI/Update,"{""c"":""O"",""position"":{""x"":0.0,""y"":0.0},""angle"":3.1415927410125734,""size_dots"":{""x"":0.0,""y"":0.0},""size_mm"":10.0}"
2025/12/01 20:34:05:511159,Front,KeyLog,KeyboardUI/Update,"{""c"":""P"",""position"":{""x"":0.0,""y"":0.0},""angle"":3.1415927410125734,""size_dots"":{""x"":0.0,""y"":0.0},""size_mm"":10.0}"
2025/12/01 20:34:05:512173,Front,KeyLog,KeyboardUI/Update,"{""c"":""A"",""position"":{""x"":0.0,""y"":0.0},""angle"":3.1415927410125734,""size_dots"":{""x"":0.0,""y"":0.0},""size_mm"":10.0}"
2025/12/01 20:34:05:512173,Front,KeyLog,KeyboardUI/Update,"{""c"":""S"",""position"":{""x"":0.0,""y"":0.0},""angle"":3.1415927410125734,""size_dots"":{""x"":0.0,""y"":0.0},""size_mm"":10.0}"
2025/12/01 20:34:05:512173,Front,KeyLog,KeyboardUI/Update,"{""c"":""D"",""position"":{""x"":0.0,""y"":0.0},""angle"":3.1415927410125734,""size_dots"":{""x"":0.0,""y"":0.0},""size_mm"":10.0}"
2025/12/01 20:34:05:513185,Front,KeyLog,KeyboardUI/Update,"{""c"":""F"",""position"":{""x"":0.0,""y"":0.0},""angle"":3.1415927410125734,""size_dots"":{""x"":0.0,""y"":0.0},""size_mm"":10.0}"
2025/12/01 20:34:05:514194,Front,KeyLog,KeyboardUI/Update,"{""c"":""G"",""position"":{""x"":0.0,""y"":0.0},""angle"":3.1415927410125734,""size_dots"":{""x"":0.0,""y"":0.0},""size_mm"":10.0}"
2025/12/01 20:34:05:515203,Front,KeyLog,KeyboardUI/Update,"{""c"":""H"",""position"":{""x"":0.0,""y"":0.0},""angle"":3.1415927410125734,""size_dots"":{""x"":0.0,""y"":0.0},""size_mm"":10.0}"
2025/12/01 20:34:05:516750,Front,KeyLog,KeyboardUI/Update,"{""c"":""J"",""position"":{""x"":0.0,""y"":0.0},""angle"":3.1415927410125734,""size_dots"":{""x"":0.0,""y"":0.0},""size_mm"":10.0}"
2025/12/01 20:34:05:517259,Front,KeyLog,KeyboardUI/Update,"{""c"":""K"",""position"":{""x"":0.0,""y"":0.0},""angle"":3.1415927410125734,""size_dots"":{""x"":0.0,""y"":0.0},""size_mm"":10.0}"
2025/12/01 20:34:05:518268,Front,KeyLog,KeyboardUI/Update,"{""c"":""L"",""position"":{""x"":0.0,""y"":0.0},""angle"":3.1415927410125734,""size_dots"":{""x"":0.0,""y"":0.0},""size_mm"":10.0}"
2025/12/01 20:34:05:519282,Front,KeyLog,KeyboardUI/Update,"{""c"":""Z"",""position"":{""x"":0.0,""y"":0.0},""angle"":3.1415927410125734,""size_dots"":{""x"":0.0,""y"":0.0},""size_mm"":10.0}"
2025/12/01 20:34:05:520293,Front,KeyLog,KeyboardUI/Update,"{""c"":""X"",""position"":{""x"":0.0,""y"":0.0},""angle"":3.1415927410125734,""size_dots"":{""x"":0.0,""y"":0.0},""size_mm"":10.0}"
2025/12/01 20:34:05:520293,Front,KeyLog,KeyboardUI/Update,"{""c"":""C"",""position"":{""x"":0.0,""y"":0.0},""angle"":3.1415927410125734,""size_dots"":{""x"":0.0,""y"":0.0},""size_mm"":10.0}"
2025/12/01 20:34:05:521304,Front,KeyLog,KeyboardUI/Update,"{""c"":""V"",""position"":{""x"":0.0,""y"":0.0},""angle"":3.1415927410125734,""size_dots"":{""x"":0.0,""y"":0.0},""size_mm"":10.0}"
2025/12/01 20:34:05:522314,Front,KeyLog,KeyboardUI/Update,"{""c"":""B"",""position"":{""x"":0.0,""y"":0.0},""angle"":3.1415927410125734,""size_dots"":{""x"":0.0,""y"":0.0},""size_mm"":10.0}"
2025/12/01 20:34:05:523324,Front,KeyLog,KeyboardUI/Update,"{""c"":""N"",""position"":{""x"":0.0,""y"":0.0},""angle"":3.1415927410125734,""size_dots"":{""x"":0.0,""y"":0.0},""size_mm"":10.0}"
2025/12/01 20:34:05:524340,Front,KeyLog,KeyboardUI/Update,"{""c"":""M"",""position"":{""x"":0.0,""y"":0.0},""angle"":3.1415927410125734,""size_dots"":{""x"":0.0,""y"":0.0},""size_mm"":10.0}"
2025/12/01 20:34:05:525353,Front,KeyLog,KeyboardUI/Update,"{""c"":""#"",""position"":{""x"":0.0,""y"":0.0},""angle"":3.1415927410125734,""size_dots"":{""x"":0.0,""y"":0.0},""size_mm"":13.800000190734864}"
2025/12/01 20:34:05:526363,Front,KeyLog,KeyboardUI/Update,"{""c"":""&"",""position"":{""x"":0.0,""y"":0.0},""angle"":3.1415927410125734,""size_dots"":{""x"":0.0,""y"":0.0},""size_mm"":13.800000190734864}"
2025/12/01 20:34:05:526363,Front,KeyLog,KeyboardUI/Update,"{""c"":""%"",""position"":{""x"":0.0,""y"":0.0},""angle"":3.1415927410125734,""size_dots"":{""x"":0.0,""y"":0.0},""size_mm"":13.800000190734864}"
2025/12/01 20:34:05:554194,Front,ARMarkerLog,ARMarkerDetector/Update,"{""position"":[0.0,0.0],""angle"":0.0}"
2025/12/01 20:34:05:571482,Front,KeyLog,KeyboardUI/Update,"{""c"":""Q"",""position"":{""x"":0.0,""y"":0.0},""angle"":3.1415927410125734,""size_dots"":{""x"":0.0,""y"":0.0},""size_mm"":10.0}"
2025/12/01 20:34:05:571482,Front,KeyLog,KeyboardUI/Update,"{""c"":""W"",""position"":{""x"":0.0,""y"":0.0},""angle"":3.1415927410125734,""size_dots"":{""x"":0.0,""y"":0.0},""size_mm"":10.0}"
2025/12/01 20:34:05:571482,Front,KeyLog,KeyboardUI/Update,"{""c"":""E"",""position"":{""x"":0.0,""y"":0.0},""angle"":3.1415927410125734,""size_dots"":{""x"":0.0,""y"":0.0},""size_mm"":10.0}"
2025/12/01 20:34:05:571482,Front,KeyLog,KeyboardUI/Update,"{""c"":""R"",""position"":{""x"":0.0,""y"":0.0},""angle"":3.1415927410125734,""size_dots"":{""x"":0.0,""y"":0.0},""size_mm"":10.0}"
2025/12/01 20:34:05:573516,Front,KeyLog,KeyboardUI/Update,"{""c"":""T"",""position"":{""x"":0.0,""y"":0.0},""angle"":3.1415927410125734,""size_dots"":{""x"":0.0,""y"":0.0},""size_mm"":10.0}"
2025/12/01 20:34:05:574526,Front,KeyLog,KeyboardUI/Update,"{""c"":""Y"",""position"":{""x"":0.0,""y"":0.0},""angle"":3.1415927410125734,""size_dots"":{""x"":0.0,""y"":0.0},""size_mm"":10.0}"
2025/12/01 20:34:05:575534,Front,KeyLog,KeyboardUI/Update,"{""c"":""U"",""position"":{""x"":0.0,""y"":0.0},""angle"":3.1415927410125734,""size_dots"":{""x"":0.0,""y"":0.0},""size_mm"":10.0}"
2025/12/01 20:34:05:576533,Front,KeyLog,KeyboardUI/Update,"{""c"":""I"",""position"":{""x"":0.0,""y"":0.0},""angle"":3.1415927410125734,""size_dots"":{""x"":0.0,""y"":0.0},""size_mm"":10.0}"
2025/12/01 20:34:05:577037,Front,KeyLog,KeyboardUI/Update,"{""c"":""O"",""position"":{""x"":0.0,""y"":0.0},""angle"":3.1415927410125734,""size_dots"":{""x"":0.0,""y"":0.0},""size_mm"":10.0}"
2025/12/01 20:34:05:577037,Front,KeyLog,KeyboardUI/Update,"{""c"":""P"",""position"":{""x"":0.0,""y"":0.0},""angle"":3.1415927410125734,""size_dots"":{""x"":0.0,""y"":0.0},""size_mm"":10.0}"
2025/12/01 20:34:05:577037,Front,KeyLog,KeyboardUI/Update,"{""c"":""A"",""position"":{""x"":0.0,""y"":0.0},""angle"":3.1415927410125734,""size_dots"":{""x"":0.0,""y"":0.0},""size_mm"":10.0}"
2025/12/01 20:34:05:579146,Front,KeyLog,KeyboardUI/Update,"{""c"":""S"",""position"":{""x"":0.0,""y"":0.0},""angle"":3.1415927410125734,""size_dots"":{""x"":0.0,""y"":0.0},""size_mm"":10.0}"
2025/12/01 20:34:05:580154,Front,KeyLog,KeyboardUI/Update,"{""c"":""D"",""position"":{""x"":0.0,""y"":0.0},""angle"":3.1415927410125734,""size_dots"":{""x"":0.0,""y"":0.0},""size_mm"":10.0}"
2025/12/01 20:34:05:581168,Front,KeyLog,KeyboardUI/Update,"{""c"":""F"",""position"":{""x"":0.0,""y"":0.0},""angle"":3.1415927410125734,""size_dots"":{""x"":0.0,""y"":0.0},""size_mm"":10.0}"
2025/12/01 20:34:05:582183,Front,KeyLog,KeyboardUI/Update,"{""c"":""G"",""position"":{""x"":0.0,""y"":0.0},""angle"":3.1415927410125734,""size_dots"":{""x"":0.0,""y"":0.0},""size_mm"":10.0}"
2025/12/01 20:34:05:583194,Front,KeyLog,KeyboardUI/Update,"{""c"":""H"",""position"":{""x"":0.0,""y"":0.0},""angle"":3.1415927410125734,""size_dots"":{""x"":0.0,""y"":0.0},""size_mm"":10.0}"
2025/12/01 20:34:05:584204,Front,KeyLog,KeyboardUI/Update,"{""c"":""J"",""position"":{""x"":0.0,""y"":0.0},""angle"":3.1415927410125734,""size_dots"":{""x"":0.0,""y"":0.0},""size_mm"":10.0}"
2025/12/01 20:34:05:585214,Front,KeyLog,KeyboardUI/Update,"{""c"":""K"",""position"":{""x"":0.0,""y"":0.0},""angle"":3.1415927410125734,""size_dots"":{""x"":0.0,""y"":0.0},""size_mm"":10.0}"
2025/12/01 20:34:05:586732,Front,KeyLog,KeyboardUI/Update,"{""c"":""L"",""position"":{""x"":0.0,""y"":0.0},""angle"":3.1415927410125734,""size_dots"":{""x"":0.0,""y"":0.0},""size_mm"":10.0}"
2025/12/01 20:34:05:587240,Front,KeyLog,KeyboardUI/Update,"{""c"":""Z"",""position"":{""x"":0.0,""y"":0.0},""angle"":3.1415927410125734,""size_dots"":{""x"":0.0,""y"":0.0},""size_mm"":10.0}"
2025/12/01 20:34:05:588267,Front,KeyLog,KeyboardUI/Update,"{""c"":""X"",""position"":{""x"":0.0,""y"":0.0},""angle"":3.1415927410125734,""size_dots"":{""x"":0.0,""y"":0.0},""size_mm"":10.0}"
2025/12/01 20:34:05:589277,Front,KeyLog,KeyboardUI/Update,"{""c"":""C"",""position"":{""x"":0.0,""y"":0.0},""angle"":3.1415927410125734,""size_dots"":{""x"":0.0,""y"":0.0},""size_mm"":10.0}"
2025/12/01 20:34:05:590288,Front,KeyLog,KeyboardUI/Update,"{""c"":""V"",""position"":{""x"":0.0,""y"":0.0},""angle"":3.1415927410125734,""size_dots"":{""x"":0.0,""y"":0.0},""size_mm"":10.0}"
2025/12/01 20:34:05:592318,Front,KeyLog,KeyboardUI/Update,"{""c"":""B"",""position"":{""x"":0.0,""y"":0.0},""angle"":3.1415927410125734,""size_dots"":{""x"":0.0,""y"":0.0},""size_mm"":10.0}"
2025/12/01 20:34:05:593328,Front,KeyLog,KeyboardUI/Update,"{""c"":""N"",""position"":{""x"":0.0,""y"":0.0},""angle"":3.1415927410125734,""size_dots"":{""x"":0.0,""y"":0.0},""size_mm"":10.0}"
2025/12/01 20:34:05:594361,Front,KeyLog,KeyboardUI/Update,"{""c"":""M"",""position"":{""x"":0.0,""y"":0.0},""angle"":3.1415927410125734,""size_dots"":{""x"":0.0,""y"":0.0},""size_mm"":10.0}"
2025/12/01 20:34:05:595371,Front,KeyLog,KeyboardUI/Update,"{""c"":""#"",""position"":{""x"":0.0,""y"":0.0},""angle"":3.1415927410125734,""size_dots"":{""x"":0.0,""y"":0.0},""size_mm"":13.800000190734864}"
2025/12/01 20:34:05:595371,Front,KeyLog,KeyboardUI/Update,"{""c"":""&"",""position"":{""x"":0.0,""y"":0.0},""angle"":3.1415927410125734,""size_dots"":{""x"":0.0,""y"":0.0},""size_mm"":13.800000190734864}"
2025/12/01 20:34:05:595371,Front,KeyLog,KeyboardUI/Update,"{""c"":""%"",""position"":{""x"":0.0,""y"":0.0},""angle"":3.1415927410125734,""size_dots"":{""x"":0.0,""y"":0.0},""size_mm"":13.800000190734864}"
2025/12/01 20:34:05:639429,Front,ARMarkerLog,ARMarkerDetector/Update,"{""position"":[0.0,0.0],""angle"":0.0}"
2025/12/01 20:34:05:651582,Front,KeyLog,KeyboardUI/Update,"{""c"":""Q"",""position"":{""x"":0.0,""y"":0.0},""angle"":3.1415927410125734,""size_dots"":{""x"":0.0,""y"":0.0},""size_mm"":10.0}"
2025/12/01 20:34:05:653095,Front,KeyLog,KeyboardUI/Update,"{""c"":""W"",""position"":{""x"":0.0,""y"":0.0},""angle"":3.1415927410125734,""size_dots"":{""x"":0.0,""y"":0.0},""size_mm"":10.0}"
2025/12/01 20:34:05:654104,Front,KeyLog,KeyboardUI/Update,"{""c"":""E"",""position"":{""x"":0.0,""y"":0.0},""angle"":3.1415927410125734,""size_dots"":{""x"":0.0,""y"":0.0},""size_mm"":10.0}"
2025/12/01 20:34:05:655112,Front,KeyLog,KeyboardUI/Update,"{""c"":""R"",""position"":{""x"":0.0,""y"":0.0},""angle"":3.1415927410125734,""size_dots"":{""x"":0.0,""y"":0.0},""size_mm"":10.0}"
2025/12/01 20:34:05:658177,Front,KeyLog,KeyboardUI/Update,"{""c"":""T"",""position"":{""x"":0.0,""y"":0.0},""angle"":3.1415927410125734,""size_dots"":{""x"":0.0,""y"":0.0},""size_mm"":10.0}"
2025/12/01 20:34:05:659203,Front,KeyLog,KeyboardUI/Update,"{""c"":""Y"",""position"":{""x"":0.0,""y"":0.0},""angle"":3.1415927410125734,""size_dots"":{""x"":0.0,""y"":0.0},""size_mm"":10.0}"
2025/12/01 20:34:05:660213,Front,KeyLog,KeyboardUI/Update,"{""c"":""U"",""position"":{""x"":0.0,""y"":0.0},""angle"":3.1415927410125734,""size_dots"":{""x"":0.0,""y"":0.0},""size_mm"":10.0}"
2025/12/01 20:34:05:661225,Front,KeyLog,KeyboardUI/Update,"{""c"":""I"",""position"":{""x"":0.0,""y"":0.0},""angle"":3.1415927410125734,""size_dots"":{""x"":0.0,""y"":0.0},""size_mm"":10.0}"
2025/12/01 20:34:05:663249,Front,KeyLog,KeyboardUI/Update,"{""c"":""O"",""position"":{""x"":0.0,""y"":0.0},""angle"":3.1415927410125734,""size_dots"":{""x"":0.0,""y"":0.0},""size_mm"":10.0}"
2025/12/01 20:34:05:664259,Front,KeyLog,KeyboardUI/Update,"{""c"":""P"",""position"":{""x"":0.0,""y"":0.0},""angle"":3.1415927410125734,""size_dots"":{""x"":0.0,""y"":0.0},""size_mm"":10.0}"
2025/12/01 20:34:05:665268,Front,KeyLog,KeyboardUI/Update,"{""c"":""A"",""position"":{""x"":0.0,""y"":0.0},""angle"":3.1415927410125734,""size_dots"":{""x"":0.0,""y"":0.0},""size_mm"":10.0}"
2025/12/01 20:34:05:665268,Front,KeyLog,KeyboardUI/Update,"{""c"":""S"",""position"":{""x"":0.0,""y"":0.0},""angle"":3.1415927410125734,""size_dots"":{""x"":0.0,""y"":0.0},""size_mm"":10.0}"
2025/12/01 20:34:05:665268,Front,KeyLog,KeyboardUI/Update,"{""c"":""D"",""position"":{""x"":0.0,""y"":0.0},""angle"":3.1415927410125734,""size_dots"":{""x"":0.0,""y"":0.0},""size_mm"":10.0}"
2025/12/01 20:34:05:666789,Front,KeyLog,KeyboardUI/Update,"{""c"":""F"",""position"":{""x"":0.0,""y"":0.0},""angle"":3.1415927410125734,""size_dots"":{""x"":0.0,""y"":0.0},""size_mm"":10.0}"
2025/12/01 20:34:05:666789,Front,KeyLog,KeyboardUI/Update,"{""c"":""G"",""position"":{""x"":0.0,""y"":0.0},""angle"":3.1415927410125734,""size_dots"":{""x"":0.0,""y"":0.0},""size_mm"":10.0}"
2025/12/01 20:34:05:666789,Front,KeyLog,KeyboardUI/Update,"{""c"":""H"",""position"":{""x"":0.0,""y"":0.0},""angle"":3.1415927410125734,""size_dots"":{""x"":0.0,""y"":0.0},""size_mm"":10.0}"
2025/12/01 20:34:05:666789,Front,KeyLog,KeyboardUI/Update,"{""c"":""J"",""position"":{""x"":0.0,""y"":0.0},""angle"":3.1415927410125734,""size_dots"":{""x"":0.0,""y"":0.0},""size_mm"":10.0}"
2025/12/01 20:34:05:668312,Front,KeyLog,KeyboardUI/Update,"{""c"":""K"",""position"":{""x"":0.0,""y"":0.0},""angle"":3.1415927410125734,""size_dots"":{""x"":0.0,""y"":0.0},""size_mm"":10.0}"
2025/12/01 20:34:05:668312,Front,KeyLog,KeyboardUI/Update,"{""c"":""L"",""position"":{""x"":0.0,""y"":0.0},""angle"":3.1415927410125734,""size_dots"":{""x"":0.0,""y"":0.0},""size_mm"":10.0}"
2025/12/01 20:34:05:668312,Front,KeyLog,KeyboardUI/Update,"{""c"":""Z"",""position"":{""x"":0.0,""y"":0.0},""angle"":3.1415927410125734,""size_dots"":{""x"":0.0,""y"":0.0},""size_mm"":10.0}"
2025/12/01 20:34:05:669323,Front,KeyLog,KeyboardUI/Update,"{""c"":""X"",""position"":{""x"":0.0,""y"":0.0},""angle"":3.1415927410125734,""size_dots"":{""x"":0.0,""y"":0.0},""size_mm"":10.0}"
2025/12/01 20:34:05:670335,Front,KeyLog,KeyboardUI/Update,"{""c"":""C"",""position"":{""x"":0.0,""y"":0.0},""angle"":3.1415927410125734,""size_dots"":{""x"":0.0,""y"":0.0},""size_mm"":10.0}"
2025/12/01 20:34:05:672396,Front,KeyLog,KeyboardUI/Update,"{""c"":""V"",""position"":{""x"":0.0,""y"":0.0},""angle"":3.1415927410125734,""size_dots"":{""x"":0.0,""y"":0.0},""size_mm"":10.0}"
2025/12/01 20:34:05:673412,Front,KeyLog,KeyboardUI/Update,"{""c"":""B"",""position"":{""x"":0.0,""y"":0.0},""angle"":3.1415927410125734,""size_dots"":{""x"":0.0,""y"":0.0},""size_mm"":10.0}"
2025/12/01 20:34:05:675458,Front,KeyLog,KeyboardUI/Update,"{""c"":""N"",""position"":{""x"":0.0,""y"":0.0},""angle"":3.1415927410125734,""size_dots"":{""x"":0.0,""y"":0.0},""size_mm"":10.0}"
2025/12/01 20:34:05:676981,Front,KeyLog,KeyboardUI/Update,"{""c"":""M"",""position"":{""x"":0.0,""y"":0.0},""angle"":3.1415927410125734,""size_dots"":{""x"":0.0,""y"":0.0},""size_mm"":10.0}"
2025/12/01 20:34:05:678501,Front,KeyLog,KeyboardUI/Update,"{""c"":""#"",""position"":{""x"":0.0,""y"":0.0},""angle"":3.1415927410125734,""size_dots"":{""x"":0.0,""y"":0.0},""size_mm"":13.800000190734864}"
2025/12/01 20:34:05:679512,Front,KeyLog,KeyboardUI/Update,"{""c"":""&"",""position"":{""x"":0.0,""y"":0.0},""angle"":3.1415927410125734,""size_dots"":{""x"":0.0,""y"":0.0},""size_mm"":13.800000190734864}"
2025/12/01 20:34:05:680522,Front,KeyLog,KeyboardUI/Update,"{""c"":""%"",""position"":{""x"":0.0,""y"":0.0},""angle"":3.1415927410125734,""size_dots"":{""x"":0.0,""y"":0.0},""size_mm"":13.800000190734864}"
2025/12/01 20:34:05:723068,Front,ARMarkerLog,ARMarkerDetector/Update,"{""position"":[0.0,0.0],""angle"":0.0}"
2025/12/01 20:34:05:737285,Front,KeyLog,KeyboardUI/Update,"{""c"":""Q"",""position"":{""x"":0.0,""y"":0.0},""angle"":3.1415927410125734,""size_dots"":{""x"":0.0,""y"":0.0},""size_mm"":10.0}"
2025/12/01 20:34:05:738297,Front,KeyLog,KeyboardUI/Update,"{""c"":""W"",""position"":{""x"":0.0,""y"":0.0},""angle"":3.1415927410125734,""size_dots"":{""x"":0.0,""y"":0.0},""size_mm"":10.0}"
2025/12/01 20:34:05:738297,Front,KeyLog,KeyboardUI/Update,"{""c"":""E"",""position"":{""x"":0.0,""y"":0.0},""angle"":3.1415927410125734,""size_dots"":{""x"":0.0,""y"":0.0},""size_mm"":10.0}"
2025/12/01 20:34:05:738297,Front,KeyLog,KeyboardUI/Update,"{""c"":""R"",""position"":{""x"":0.0,""y"":0.0},""angle"":3.1415927410125734,""size_dots"":{""x"":0.0,""y"":0.0},""size_mm"":10.0}"
2025/12/01 20:34:05:738297,Front,KeyLog,KeyboardUI/Update,"{""c"":""T"",""position"":{""x"":0.0,""y"":0.0},""angle"":3.1415927410125734,""size_dots"":{""x"":0.0,""y"":0.0},""size_mm"":10.0}"
2025/12/01 20:34:05:738297,Front,KeyLog,KeyboardUI/Update,"{""c"":""Y"",""position"":{""x"":0.0,""y"":0.0},""angle"":3.1415927410125734,""size_dots"":{""x"":0.0,""y"":0.0},""size_mm"":10.0}"
2025/12/01 20:34:05:738297,Front,KeyLog,KeyboardUI/Update,"{""c"":""U"",""position"":{""x"":0.0,""y"":0.0},""angle"":3.1415927410125734,""size_dots"":{""x"":0.0,""y"":0.0},""size_mm"":10.0}"
2025/12/01 20:34:05:738297,Front,KeyLog,KeyboardUI/Update,"{""c"":""I"",""position"":{""x"":0.0,""y"":0.0},""angle"":3.1415927410125734,""size_dots"":{""x"":0.0,""y"":0.0},""size_mm"":10.0}"
2025/12/01 20:34:05:738297,Front,KeyLog,KeyboardUI/Update,"{""c"":""O"",""position"":{""x"":0.0,""y"":0.0},""angle"":3.1415927410125734,""size_dots"":{""x"":0.0,""y"":0.0},""size_mm"":10.0}"
2025/12/01 20:34:05:738297,Front,KeyLog,KeyboardUI/Update,"{""c"":""P"",""position"":{""x"":0.0,""y"":0.0},""angle"":3.1415927410125734,""size_dots"":{""x"":0.0,""y"":0.0},""size_mm"":10.0}"
2025/12/01 20:34:05:738297,Front,KeyLog,KeyboardUI/Update,"{""c"":""A"",""position"":{""x"":0.0,""y"":0.0},""angle"":3.1415927410125734,""size_dots"":{""x"":0.0,""y"":0.0},""size_mm"":10.0}"
2025/12/01 20:34:05:738297,Front,KeyLog,KeyboardUI/Update,"{""c"":""S"",""position"":{""x"":0.0,""y"":0.0},""angle"":3.1415927410125734,""size_dots"":{""x"":0.0,""y"":0.0},""size_mm"":10.0}"
2025/12/01 20:34:05:738297,Front,KeyLog,KeyboardUI/Update,"{""c"":""D"",""position"":{""x"":0.0,""y"":0.0},""angle"":3.1415927410125734,""size_dots"":{""x"":0.0,""y"":0.0},""size_mm"":10.0}"
2025/12/01 20:34:05:738297,Front,KeyLog,KeyboardUI/Update,"{""c"":""F"",""position"":{""x"":0.0,""y"":0.0},""angle"":3.1415927410125734,""size_dots"":{""x"":0.0,""y"":0.0},""size_mm"":10.0}"
2025/12/01 20:34:05:738297,Front,KeyLog,KeyboardUI/Update,"{""c"":""G"",""position"":{""x"":0.0,""y"":0.0},""angle"":3.1415927410125734,""size_dots"":{""x"":0.0,""y"":0.0},""size_mm"":10.0}"
2025/12/01 20:34:05:738297,Front,KeyLog,KeyboardUI/Update,"{""c"":""H"",""position"":{""x"":0.0,""y"":0.0},""angle"":3.1415927410125734,""size_dots"":{""x"":0.0,""y"":0.0},""size_mm"":10.0}"
2025/12/01 20:34:05:739307,Front,KeyLog,KeyboardUI/Update,"{""c"":""J"",""position"":{""x"":0.0,""y"":0.0},""angle"":3.1415927410125734,""size_dots"":{""x"":0.0,""y"":0.0},""size_mm"":10.0}"
2025/12/01 20:34:05:740314,Front,KeyLog,KeyboardUI/Update,"{""c"":""K"",""position"":{""x"":0.0,""y"":0.0},""angle"":3.1415927410125734,""size_dots"":{""x"":0.0,""y"":0.0},""size_mm"":10.0}"
2025/12/01 20:34:05:741323,Front,KeyLog,KeyboardUI/Update,"{""c"":""L"",""position"":{""x"":0.0,""y"":0.0},""angle"":3.1415927410125734,""size_dots"":{""x"":0.0,""y"":0.0},""size_mm"":10.0}"
2025/12/01 20:34:05:742335,Front,KeyLog,KeyboardUI/Update,"{""c"":""Z"",""position"":{""x"":0.0,""y"":0.0},""angle"":3.1415927410125734,""size_dots"":{""x"":0.0,""y"":0.0},""size_mm"":10.0}"
2025/12/01 20:34:05:743345,Front,KeyLog,KeyboardUI/Update,"{""c"":""X"",""position"":{""x"":0.0,""y"":0.0},""angle"":3.1415927410125734,""size_dots"":{""x"":0.0,""y"":0.0},""size_mm"":10.0}"
2025/12/01 20:34:05:744355,Front,KeyLog,KeyboardUI/Update,"{""c"":""C"",""position"":{""x"":0.0,""y"":0.0},""angle"":3.1415927410125734,""size_dots"":{""x"":0.0,""y"":0.0},""size_mm"":10.0}"
2025/12/01 20:34:05:745368,Front,KeyLog,KeyboardUI/Update,"{""c"":""V"",""position"":{""x"":0.0,""y"":0.0},""angle"":3.1415927410125734,""size_dots"":{""x"":0.0,""y"":0.0},""size_mm"":10.0}"
2025/12/01 20:34:05:746377,Front,KeyLog,KeyboardUI/Update,"{""c"":""B"",""position"":{""x"":0.0,""y"":0.0},""angle"":3.1415927410125734,""size_dots"":{""x"":0.0,""y"":0.0},""size_mm"":10.0}"
2025/12/01 20:34:05:746885,Front,KeyLog,KeyboardUI/Update,"{""c"":""N"",""position"":{""x"":0.0,""y"":0.0},""angle"":3.1415927410125734,""size_dots"":{""x"":0.0,""y"":0.0},""size_mm"":10.0}"
2025/12/01 20:34:05:746885,Front,KeyLog,KeyboardUI/Update,"{""c"":""M"",""position"":{""x"":0.0,""y"":0.0},""angle"":3.1415927410125734,""size_dots"":{""x"":0.0,""y"":0.0},""size_mm"":10.0}"
2025/12/01 20:34:05:748423,Front,KeyLog,KeyboardUI/Update,"{""c"":""#"",""position"":{""x"":0.0,""y"":0.0},""angle"":3.1415927410125734,""size_dots"":{""x"":0.0,""y"":0.0},""size_mm"":13.800000190734864}"
2025/12/01 20:34:05:749433,Front,KeyLog,KeyboardUI/Update,"{""c"":""&"",""position"":{""x"":0.0,""y"":0.0},""angle"":3.1415927410125734,""size_dots"":{""x"":0.0,""y"":0.0},""size_mm"":13.800000190734864}"
2025/12/01 20:34:05:749433,Front,KeyLog,KeyboardUI/Update,"{""c"":""%"",""position"":{""x"":0.0,""y"":0.0},""angle"":3.1415927410125734,""size_dots"":{""x"":0.0,""y"":0.0},""size_mm"":13.800000190734864}"
2025/12/01 20:34:05:758031,Front,ARMarkerLog,ARMarkerDetector/Update,"{""position"":[0.0,0.0],""angle"":0.0}"
2025/12/01 20:34:05:775326,Front,KeyLog,KeyboardUI/Update,"{""c"":""Q"",""position"":{""x"":0.0,""y"":0.0},""angle"":3.1415927410125734,""size_dots"":{""x"":0.0,""y"":0.0},""size_mm"":10.0}"
2025/12/01 20:34:05:777358,Front,KeyLog,KeyboardUI/Update,"{""c"":""W"",""position"":{""x"":0.0,""y"":0.0},""angle"":3.1415927410125734,""size_dots"":{""x"":0.0,""y"":0.0},""size_mm"":10.0}"
2025/12/01 20:34:05:778372,Front,KeyLog,KeyboardUI/Update,"{""c"":""E"",""position"":{""x"":0.0,""y"":0.0},""angle"":3.1415927410125734,""size_dots"":{""x"":0.0,""y"":0.0},""size_mm"":10.0}"
2025/12/01 20:34:05:780415,Front,KeyLog,KeyboardUI/Update,"{""c"":""R"",""position"":{""x"":0.0,""y"":0.0},""angle"":3.1415927410125734,""size_dots"":{""x"":0.0,""y"":0.0},""size_mm"":10.0}"
2025/12/01 20:34:05:780415,Front,KeyLog,KeyboardUI/Update,"{""c"":""T"",""position"":{""x"":0.0,""y"":0.0},""angle"":3.1415927410125734,""size_dots"":{""x"":0.0,""y"":0.0},""size_mm"":10.0}"
2025/12/01 20:34:05:780415,Front,KeyLog,KeyboardUI/Update,"{""c"":""Y"",""position"":{""x"":0.0,""y"":0.0},""angle"":3.1415927410125734,""size_dots"":{""x"":0.0,""y"":0.0},""size_mm"":10.0}"
2025/12/01 20:34:05:780415,Front,KeyLog,KeyboardUI/Update,"{""c"":""U"",""position"":{""x"":0.0,""y"":0.0},""angle"":3.1415927410125734,""size_dots"":{""x"":0.0,""y"":0.0},""size_mm"":10.0}"
2025/12/01 20:34:05:781425,Front,KeyLog,KeyboardUI/Update,"{""c"":""I"",""position"":{""x"":0.0,""y"":0.0},""angle"":3.1415927410125734,""size_dots"":{""x"":0.0,""y"":0.0},""size_mm"":10.0}"
2025/12/01 20:34:05:782439,Front,KeyLog,KeyboardUI/Update,"{""c"":""O"",""position"":{""x"":0.0,""y"":0.0},""angle"":3.1415927410125734,""size_dots"":{""x"":0.0,""y"":0.0},""size_mm"":10.0}"
2025/12/01 20:34:05:783447,Front,KeyLog,KeyboardUI/Update,"{""c"":""P"",""position"":{""x"":0.0,""y"":0.0},""angle"":3.1415927410125734,""size_dots"":{""x"":0.0,""y"":0.0},""size_mm"":10.0}"
2025/12/01 20:34:05:784463,Front,KeyLog,KeyboardUI/Update,"{""c"":""A"",""position"":{""x"":0.0,""y"":0.0},""angle"":3.1415927410125734,""size_dots"":{""x"":0.0,""y"":0.0},""size_mm"":10.0}"
2025/12/01 20:34:05:785475,Front,KeyLog,KeyboardUI/Update,"{""c"":""S"",""position"":{""x"":0.0,""y"":0.0},""angle"":3.1415927410125734,""size_dots"":{""x"":0.0,""y"":0.0},""size_mm"":10.0}"
2025/12/01 20:34:05:785475,Front,KeyLog,KeyboardUI/Update,"{""c"":""D"",""position"":{""x"":0.0,""y"":0.0},""angle"":3.1415927410125734,""size_dots"":{""x"":0.0,""y"":0.0},""size_mm"":10.0}"
2025/12/01 20:34:05:785475,Front,KeyLog,KeyboardUI/Update,"{""c"":""F"",""position"":{""x"":0.0,""y"":0.0},""angle"":3.1415927410125734,""size_dots"":{""x"":0.0,""y"":0.0},""size_mm"":10.0}"
2025/12/01 20:34:05:786978,Front,KeyLog,KeyboardUI/Update,"{""c"":""G"",""position"":{""x"":0.0,""y"":0.0},""angle"":3.1415927410125734,""size_dots"":{""x"":0.0,""y"":0.0},""size_mm"":10.0}"
2025/12/01 20:34:05:787988,Front,KeyLog,KeyboardUI/Update,"{""c"":""H"",""position"":{""x"":0.0,""y"":0.0},""angle"":3.1415927410125734,""size_dots"":{""x"":0.0,""y"":0.0},""size_mm"":10.0}"
2025/12/01 20:34:05:789002,Front,KeyLog,KeyboardUI/Update,"{""c"":""J"",""position"":{""x"":0.0,""y"":0.0},""angle"":3.1415927410125734,""size_dots"":{""x"":0.0,""y"":0.0},""size_mm"":10.0}"
2025/12/01 20:34:05:790010,Front,KeyLog,KeyboardUI/Update,"{""c"":""K"",""position"":{""x"":0.0,""y"":0.0},""angle"":3.1415927410125734,""size_dots"":{""x"":0.0,""y"":0.0},""size_mm"":10.0}"
2025/12/01 20:34:05:791023,Front,KeyLog,KeyboardUI/Update,"{""c"":""L"",""position"":{""x"":0.0,""y"":0.0},""angle"":3.1415927410125734,""size_dots"":{""x"":0.0,""y"":0.0},""size_mm"":10.0}"
2025/12/01 20:34:05:792032,Front,KeyLog,KeyboardUI/Update,"{""c"":""Z"",""position"":{""x"":0.0,""y"":0.0},""angle"":3.1415927410125734,""size_dots"":{""x"":0.0,""y"":0.0},""size_mm"":10.0}"
2025/12/01 20:34:05:792032,Front,KeyLog,KeyboardUI/Update,"{""c"":""X"",""position"":{""x"":0.0,""y"":0.0},""angle"":3.1415927410125734,""size_dots"":{""x"":0.0,""y"":0.0},""size_mm"":10.0}"
2025/12/01 20:34:05:793044,Front,KeyLog,KeyboardUI/Update,"{""c"":""C"",""position"":{""x"":0.0,""y"":0.0},""angle"":3.1415927410125734,""size_dots"":{""x"":0.0,""y"":0.0},""size_mm"":10.0}"
2025/12/01 20:34:05:794053,Front,KeyLog,KeyboardUI/Update,"{""c"":""V"",""position"":{""x"":0.0,""y"":0.0},""angle"":3.1415927410125734,""size_dots"":{""x"":0.0,""y"":0.0},""size_mm"":10.0}"
2025/12/01 20:34:05:795090,Front,KeyLog,KeyboardUI/Update,"{""c"":""B"",""position"":{""x"":0.0,""y"":0.0},""angle"":3.1415927410125734,""size_dots"":{""x"":0.0,""y"":0.0},""size_mm"":10.0}"
2025/12/01 20:34:05:796616,Front,KeyLog,KeyboardUI/Update,"{""c"":""N"",""position"":{""x"":0.0,""y"":0.0},""angle"":3.1415927410125734,""size_dots"":{""x"":0.0,""y"":0.0},""size_mm"":10.0}"
2025/12/01 20:34:05:797126,Front,KeyLog,KeyboardUI/Update,"{""c"":""M"",""position"":{""x"":0.0,""y"":0.0},""angle"":3.1415927410125734,""size_dots"":{""x"":0.0,""y"":0.0},""size_mm"":10.0}"
2025/12/01 20:34:05:797126,Front,KeyLog,KeyboardUI/Update,"{""c"":""#"",""position"":{""x"":0.0,""y"":0.0},""angle"":3.1415927410125734,""size_dots"":{""x"":0.0,""y"":0.0},""size_mm"":13.800000190734864}"
2025/12/01 20:34:05:798137,Front,KeyLog,KeyboardUI/Update,"{""c"":""&"",""position"":{""x"":0.0,""y"":0.0},""angle"":3.1415927410125734,""size_dots"":{""x"":0.0,""y"":0.0},""size_mm"":13.800000190734864}"
2025/12/01 20:34:05:799152,Front,KeyLog,KeyboardUI/Update,"{""c"":""%"",""position"":{""x"":0.0,""y"":0.0},""angle"":3.1415927410125734,""size_dots"":{""x"":0.0,""y"":0.0},""size_mm"":13.800000190734864}"
2025/12/01 20:34:05:832050,Front,ARMarkerLog,ARMarkerDetector/Update,"{""position"":[0.0,0.0],""angle"":0.0}"
2025/12/01 20:34:05:840171,Front,KeyLog,KeyboardUI/Update,"{""c"":""Q"",""position"":{""x"":0.0,""y"":0.0},""angle"":3.1415927410125734,""size_dots"":{""x"":0.0,""y"":0.0},""size_mm"":10.0}"
2025/12/01 20:34:05:841200,Front,KeyLog,KeyboardUI/Update,"{""c"":""W"",""position"":{""x"":0.0,""y"":0.0},""angle"":3.1415927410125734,""size_dots"":{""x"":0.0,""y"":0.0},""size_mm"":10.0}"
2025/12/01 20:34:05:841200,Front,KeyLog,KeyboardUI/Update,"{""c"":""E"",""position"":{""x"":0.0,""y"":0.0},""angle"":3.1415927410125734,""size_dots"":{""x"":0.0,""y"":0.0},""size_mm"":10.0}"
2025/12/01 20:34:05:843223,Front,KeyLog,KeyboardUI/Update,"{""c"":""R"",""position"":{""x"":0.0,""y"":0.0},""angle"":3.1415927410125734,""size_dots"":{""x"":0.0,""y"":0.0},""size_mm"":10.0}"
2025/12/01 20:34:05:844239,Front,KeyLog,KeyboardUI/Update,"{""c"":""T"",""position"":{""x"":0.0,""y"":0.0},""angle"":3.1415927410125734,""size_dots"":{""x"":0.0,""y"":0.0},""size_mm"":10.0}"
2025/12/01 20:34:05:845247,Front,KeyLog,KeyboardUI/Update,"{""c"":""Y"",""position"":{""x"":0.0,""y"":0.0},""angle"":3.1415927410125734,""size_dots"":{""x"":0.0,""y"":0.0},""size_mm"":10.0}"
2025/12/01 20:34:05:845247,Front,KeyLog,KeyboardUI/Update,"{""c"":""U"",""position"":{""x"":0.0,""y"":0.0},""angle"":3.1415927410125734,""size_dots"":{""x"":0.0,""y"":0.0},""size_mm"":10.0}"
2025/12/01 20:34:05:845247,Front,KeyLog,KeyboardUI/Update,"{""c"":""I"",""position"":{""x"":0.0,""y"":0.0},""angle"":3.1415927410125734,""size_dots"":{""x"":0.0,""y"":0.0},""size_mm"":10.0}"
2025/12/01 20:34:05:845247,Front,KeyLog,KeyboardUI/Update,"{""c"":""O"",""position"":{""x"":0.0,""y"":0.0},""angle"":3.1415927410125734,""size_dots"":{""x"":0.0,""y"":0.0},""size_mm"":10.0}"
2025/12/01 20:34:05:845247,Front,KeyLog,KeyboardUI/Update,"{""c"":""P"",""position"":{""x"":0.0,""y"":0.0},""angle"":3.1415927410125734,""size_dots"":{""x"":0.0,""y"":0.0},""size_mm"":10.0}"
2025/12/01 20:34:05:845247,Front,KeyLog,KeyboardUI/Update,"{""c"":""A"",""position"":{""x"":0.0,""y"":0.0},""angle"":3.1415927410125734,""size_dots"":{""x"":0.0,""y"":0.0},""size_mm"":10.0}"
2025/12/01 20:34:05:846258,Front,KeyLog,KeyboardUI/Update,"{""c"":""S"",""position"":{""x"":0.0,""y"":0.0},""angle"":3.1415927410125734,""size_dots"":{""x"":0.0,""y"":0.0},""size_mm"":10.0}"
2025/12/01 20:34:05:846258,Front,KeyLog,KeyboardUI/Update,"{""c"":""D"",""position"":{""x"":0.0,""y"":0.0},""angle"":3.1415927410125734,""size_dots"":{""x"":0.0,""y"":0.0},""size_mm"":10.0}"
2025/12/01 20:34:05:847279,Front,KeyLog,KeyboardUI/Update,"{""c"":""F"",""position"":{""x"":0.0,""y"":0.0},""angle"":3.1415927410125734,""size_dots"":{""x"":0.0,""y"":0.0},""size_mm"":10.0}"
2025/12/01 20:34:05:848291,Front,KeyLog,KeyboardUI/Update,"{""c"":""G"",""position"":{""x"":0.0,""y"":0.0},""angle"":3.1415927410125734,""size_dots"":{""x"":0.0,""y"":0.0},""size_mm"":10.0}"
2025/12/01 20:34:05:849300,Front,KeyLog,KeyboardUI/Update,"{""c"":""H"",""position"":{""x"":0.0,""y"":0.0},""angle"":3.1415927410125734,""size_dots"":{""x"":0.0,""y"":0.0},""size_mm"":10.0}"
2025/12/01 20:34:05:849300,Front,KeyLog,KeyboardUI/Update,"{""c"":""J"",""position"":{""x"":0.0,""y"":0.0},""angle"":3.1415927410125734,""size_dots"":{""x"":0.0,""y"":0.0},""size_mm"":10.0}"
2025/12/01 20:34:05:850318,Front,KeyLog,KeyboardUI/Update,"{""c"":""K"",""position"":{""x"":0.0,""y"":0.0},""angle"":3.1415927410125734,""size_dots"":{""x"":0.0,""y"":0.0},""size_mm"":10.0}"
2025/12/01 20:34:05:851328,Front,KeyLog,KeyboardUI/Update,"{""c"":""L"",""position"":{""x"":0.0,""y"":0.0},""angle"":3.1415927410125734,""size_dots"":{""x"":0.0,""y"":0.0},""size_mm"":10.0}"
2025/12/01 20:34:05:852345,Front,KeyLog,KeyboardUI/Update,"{""c"":""Z"",""position"":{""x"":0.0,""y"":0.0},""angle"":3.1415927410125734,""size_dots"":{""x"":0.0,""y"":0.0},""size_mm"":10.0}"
2025/12/01 20:34:05:853355,Front,KeyLog,KeyboardUI/Update,"{""c"":""X"",""position"":{""x"":0.0,""y"":0.0},""angle"":3.1415927410125734,""size_dots"":{""x"":0.0,""y"":0.0},""size_mm"":10.0}"
2025/12/01 20:34:05:854366,Front,KeyLog,KeyboardUI/Update,"{""c"":""C"",""position"":{""x"":0.0,""y"":0.0},""angle"":3.1415927410125734,""size_dots"":{""x"":0.0,""y"":0.0},""size_mm"":10.0}"
2025/12/01 20:34:05:855374,Front,KeyLog,KeyboardUI/Update,"{""c"":""V"",""position"":{""x"":0.0,""y"":0.0},""angle"":3.1415927410125734,""size_dots"":{""x"":0.0,""y"":0.0},""size_mm"":10.0}"
2025/12/01 20:34:05:855374,Front,KeyLog,KeyboardUI/Update,"{""c"":""B"",""position"":{""x"":0.0,""y"":0.0},""angle"":3.1415927410125734,""size_dots"":{""x"":0.0,""y"":0.0},""size_mm"":10.0}"
2025/12/01 20:34:05:856412,Front,KeyLog,KeyboardUI/Update,"{""c"":""N"",""position"":{""x"":0.0,""y"":0.0},""angle"":3.1415927410125734,""size_dots"":{""x"":0.0,""y"":0.0},""size_mm"":10.0}"
2025/12/01 20:34:05:856412,Front,KeyLog,KeyboardUI/Update,"{""c"":""M"",""position"":{""x"":0.0,""y"":0.0},""angle"":3.1415927410125734,""size_dots"":{""x"":0.0,""y"":0.0},""size_mm"":10.0}"
2025/12/01 20:34:05:856412,Front,KeyLog,KeyboardUI/Update,"{""c"":""#"",""position"":{""x"":0.0,""y"":0.0},""angle"":3.1415927410125734,""size_dots"":{""x"":0.0,""y"":0.0},""size_mm"":13.800000190734864}"
2025/12/01 20:34:05:857435,Front,KeyLog,KeyboardUI/Update,"{""c"":""&"",""position"":{""x"":0.0,""y"":0.0},""angle"":3.1415927410125734,""size_dots"":{""x"":0.0,""y"":0.0},""size_mm"":13.800000190734864}"
2025/12/01 20:34:05:858446,Front,KeyLog,KeyboardUI/Update,"{""c"":""%"",""position"":{""x"":0.0,""y"":0.0},""angle"":3.1415927410125734,""size_dots"":{""x"":0.0,""y"":0.0},""size_mm"":13.800000190734864}"
2025/12/01 20:34:05:889354,Front,ARMarkerLog,ARMarkerDetector/Update,"{""position"":[0.0,0.0],""angle"":0.0}"
2025/12/01 20:34:05:903765,Front,KeyLog,KeyboardUI/Update,"{""c"":""Q"",""position"":{""x"":0.0,""y"":0.0},""angle"":3.1415927410125734,""size_dots"":{""x"":0.0,""y"":0.0},""size_mm"":10.0}"
2025/12/01 20:34:05:905785,Front,KeyLog,KeyboardUI/Update,"{""c"":""W"",""position"":{""x"":0.0,""y"":0.0},""angle"":3.1415927410125734,""size_dots"":{""x"":0.0,""y"":0.0},""size_mm"":10.0}"
2025/12/01 20:34:05:905785,Front,KeyLog,KeyboardUI/Update,"{""c"":""E"",""position"":{""x"":0.0,""y"":0.0},""angle"":3.1415927410125734,""size_dots"":{""x"":0.0,""y"":0.0},""size_mm"":10.0}"
2025/12/01 20:34:05:905785,Front,KeyLog,KeyboardUI/Update,"{""c"":""R"",""position"":{""x"":0.0,""y"":0.0},""angle"":3.1415927410125734,""size_dots"":{""x"":0.0,""y"":0.0},""size_mm"":10.0}"
2025/12/01 20:34:05:907288,Front,KeyLog,KeyboardUI/Update,"{""c"":""T"",""position"":{""x"":0.0,""y"":0.0},""angle"":3.1415927410125734,""size_dots"":{""x"":0.0,""y"":0.0},""size_mm"":10.0}"
2025/12/01 20:34:05:908300,Front,KeyLog,KeyboardUI/Update,"{""c"":""Y"",""position"":{""x"":0.0,""y"":0.0},""angle"":3.1415927410125734,""size_dots"":{""x"":0.0,""y"":0.0},""size_mm"":10.0}"
2025/12/01 20:34:05:909315,Front,KeyLog,KeyboardUI/Update,"{""c"":""U"",""position"":{""x"":0.0,""y"":0.0},""angle"":3.1415927410125734,""size_dots"":{""x"":0.0,""y"":0.0},""size_mm"":10.0}"
2025/12/01 20:34:05:910330,Front,KeyLog,KeyboardUI/Update,"{""c"":""I"",""position"":{""x"":0.0,""y"":0.0},""angle"":3.1415927410125734,""size_dots"":{""x"":0.0,""y"":0.0},""size_mm"":10.0}"
2025/12/01 20:34:05:911340,Front,KeyLog,KeyboardUI/Update,"{""c"":""O"",""position"":{""x"":0.0,""y"":0.0},""angle"":3.1415927410125734,""size_dots"":{""x"":0.0,""y"":0.0},""size_mm"":10.0}"
2025/12/01 20:34:05:911340,Front,KeyLog,KeyboardUI/Update,"{""c"":""P"",""position"":{""x"":0.0,""y"":0.0},""angle"":3.1415927410125734,""size_dots"":{""x"":0.0,""y"":0.0},""size_mm"":10.0}"
2025/12/01 20:34:05:912352,Front,KeyLog,KeyboardUI/Update,"{""c"":""A"",""position"":{""x"":0.0,""y"":0.0},""angle"":3.1415927410125734,""size_dots"":{""x"":0.0,""y"":0.0},""size_mm"":10.0}"
2025/12/01 20:34:05:913361,Front,KeyLog,KeyboardUI/Update,"{""c"":""S"",""position"":{""x"":0.0,""y"":0.0},""angle"":3.1415927410125734,""size_dots"":{""x"":0.0,""y"":0.0},""size_mm"":10.0}"
2025/12/01 20:34:05:914371,Front,KeyLog,KeyboardUI/Update,"{""c"":""D"",""position"":{""x"":0.0,""y"":0.0},""angle"":3.1415927410125734,""size_dots"":{""x"":0.0,""y"":0.0},""size_mm"":10.0}"
2025/12/01 20:34:05:915381,Front,KeyLog,KeyboardUI/Update,"{""c"":""F"",""position"":{""x"":0.0,""y"":0.0},""angle"":3.1415927410125734,""size_dots"":{""x"":0.0,""y"":0.0},""size_mm"":10.0}"
2025/12/01 20:34:05:917447,Front,KeyLog,KeyboardUI/Update,"{""c"":""G"",""position"":{""x"":0.0,""y"":0.0},""angle"":3.1415927410125734,""size_dots"":{""x"":0.0,""y"":0.0},""size_mm"":10.0}"
2025/12/01 20:34:05:918459,Front,KeyLog,KeyboardUI/Update,"{""c"":""H"",""position"":{""x"":0.0,""y"":0.0},""angle"":3.1415927410125734,""size_dots"":{""x"":0.0,""y"":0.0},""size_mm"":10.0}"
2025/12/01 20:34:05:919474,Front,KeyLog,KeyboardUI/Update,"{""c"":""J"",""position"":{""x"":0.0,""y"":0.0},""angle"":3.1415927410125734,""size_dots"":{""x"":0.0,""y"":0.0},""size_mm"":10.0}"
2025/12/01 20:34:05:920485,Front,KeyLog,KeyboardUI/Update,"{""c"":""K"",""position"":{""x"":0.0,""y"":0.0},""angle"":3.1415927410125734,""size_dots"":{""x"":0.0,""y"":0.0},""size_mm"":10.0}"
2025/12/01 20:34:05:922504,Front,KeyLog,KeyboardUI/Update,"{""c"":""L"",""position"":{""x"":0.0,""y"":0.0},""angle"":3.1415927410125734,""size_dots"":{""x"":0.0,""y"":0.0},""size_mm"":10.0}"
2025/12/01 20:34:05:923557,Front,KeyLog,KeyboardUI/Update,"{""c"":""Z"",""position"":{""x"":0.0,""y"":0.0},""angle"":3.1415927410125734,""size_dots"":{""x"":0.0,""y"":0.0},""size_mm"":10.0}"
2025/12/01 20:34:05:924570,Front,KeyLog,KeyboardUI/Update,"{""c"":""X"",""position"":{""x"":0.0,""y"":0.0},""angle"":3.1415927410125734,""size_dots"":{""x"":0.0,""y"":0.0},""size_mm"":10.0}"
2025/12/01 20:34:05:927085,Front,KeyLog,KeyboardUI/Update,"{""c"":""C"",""position"":{""x"":0.0,""y"":0.0},""angle"":3.1415927410125734,""size_dots"":{""x"":0.0,""y"":0.0},""size_mm"":10.0}"
2025/12/01 20:34:05:928098,Front,KeyLog,KeyboardUI/Update,"{""c"":""V"",""position"":{""x"":0.0,""y"":0.0},""angle"":3.1415927410125734,""size_dots"":{""x"":0.0,""y"":0.0},""size_mm"":10.0}"
2025/12/01 20:34:05:929111,Front,KeyLog,KeyboardUI/Update,"{""c"":""B"",""position"":{""x"":0.0,""y"":0.0},""angle"":3.1415927410125734,""size_dots"":{""x"":0.0,""y"":0.0},""size_mm"":10.0}"
2025/12/01 20:34:05:930128,Front,KeyLog,KeyboardUI/Update,"{""c"":""N"",""position"":{""x"":0.0,""y"":0.0},""angle"":3.1415927410125734,""size_dots"":{""x"":0.0,""y"":0.0},""size_mm"":10.0}"
2025/12/01 20:34:05:931138,Front,KeyLog,KeyboardUI/Update,"{""c"":""M"",""position"":{""x"":0.0,""y"":0.0},""angle"":3.1415927410125734,""size_dots"":{""x"":0.0,""y"":0.0},""size_mm"":10.0}"
2025/12/01 20:34:05:933172,Front,KeyLog,KeyboardUI/Update,"{""c"":""#"",""position"":{""x"":0.0,""y"":0.0},""angle"":3.1415927410125734,""size_dots"":{""x"":0.0,""y"":0.0},""size_mm"":13.800000190734864}"
2025/12/01 20:34:05:934182,Front,KeyLog,KeyboardUI/Update,"{""c"":""&"",""position"":{""x"":0.0,""y"":0.0},""angle"":3.1415927410125734,""size_dots"":{""x"":0.0,""y"":0.0},""size_mm"":13.800000190734864}"
2025/12/01 20:34:05:934182,Front,KeyLog,KeyboardUI/Update,"{""c"":""%"",""position"":{""x"":0.0,""y"":0.0},""angle"":3.1415927410125734,""size_dots"":{""x"":0.0,""y"":0.0},""size_mm"":13.800000190734864}"
2025/12/01 20:34:05:979296,Front,ARMarkerLog,ARMarkerDetector/Update,"{""position"":[0.0,0.0],""angle"":0.0}"
2025/12/01 20:34:05:992521,Front,KeyLog,KeyboardUI/Update,"{""c"":""Q"",""position"":{""x"":0.0,""y"":0.0},""angle"":3.1415927410125734,""size_dots"":{""x"":0.0,""y"":0.0},""size_mm"":10.0}"
2025/12/01 20:34:05:994557,Front,KeyLog,KeyboardUI/Update,"{""c"":""W"",""position"":{""x"":0.0,""y"":0.0},""angle"":3.1415927410125734,""size_dots"":{""x"":0.0,""y"":0.0},""size_mm"":10.0}"
2025/12/01 20:34:05:995566,Front,KeyLog,KeyboardUI/Update,"{""c"":""E"",""position"":{""x"":0.0,""y"":0.0},""angle"":3.1415927410125734,""size_dots"":{""x"":0.0,""y"":0.0},""size_mm"":10.0}"
2025/12/01 20:34:05:997069,Front,KeyLog,KeyboardUI/Update,"{""c"":""R"",""position"":{""x"":0.0,""y"":0.0},""angle"":3.1415927410125734,""size_dots"":{""x"":0.0,""y"":0.0},""size_mm"":10.0}"
2025/12/01 20:34:05:998079,Front,KeyLog,KeyboardUI/Update,"{""c"":""T"",""position"":{""x"":0.0,""y"":0.0},""angle"":3.1415927410125734,""size_dots"":{""x"":0.0,""y"":0.0},""size_mm"":10.0}"
2025/12/01 20:34:05:999093,Front,KeyLog,KeyboardUI/Update,"{""c"":""Y"",""position"":{""x"":0.0,""y"":0.0},""angle"":3.1415927410125734,""size_dots"":{""x"":0.0,""y"":0.0},""size_mm"":10.0}"
2025/12/01 20:34:06:000102,Front,KeyLog,KeyboardUI/Update,"{""c"":""U"",""position"":{""x"":0.0,""y"":0.0},""angle"":3.1415927410125734,""size_dots"":{""x"":0.0,""y"":0.0},""size_mm"":10.0}"
2025/12/01 20:34:06:001112,Front,KeyLog,KeyboardUI/Update,"{""c"":""I"",""position"":{""x"":0.0,""y"":0.0},""angle"":3.1415927410125734,""size_dots"":{""x"":0.0,""y"":0.0},""size_mm"":10.0}"
2025/12/01 20:34:06:001112,Front,KeyLog,KeyboardUI/Update,"{""c"":""O"",""position"":{""x"":0.0,""y"":0.0},""angle"":3.1415927410125734,""size_dots"":{""x"":0.0,""y"":0.0},""size_mm"":10.0}"
2025/12/01 20:34:06:002126,Front,KeyLog,KeyboardUI/Update,"{""c"":""P"",""position"":{""x"":0.0,""y"":0.0},""angle"":3.1415927410125734,""size_dots"":{""x"":0.0,""y"":0.0},""size_mm"":10.0}"
2025/12/01 20:34:06:003136,Front,KeyLog,KeyboardUI/Update,"{""c"":""A"",""position"":{""x"":0.0,""y"":0.0},""angle"":3.1415927410125734,""size_dots"":{""x"":0.0,""y"":0.0},""size_mm"":10.0}"
2025/12/01 20:34:06:005158,Front,KeyLog,KeyboardUI/Update,"{""c"":""S"",""position"":{""x"":0.0,""y"":0.0},""angle"":3.1415927410125734,""size_dots"":{""x"":0.0,""y"":0.0},""size_mm"":10.0}"
2025/12/01 20:34:06:006168,Front,KeyLog,KeyboardUI/Update,"{""c"":""D"",""position"":{""x"":0.0,""y"":0.0},""angle"":3.1415927410125734,""size_dots"":{""x"":0.0,""y"":0.0},""size_mm"":10.0}"
2025/12/01 20:34:06:007184,Front,KeyLog,KeyboardUI/Update,"{""c"":""F"",""position"":{""x"":0.0,""y"":0.0},""angle"":3.1415927410125734,""size_dots"":{""x"":0.0,""y"":0.0},""size_mm"":10.0}"
2025/12/01 20:34:06:009236,Front,KeyLog,KeyboardUI/Update,"{""c"":""G"",""position"":{""x"":0.0,""y"":0.0},""angle"":3.1415927410125734,""size_dots"":{""x"":0.0,""y"":0.0},""size_mm"":10.0}"
2025/12/01 20:34:06:010248,Front,KeyLog,KeyboardUI/Update,"{""c"":""H"",""position"":{""x"":0.0,""y"":0.0},""angle"":3.1415927410125734,""size_dots"":{""x"":0.0,""y"":0.0},""size_mm"":10.0}"
2025/12/01 20:34:06:011264,Front,KeyLog,KeyboardUI/Update,"{""c"":""J"",""position"":{""x"":0.0,""y"":0.0},""angle"":3.1415927410125734,""size_dots"":{""x"":0.0,""y"":0.0},""size_mm"":10.0}"
2025/12/01 20:34:06:011264,Front,KeyLog,KeyboardUI/Update,"{""c"":""K"",""position"":{""x"":0.0,""y"":0.0},""angle"":3.1415927410125734,""size_dots"":{""x"":0.0,""y"":0.0},""size_mm"":10.0}"
2025/12/01 20:34:06:011264,Front,KeyLog,KeyboardUI/Update,"{""c"":""L"",""position"":{""x"":0.0,""y"":0.0},""angle"":3.1415927410125734,""size_dots"":{""x"":0.0,""y"":0.0},""size_mm"":10.0}"
2025/12/01 20:34:06:011264,Front,KeyLog,KeyboardUI/Update,"{""c"":""Z"",""position"":{""x"":0.0,""y"":0.0},""angle"":3.1415927410125734,""size_dots"":{""x"":0.0,""y"":0.0},""size_mm"":10.0}"
2025/12/01 20:34:06:011264,Front,KeyLog,KeyboardUI/Update,"{""c"":""X"",""position"":{""x"":0.0,""y"":0.0},""angle"":3.1415927410125734,""size_dots"":{""x"":0.0,""y"":0.0},""size_mm"":10.0}"
2025/12/01 20:34:06:011264,Front,KeyLog,KeyboardUI/Update,"{""c"":""C"",""position"":{""x"":0.0,""y"":0.0},""angle"":3.1415927410125734,""size_dots"":{""x"":0.0,""y"":0.0},""size_mm"":10.0}"
2025/12/01 20:34:06:011264,Front,KeyLog,KeyboardUI/Update,"{""c"":""V"",""position"":{""x"":0.0,""y"":0.0},""angle"":3.1415927410125734,""size_dots"":{""x"":0.0,""y"":0.0},""size_mm"":10.0}"
2025/12/01 20:34:06:012281,Front,KeyLog,KeyboardUI/Update,"{""c"":""B"",""position"":{""x"":0.0,""y"":0.0},""angle"":3.1415927410125734,""size_dots"":{""x"":0.0,""y"":0.0},""size_mm"":10.0}"
2025/12/01 20:34:06:012281,Front,KeyLog,KeyboardUI/Update,"{""c"":""N"",""position"":{""x"":0.0,""y"":0.0},""angle"":3.1415927410125734,""size_dots"":{""x"":0.0,""y"":0.0},""size_mm"":10.0}"
2025/12/01 20:34:06:012281,Front,KeyLog,KeyboardUI/Update,"{""c"":""M"",""position"":{""x"":0.0,""y"":0.0},""angle"":3.1415927410125734,""size_dots"":{""x"":0.0,""y"":0.0},""size_mm"":10.0}"
2025/12/01 20:34:06:012281,Front,KeyLog,KeyboardUI/Update,"{""c"":""#"",""position"":{""x"":0.0,""y"":0.0},""angle"":3.1415927410125734,""size_dots"":{""x"":0.0,""y"":0.0},""size_mm"":13.800000190734864}"
2025/12/01 20:34:06:012281,Front,KeyLog,KeyboardUI/Update,"{""c"":""&"",""position"":{""x"":0.0,""y"":0.0},""angle"":3.1415927410125734,""size_dots"":{""x"":0.0,""y"":0.0},""size_mm"":13.800000190734864}"
2025/12/01 20:34:06:012281,Front,KeyLog,KeyboardUI/Update,"{""c"":""%"",""position"":{""x"":0.0,""y"":0.0},""angle"":3.1415927410125734,""size_dots"":{""x"":0.0,""y"":0.0},""size_mm"":13.800000190734864}"
2025/12/01 20:34:06:027492,Front,ARMarkerLog,ARMarkerDetector/Update,"{""position"":[0.0,0.0],""angle"":0.0}"
2025/12/01 20:34:06:045226,Front,KeyLog,KeyboardUI/Update,"{""c"":""Q"",""position"":{""x"":0.0,""y"":0.0},""angle"":3.1415927410125734,""size_dots"":{""x"":0.0,""y"":0.0},""size_mm"":10.0}"
2025/12/01 20:34:06:046754,Front,KeyLog,KeyboardUI/Update,"{""c"":""W"",""position"":{""x"":0.0,""y"":0.0},""angle"":3.1415927410125734,""size_dots"":{""x"":0.0,""y"":0.0},""size_mm"":10.0}"
2025/12/01 20:34:06:047350,Front,KeyLog,KeyboardUI/Update,"{""c"":""E"",""position"":{""x"":0.0,""y"":0.0},""angle"":3.1415927410125734,""size_dots"":{""x"":0.0,""y"":0.0},""size_mm"":10.0}"
2025/12/01 20:34:06:049860,Front,KeyLog,KeyboardUI/Update,"{""c"":""R"",""position"":{""x"":0.0,""y"":0.0},""angle"":3.1415927410125734,""size_dots"":{""x"":0.0,""y"":0.0},""size_mm"":10.0}"
2025/12/01 20:34:06:052913,Front,KeyLog,KeyboardUI/Update,"{""c"":""T"",""position"":{""x"":0.0,""y"":0.0},""angle"":3.1415927410125734,""size_dots"":{""x"":0.0,""y"":0.0},""size_mm"":10.0}"
2025/12/01 20:34:06:056206,Front,KeyLog,KeyboardUI/Update,"{""c"":""Y"",""position"":{""x"":0.0,""y"":0.0},""angle"":3.1415927410125734,""size_dots"":{""x"":0.0,""y"":0.0},""size_mm"":10.0}"
2025/12/01 20:34:06:059280,Front,KeyLog,KeyboardUI/Update,"{""c"":""U"",""position"":{""x"":0.0,""y"":0.0},""angle"":3.1415927410125734,""size_dots"":{""x"":0.0,""y"":0.0},""size_mm"":10.0}"
2025/12/01 20:34:06:061302,Front,KeyLog,KeyboardUI/Update,"{""c"":""I"",""position"":{""x"":0.0,""y"":0.0},""angle"":3.1415927410125734,""size_dots"":{""x"":0.0,""y"":0.0},""size_mm"":10.0}"
2025/12/01 20:34:06:061302,Front,KeyLog,KeyboardUI/Update,"{""c"":""O"",""position"":{""x"":0.0,""y"":0.0},""angle"":3.1415927410125734,""size_dots"":{""x"":0.0,""y"":0.0},""size_mm"":10.0}"
2025/12/01 20:34:06:063335,Front,KeyLog,KeyboardUI/Update,"{""c"":""P"",""position"":{""x"":0.0,""y"":0.0},""angle"":3.1415927410125734,""size_dots"":{""x"":0.0,""y"":0.0},""size_mm"":10.0}"
2025/12/01 20:34:06:064352,Front,KeyLog,KeyboardUI/Update,"{""c"":""A"",""position"":{""x"":0.0,""y"":0.0},""angle"":3.1415927410125734,""size_dots"":{""x"":0.0,""y"":0.0},""size_mm"":10.0}"
2025/12/01 20:34:06:066373,Front,KeyLog,KeyboardUI/Update,"{""c"":""S"",""position"":{""x"":0.0,""y"":0.0},""angle"":3.1415927410125734,""size_dots"":{""x"":0.0,""y"":0.0},""size_mm"":10.0}"
2025/12/01 20:34:06:069417,Front,KeyLog,KeyboardUI/Update,"{""c"":""D"",""position"":{""x"":0.0,""y"":0.0},""angle"":3.1415927410125734,""size_dots"":{""x"":0.0,""y"":0.0},""size_mm"":10.0}"
2025/12/01 20:34:06:071472,Front,KeyLog,KeyboardUI/Update,"{""c"":""F"",""position"":{""x"":0.0,""y"":0.0},""angle"":3.1415927410125734,""size_dots"":{""x"":0.0,""y"":0.0},""size_mm"":10.0}"
2025/12/01 20:34:06:072484,Front,KeyLog,KeyboardUI/Update,"{""c"":""G"",""position"":{""x"":0.0,""y"":0.0},""angle"":3.1415927410125734,""size_dots"":{""x"":0.0,""y"":0.0},""size_mm"":10.0}"
2025/12/01 20:34:06:073497,Front,KeyLog,KeyboardUI/Update,"{""c"":""H"",""position"":{""x"":0.0,""y"":0.0},""angle"":3.1415927410125734,""size_dots"":{""x"":0.0,""y"":0.0},""size_mm"":10.0}"
2025/12/01 20:34:06:074514,Front,KeyLog,KeyboardUI/Update,"{""c"":""J"",""position"":{""x"":0.0,""y"":0.0},""angle"":3.1415927410125734,""size_dots"":{""x"":0.0,""y"":0.0},""size_mm"":10.0}"
2025/12/01 20:34:06:074514,Front,KeyLog,KeyboardUI/Update,"{""c"":""K"",""position"":{""x"":0.0,""y"":0.0},""angle"":3.1415927410125734,""size_dots"":{""x"":0.0,""y"":0.0},""size_mm"":10.0}"
2025/12/01 20:34:06:075526,Front,KeyLog,KeyboardUI/Update,"{""c"":""L"",""position"":{""x"":0.0,""y"":0.0},""angle"":3.1415927410125734,""size_dots"":{""x"":0.0,""y"":0.0},""size_mm"":10.0}"
2025/12/01 20:34:06:075526,Front,KeyLog,KeyboardUI/Update,"{""c"":""Z"",""position"":{""x"":0.0,""y"":0.0},""angle"":3.1415927410125734,""size_dots"":{""x"":0.0,""y"":0.0},""size_mm"":10.0}"
2025/12/01 20:34:06:076525,Front,KeyLog,KeyboardUI/Update,"{""c"":""X"",""position"":{""x"":0.0,""y"":0.0},""angle"":3.1415927410125734,""size_dots"":{""x"":0.0,""y"":0.0},""size_mm"":10.0}"
2025/12/01 20:34:06:077028,Front,KeyLog,KeyboardUI/Update,"{""c"":""C"",""position"":{""x"":0.0,""y"":0.0},""angle"":3.1415927410125734,""size_dots"":{""x"":0.0,""y"":0.0},""size_mm"":10.0}"
2025/12/01 20:34:06:077028,Front,KeyLog,KeyboardUI/Update,"{""c"":""V"",""position"":{""x"":0.0,""y"":0.0},""angle"":3.1415927410125734,""size_dots"":{""x"":0.0,""y"":0.0},""size_mm"":10.0}"
2025/12/01 20:34:06:078037,Front,KeyLog,KeyboardUI/Update,"{""c"":""B"",""position"":{""x"":0.0,""y"":0.0},""angle"":3.1415927410125734,""size_dots"":{""x"":0.0,""y"":0.0},""size_mm"":10.0}"
2025/12/01 20:34:06:079050,Front,KeyLog,KeyboardUI/Update,"{""c"":""N"",""position"":{""x"":0.0,""y"":0.0},""angle"":3.1415927410125734,""size_dots"":{""x"":0.0,""y"":0.0},""size_mm"":10.0}"
2025/12/01 20:34:06:080060,Front,KeyLog,KeyboardUI/Update,"{""c"":""M"",""position"":{""x"":0.0,""y"":0.0},""angle"":3.1415927410125734,""size_dots"":{""x"":0.0,""y"":0.0},""size_mm"":10.0}"
2025/12/01 20:34:06:081069,Front,KeyLog,KeyboardUI/Update,"{""c"":""#"",""position"":{""x"":0.0,""y"":0.0},""angle"":3.1415927410125734,""size_dots"":{""x"":0.0,""y"":0.0},""size_mm"":13.800000190734864}"
2025/12/01 20:34:06:082079,Front,KeyLog,KeyboardUI/Update,"{""c"":""&"",""position"":{""x"":0.0,""y"":0.0},""angle"":3.1415927410125734,""size_dots"":{""x"":0.0,""y"":0.0},""size_mm"":13.800000190734864}"
2025/12/01 20:34:06:083089,Front,KeyLog,KeyboardUI/Update,"{""c"":""%"",""position"":{""x"":0.0,""y"":0.0},""angle"":3.1415927410125734,""size_dots"":{""x"":0.0,""y"":0.0},""size_mm"":13.800000190734864}"
2025/12/01 20:34:06:107459,Front,ARMarkerLog,ARMarkerDetector/Update,"{""position"":[0.0,0.0],""angle"":0.0}"
2025/12/01 20:34:06:121238,Front,KeyLog,KeyboardUI/Update,"{""c"":""Q"",""position"":{""x"":0.0,""y"":0.0},""angle"":3.1415927410125734,""size_dots"":{""x"":0.0,""y"":0.0},""size_mm"":10.0}"
2025/12/01 20:34:06:123257,Front,KeyLog,KeyboardUI/Update,"{""c"":""W"",""position"":{""x"":0.0,""y"":0.0},""angle"":3.1415927410125734,""size_dots"":{""x"":0.0,""y"":0.0},""size_mm"":10.0}"
2025/12/01 20:34:06:124267,Front,KeyLog,KeyboardUI/Update,"{""c"":""E"",""position"":{""x"":0.0,""y"":0.0},""angle"":3.1415927410125734,""size_dots"":{""x"":0.0,""y"":0.0},""size_mm"":10.0}"
2025/12/01 20:34:06:125276,Front,KeyLog,KeyboardUI/Update,"{""c"":""R"",""position"":{""x"":0.0,""y"":0.0},""angle"":3.1415927410125734,""size_dots"":{""x"":0.0,""y"":0.0},""size_mm"":10.0}"
2025/12/01 20:34:06:126288,Front,KeyLog,KeyboardUI/Update,"{""c"":""T"",""position"":{""x"":0.0,""y"":0.0},""angle"":3.1415927410125734,""size_dots"":{""x"":0.0,""y"":0.0},""size_mm"":10.0}"
2025/12/01 20:34:06:127435,Front,KeyLog,KeyboardUI/Update,"{""c"":""Y"",""position"":{""x"":0.0,""y"":0.0},""angle"":3.1415927410125734,""size_dots"":{""x"":0.0,""y"":0.0},""size_mm"":10.0}"
2025/12/01 20:34:06:130491,Front,KeyLog,KeyboardUI/Update,"{""c"":""U"",""position"":{""x"":0.0,""y"":0.0},""angle"":3.1415927410125734,""size_dots"":{""x"":0.0,""y"":0.0},""size_mm"":10.0}"
2025/12/01 20:34:06:133659,Front,KeyLog,KeyboardUI/Update,"{""c"":""I"",""position"":{""x"":0.0,""y"":0.0},""angle"":3.1415927410125734,""size_dots"":{""x"":0.0,""y"":0.0},""size_mm"":10.0}"
2025/12/01 20:34:06:137221,Front,KeyLog,KeyboardUI/Update,"{""c"":""O"",""position"":{""x"":0.0,""y"":0.0},""angle"":3.1415927410125734,""size_dots"":{""x"":0.0,""y"":0.0},""size_mm"":10.0}"
2025/12/01 20:34:06:137221,Front,KeyLog,KeyboardUI/Update,"{""c"":""P"",""position"":{""x"":0.0,""y"":0.0},""angle"":3.1415927410125734,""size_dots"":{""x"":0.0,""y"":0.0},""size_mm"":10.0}"
2025/12/01 20:34:06:142332,Front,KeyLog,KeyboardUI/Update,"{""c"":""A"",""position"":{""x"":0.0,""y"":0.0},""angle"":3.1415927410125734,""size_dots"":{""x"":0.0,""y"":0.0},""size_mm"":10.0}"
2025/12/01 20:34:06:148912,Front,KeyLog,KeyboardUI/Update,"{""c"":""S"",""position"":{""x"":0.0,""y"":0.0},""angle"":3.1415927410125734,""size_dots"":{""x"":0.0,""y"":0.0},""size_mm"":10.0}"
2025/12/01 20:34:06:151440,Front,KeyLog,KeyboardUI/Update,"{""c"":""D"",""position"":{""x"":0.0,""y"":0.0},""angle"":3.1415927410125734,""size_dots"":{""x"":0.0,""y"":0.0},""size_mm"":10.0}"
2025/12/01 20:34:06:153465,Front,KeyLog,KeyboardUI/Update,"{""c"":""F"",""position"":{""x"":0.0,""y"":0.0},""angle"":3.1415927410125734,""size_dots"":{""x"":0.0,""y"":0.0},""size_mm"":10.0}"
2025/12/01 20:34:06:154474,Front,KeyLog,KeyboardUI/Update,"{""c"":""G"",""position"":{""x"":0.0,""y"":0.0},""angle"":3.1415927410125734,""size_dots"":{""x"":0.0,""y"":0.0},""size_mm"":10.0}"
2025/12/01 20:34:06:156987,Front,KeyLog,KeyboardUI/Update,"{""c"":""H"",""position"":{""x"":0.0,""y"":0.0},""angle"":3.1415927410125734,""size_dots"":{""x"":0.0,""y"":0.0},""size_mm"":10.0}"
2025/12/01 20:34:06:157995,Front,KeyLog,KeyboardUI/Update,"{""c"":""J"",""position"":{""x"":0.0,""y"":0.0},""angle"":3.1415927410125734,""size_dots"":{""x"":0.0,""y"":0.0},""size_mm"":10.0}"
2025/12/01 20:34:06:159009,Front,KeyLog,KeyboardUI/Update,"{""c"":""K"",""position"":{""x"":0.0,""y"":0.0},""angle"":3.1415927410125734,""size_dots"":{""x"":0.0,""y"":0.0},""size_mm"":10.0}"
2025/12/01 20:34:06:160019,Front,KeyLog,KeyboardUI/Update,"{""c"":""L"",""position"":{""x"":0.0,""y"":0.0},""angle"":3.1415927410125734,""size_dots"":{""x"":0.0,""y"":0.0},""size_mm"":10.0}"
2025/12/01 20:34:06:161028,Front,KeyLog,KeyboardUI/Update,"{""c"":""Z"",""position"":{""x"":0.0,""y"":0.0},""angle"":3.1415927410125734,""size_dots"":{""x"":0.0,""y"":0.0},""size_mm"":10.0}"
2025/12/01 20:34:06:162039,Front,KeyLog,KeyboardUI/Update,"{""c"":""X"",""position"":{""x"":0.0,""y"":0.0},""angle"":3.1415927410125734,""size_dots"":{""x"":0.0,""y"":0.0},""size_mm"":10.0}"
2025/12/01 20:34:06:164089,Front,KeyLog,KeyboardUI/Update,"{""c"":""C"",""position"":{""x"":0.0,""y"":0.0},""angle"":3.1415927410125734,""size_dots"":{""x"":0.0,""y"":0.0},""size_mm"":10.0}"
2025/12/01 20:34:06:165104,Front,KeyLog,KeyboardUI/Update,"{""c"":""V"",""position"":{""x"":0.0,""y"":0.0},""angle"":3.1415927410125734,""size_dots"":{""x"":0.0,""y"":0.0},""size_mm"":10.0}"
2025/12/01 20:34:06:167136,Front,KeyLog,KeyboardUI/Update,"{""c"":""B"",""position"":{""x"":0.0,""y"":0.0},""angle"":3.1415927410125734,""size_dots"":{""x"":0.0,""y"":0.0},""size_mm"":10.0}"
2025/12/01 20:34:06:170173,Front,KeyLog,KeyboardUI/Update,"{""c"":""N"",""position"":{""x"":0.0,""y"":0.0},""angle"":3.1415927410125734,""size_dots"":{""x"":0.0,""y"":0.0},""size_mm"":10.0}"
2025/12/01 20:34:06:172203,Front,KeyLog,KeyboardUI/Update,"{""c"":""M"",""position"":{""x"":0.0,""y"":0.0},""angle"":3.1415927410125734,""size_dots"":{""x"":0.0,""y"":0.0},""size_mm"":10.0}"
2025/12/01 20:34:06:174233,Front,KeyLog,KeyboardUI/Update,"{""c"":""#"",""position"":{""x"":0.0,""y"":0.0},""angle"":3.1415927410125734,""size_dots"":{""x"":0.0,""y"":0.0},""size_mm"":13.800000190734864}"
2025/12/01 20:34:06:177290,Front,KeyLog,KeyboardUI/Update,"{""c"":""&"",""position"":{""x"":0.0,""y"":0.0},""angle"":3.1415927410125734,""size_dots"":{""x"":0.0,""y"":0.0},""size_mm"":13.800000190734864}"
2025/12/01 20:34:06:179339,Front,KeyLog,KeyboardUI/Update,"{""c"":""%"",""position"":{""x"":0.0,""y"":0.0},""angle"":3.1415927410125734,""size_dots"":{""x"":0.0,""y"":0.0},""size_mm"":13.800000190734864}"
2025/12/01 20:34:06:247256,Front,ARMarkerLog,ARMarkerDetector/Update,"{""position"":[0.0,0.0],""angle"":0.0}"
2025/12/01 20:34:06:257492,Front,KeyLog,KeyboardUI/Update,"{""c"":""Q"",""position"":{""x"":0.0,""y"":0.0},""angle"":3.1415927410125734,""size_dots"":{""x"":0.0,""y"":0.0},""size_mm"":10.0}"
2025/12/01 20:34:06:259536,Front,KeyLog,KeyboardUI/Update,"{""c"":""W"",""position"":{""x"":0.0,""y"":0.0},""angle"":3.1415927410125734,""size_dots"":{""x"":0.0,""y"":0.0},""size_mm"":10.0}"
2025/12/01 20:34:06:259536,Front,KeyLog,KeyboardUI/Update,"{""c"":""E"",""position"":{""x"":0.0,""y"":0.0},""angle"":3.1415927410125734,""size_dots"":{""x"":0.0,""y"":0.0},""size_mm"":10.0}"
2025/12/01 20:34:06:261555,Front,KeyLog,KeyboardUI/Update,"{""c"":""R"",""position"":{""x"":0.0,""y"":0.0},""angle"":3.1415927410125734,""size_dots"":{""x"":0.0,""y"":0.0},""size_mm"":10.0}"
2025/12/01 20:34:06:261555,Front,KeyLog,KeyboardUI/Update,"{""c"":""T"",""position"":{""x"":0.0,""y"":0.0},""angle"":3.1415927410125734,""size_dots"":{""x"":0.0,""y"":0.0},""size_mm"":10.0}"
2025/12/01 20:34:06:261555,Front,KeyLog,KeyboardUI/Update,"{""c"":""Y"",""position"":{""x"":0.0,""y"":0.0},""angle"":3.1415927410125734,""size_dots"":{""x"":0.0,""y"":0.0},""size_mm"":10.0}"
2025/12/01 20:34:06:262567,Front,KeyLog,KeyboardUI/Update,"{""c"":""U"",""position"":{""x"":0.0,""y"":0.0},""angle"":3.1415927410125734,""size_dots"":{""x"":0.0,""y"":0.0},""size_mm"":10.0}"
2025/12/01 20:34:06:263578,Front,KeyLog,KeyboardUI/Update,"{""c"":""I"",""position"":{""x"":0.0,""y"":0.0},""angle"":3.1415927410125734,""size_dots"":{""x"":0.0,""y"":0.0},""size_mm"":10.0}"
2025/12/01 20:34:06:264640,Front,KeyLog,KeyboardUI/Update,"{""c"":""O"",""position"":{""x"":0.0,""y"":0.0},""angle"":3.1415927410125734,""size_dots"":{""x"":0.0,""y"":0.0},""size_mm"":10.0}"
2025/12/01 20:34:06:265644,Front,KeyLog,KeyboardUI/Update,"{""c"":""P"",""position"":{""x"":0.0,""y"":0.0},""angle"":3.1415927410125734,""size_dots"":{""x"":0.0,""y"":0.0},""size_mm"":10.0}"
2025/12/01 20:34:06:267147,Front,KeyLog,KeyboardUI/Update,"{""c"":""A"",""position"":{""x"":0.0,""y"":0.0},""angle"":3.1415927410125734,""size_dots"":{""x"":0.0,""y"":0.0},""size_mm"":10.0}"
2025/12/01 20:34:06:268158,Front,KeyLog,KeyboardUI/Update,"{""c"":""S"",""position"":{""x"":0.0,""y"":0.0},""angle"":3.1415927410125734,""size_dots"":{""x"":0.0,""y"":0.0},""size_mm"":10.0}"
2025/12/01 20:34:06:269169,Front,KeyLog,KeyboardUI/Update,"{""c"":""D"",""position"":{""x"":0.0,""y"":0.0},""angle"":3.1415927410125734,""size_dots"":{""x"":0.0,""y"":0.0},""size_mm"":10.0}"
2025/12/01 20:34:06:271257,Front,KeyLog,KeyboardUI/Update,"{""c"":""F"",""position"":{""x"":0.0,""y"":0.0},""angle"":3.1415927410125734,""size_dots"":{""x"":0.0,""y"":0.0},""size_mm"":10.0}"
2025/12/01 20:34:06:273280,Front,KeyLog,KeyboardUI/Update,"{""c"":""G"",""position"":{""x"":0.0,""y"":0.0},""angle"":3.1415927410125734,""size_dots"":{""x"":0.0,""y"":0.0},""size_mm"":10.0}"
2025/12/01 20:34:06:273280,Front,KeyLog,KeyboardUI/Update,"{""c"":""H"",""position"":{""x"":0.0,""y"":0.0},""angle"":3.1415927410125734,""size_dots"":{""x"":0.0,""y"":0.0},""size_mm"":10.0}"
2025/12/01 20:34:06:273280,Front,KeyLog,KeyboardUI/Update,"{""c"":""J"",""position"":{""x"":0.0,""y"":0.0},""angle"":3.1415927410125734,""size_dots"":{""x"":0.0,""y"":0.0},""size_mm"":10.0}"
2025/12/01 20:34:06:273280,Front,KeyLog,KeyboardUI/Update,"{""c"":""K"",""position"":{""x"":0.0,""y"":0.0},""angle"":3.1415927410125734,""size_dots"":{""x"":0.0,""y"":0.0},""size_mm"":10.0}"
2025/12/01 20:34:06:274290,Front,KeyLog,KeyboardUI/Update,"{""c"":""L"",""position"":{""x"":0.0,""y"":0.0},""angle"":3.1415927410125734,""size_dots"":{""x"":0.0,""y"":0.0},""size_mm"":10.0}"
2025/12/01 20:34:06:275299,Front,KeyLog,KeyboardUI/Update,"{""c"":""Z"",""position"":{""x"":0.0,""y"":0.0},""angle"":3.1415927410125734,""size_dots"":{""x"":0.0,""y"":0.0},""size_mm"":10.0}"
2025/12/01 20:34:06:275299,Front,KeyLog,KeyboardUI/Update,"{""c"":""X"",""position"":{""x"":0.0,""y"":0.0},""angle"":3.1415927410125734,""size_dots"":{""x"":0.0,""y"":0.0},""size_mm"":10.0}"
2025/12/01 20:34:06:276311,Front,KeyLog,KeyboardUI/Update,"{""c"":""C"",""position"":{""x"":0.0,""y"":0.0},""angle"":3.1415927410125734,""size_dots"":{""x"":0.0,""y"":0.0},""size_mm"":10.0}"
2025/12/01 20:34:06:276819,Front,KeyLog,KeyboardUI/Update,"{""c"":""V"",""position"":{""x"":0.0,""y"":0.0},""angle"":3.1415927410125734,""size_dots"":{""x"":0.0,""y"":0.0},""size_mm"":10.0}"
2025/12/01 20:34:06:276819,Front,KeyLog,KeyboardUI/Update,"{""c"":""B"",""position"":{""x"":0.0,""y"":0.0},""angle"":3.1415927410125734,""size_dots"":{""x"":0.0,""y"":0.0},""size_mm"":10.0}"
2025/12/01 20:34:06:276819,Front,KeyLog,KeyboardUI/Update,"{""c"":""N"",""position"":{""x"":0.0,""y"":0.0},""angle"":3.1415927410125734,""size_dots"":{""x"":0.0,""y"":0.0},""size_mm"":10.0}"
2025/12/01 20:34:06:276819,Front,KeyLog,KeyboardUI/Update,"{""c"":""M"",""position"":{""x"":0.0,""y"":0.0},""angle"":3.1415927410125734,""size_dots"":{""x"":0.0,""y"":0.0},""size_mm"":10.0}"
2025/12/01 20:34:06:277327,Front,KeyLog,KeyboardUI/Update,"{""c"":""#"",""position"":{""x"":0.0,""y"":0.0},""angle"":3.1415927410125734,""size_dots"":{""x"":0.0,""y"":0.0},""size_mm"":13.800000190734864}"
2025/12/01 20:34:06:278339,Front,KeyLog,KeyboardUI/Update,"{""c"":""&"",""position"":{""x"":0.0,""y"":0.0},""angle"":3.1415927410125734,""size_dots"":{""x"":0.0,""y"":0.0},""size_mm"":13.800000190734864}"
2025/12/01 20:34:06:278339,Front,KeyLog,KeyboardUI/Update,"{""c"":""%"",""position"":{""x"":0.0,""y"":0.0},""angle"":3.1415927410125734,""size_dots"":{""x"":0.0,""y"":0.0},""size_mm"":13.800000190734864}"
2025/12/01 20:34:06:305172,Front,ARMarkerLog,ARMarkerDetector/Update,"{""position"":[0.0,0.0],""angle"":0.0}"
2025/12/01 20:34:06:318356,Front,KeyLog,KeyboardUI/Update,"{""c"":""Q"",""position"":{""x"":0.0,""y"":0.0},""angle"":3.1415927410125734,""size_dots"":{""x"":0.0,""y"":0.0},""size_mm"":10.0}"
2025/12/01 20:34:06:319367,Front,KeyLog,KeyboardUI/Update,"{""c"":""W"",""position"":{""x"":0.0,""y"":0.0},""angle"":3.1415927410125734,""size_dots"":{""x"":0.0,""y"":0.0},""size_mm"":10.0}"
2025/12/01 20:34:06:321391,Front,KeyLog,KeyboardUI/Update,"{""c"":""E"",""position"":{""x"":0.0,""y"":0.0},""angle"":3.1415927410125734,""size_dots"":{""x"":0.0,""y"":0.0},""size_mm"":10.0}"
2025/12/01 20:34:06:322399,Front,KeyLog,KeyboardUI/Update,"{""c"":""R"",""position"":{""x"":0.0,""y"":0.0},""angle"":3.1415927410125734,""size_dots"":{""x"":0.0,""y"":0.0},""size_mm"":10.0}"
2025/12/01 20:34:06:323410,Front,KeyLog,KeyboardUI/Update,"{""c"":""T"",""position"":{""x"":0.0,""y"":0.0},""angle"":3.1415927410125734,""size_dots"":{""x"":0.0,""y"":0.0},""size_mm"":10.0}"
2025/12/01 20:34:06:324425,Front,KeyLog,KeyboardUI/Update,"{""c"":""Y"",""position"":{""x"":0.0,""y"":0.0},""angle"":3.1415927410125734,""size_dots"":{""x"":0.0,""y"":0.0},""size_mm"":10.0}"
2025/12/01 20:34:06:325435,Front,KeyLog,KeyboardUI/Update,"{""c"":""U"",""position"":{""x"":0.0,""y"":0.0},""angle"":3.1415927410125734,""size_dots"":{""x"":0.0,""y"":0.0},""size_mm"":10.0}"
2025/12/01 20:34:06:326954,Front,KeyLog,KeyboardUI/Update,"{""c"":""I"",""position"":{""x"":0.0,""y"":0.0},""angle"":3.1415927410125734,""size_dots"":{""x"":0.0,""y"":0.0},""size_mm"":10.0}"
2025/12/01 20:34:06:327463,Front,KeyLog,KeyboardUI/Update,"{""c"":""O"",""position"":{""x"":0.0,""y"":0.0},""angle"":3.1415927410125734,""size_dots"":{""x"":0.0,""y"":0.0},""size_mm"":10.0}"
2025/12/01 20:34:06:327463,Front,KeyLog,KeyboardUI/Update,"{""c"":""P"",""position"":{""x"":0.0,""y"":0.0},""angle"":3.1415927410125734,""size_dots"":{""x"":0.0,""y"":0.0},""size_mm"":10.0}"
2025/12/01 20:34:06:327463,Front,KeyLog,KeyboardUI/Update,"{""c"":""A"",""position"":{""x"":0.0,""y"":0.0},""angle"":3.1415927410125734,""size_dots"":{""x"":0.0,""y"":0.0},""size_mm"":10.0}"
2025/12/01 20:34:06:327463,Front,KeyLog,KeyboardUI/Update,"{""c"":""S"",""position"":{""x"":0.0,""y"":0.0},""angle"":3.1415927410125734,""size_dots"":{""x"":0.0,""y"":0.0},""size_mm"":10.0}"
2025/12/01 20:34:06:328476,Front,KeyLog,KeyboardUI/Update,"{""c"":""D"",""position"":{""x"":0.0,""y"":0.0},""angle"":3.1415927410125734,""size_dots"":{""x"":0.0,""y"":0.0},""size_mm"":10.0}"
2025/12/01 20:34:06:329485,Front,KeyLog,KeyboardUI/Update,"{""c"":""F"",""position"":{""x"":0.0,""y"":0.0},""angle"":3.1415927410125734,""size_dots"":{""x"":0.0,""y"":0.0},""size_mm"":10.0}"
2025/12/01 20:34:06:330494,Front,KeyLog,KeyboardUI/Update,"{""c"":""G"",""position"":{""x"":0.0,""y"":0.0},""angle"":3.1415927410125734,""size_dots"":{""x"":0.0,""y"":0.0},""size_mm"":10.0}"
2025/12/01 20:34:06:331507,Front,KeyLog,KeyboardUI/Update,"{""c"":""H"",""position"":{""x"":0.0,""y"":0.0},""angle"":3.1415927410125734,""size_dots"":{""x"":0.0,""y"":0.0},""size_mm"":10.0}"
2025/12/01 20:34:06:331507,Front,KeyLog,KeyboardUI/Update,"{""c"":""J"",""position"":{""x"":0.0,""y"":0.0},""angle"":3.1415927410125734,""size_dots"":{""x"":0.0,""y"":0.0},""size_mm"":10.0}"
2025/12/01 20:34:06:331507,Front,KeyLog,KeyboardUI/Update,"{""c"":""K"",""position"":{""x"":0.0,""y"":0.0},""angle"":3.1415927410125734,""size_dots"":{""x"":0.0,""y"":0.0},""size_mm"":10.0}"
2025/12/01 20:34:06:332516,Front,KeyLog,KeyboardUI/Update,"{""c"":""L"",""position"":{""x"":0.0,""y"":0.0},""angle"":3.1415927410125734,""size_dots"":{""x"":0.0,""y"":0.0},""size_mm"":10.0}"
2025/12/01 20:34:06:333538,Front,KeyLog,KeyboardUI/Update,"{""c"":""Z"",""position"":{""x"":0.0,""y"":0.0},""angle"":3.1415927410125734,""size_dots"":{""x"":0.0,""y"":0.0},""size_mm"":10.0}"
2025/12/01 20:34:06:333538,Front,KeyLog,KeyboardUI/Update,"{""c"":""X"",""position"":{""x"":0.0,""y"":0.0},""angle"":3.1415927410125734,""size_dots"":{""x"":0.0,""y"":0.0},""size_mm"":10.0}"
2025/12/01 20:34:06:333538,Front,KeyLog,KeyboardUI/Update,"{""c"":""C"",""position"":{""x"":0.0,""y"":0.0},""angle"":3.1415927410125734,""size_dots"":{""x"":0.0,""y"":0.0},""size_mm"":10.0}"
2025/12/01 20:34:06:335557,Front,KeyLog,KeyboardUI/Update,"{""c"":""V"",""position"":{""x"":0.0,""y"":0.0},""angle"":3.1415927410125734,""size_dots"":{""x"":0.0,""y"":0.0},""size_mm"":10.0}"
2025/12/01 20:34:06:335557,Front,KeyLog,KeyboardUI/Update,"{""c"":""B"",""position"":{""x"":0.0,""y"":0.0},""angle"":3.1415927410125734,""size_dots"":{""x"":0.0,""y"":0.0},""size_mm"":10.0}"
2025/12/01 20:34:06:335557,Front,KeyLog,KeyboardUI/Update,"{""c"":""N"",""position"":{""x"":0.0,""y"":0.0},""angle"":3.1415927410125734,""size_dots"":{""x"":0.0,""y"":0.0},""size_mm"":10.0}"
2025/12/01 20:34:06:335557,Front,KeyLog,KeyboardUI/Update,"{""c"":""M"",""position"":{""x"":0.0,""y"":0.0},""angle"":3.1415927410125734,""size_dots"":{""x"":0.0,""y"":0.0},""size_mm"":10.0}"
2025/12/01 20:34:06:336556,Front,KeyLog,KeyboardUI/Update,"{""c"":""#"",""position"":{""x"":0.0,""y"":0.0},""angle"":3.1415927410125734,""size_dots"":{""x"":0.0,""y"":0.0},""size_mm"":13.800000190734864}"
2025/12/01 20:34:06:336556,Front,KeyLog,KeyboardUI/Update,"{""c"":""&"",""position"":{""x"":0.0,""y"":0.0},""angle"":3.1415927410125734,""size_dots"":{""x"":0.0,""y"":0.0},""size_mm"":13.800000190734864}"
2025/12/01 20:34:06:336556,Front,KeyLog,KeyboardUI/Update,"{""c"":""%"",""position"":{""x"":0.0,""y"":0.0},""angle"":3.1415927410125734,""size_dots"":{""x"":0.0,""y"":0.0},""size_mm"":13.800000190734864}"
2025/12/01 20:34:06:366952,Front,ARMarkerLog,ARMarkerDetector/Update,"{""position"":[0.0,0.0],""angle"":0.0}"
2025/12/01 20:34:06:377052,Front,KeyLog,KeyboardUI/Update,"{""c"":""Q"",""position"":{""x"":0.0,""y"":0.0},""angle"":3.1415927410125734,""size_dots"":{""x"":0.0,""y"":0.0},""size_mm"":10.0}"
2025/12/01 20:34:06:377052,Front,KeyLog,KeyboardUI/Update,"{""c"":""W"",""position"":{""x"":0.0,""y"":0.0},""angle"":3.1415927410125734,""size_dots"":{""x"":0.0,""y"":0.0},""size_mm"":10.0}"
2025/12/01 20:34:06:377052,Front,KeyLog,KeyboardUI/Update,"{""c"":""E"",""position"":{""x"":0.0,""y"":0.0},""angle"":3.1415927410125734,""size_dots"":{""x"":0.0,""y"":0.0},""size_mm"":10.0}"
2025/12/01 20:34:06:377052,Front,KeyLog,KeyboardUI/Update,"{""c"":""R"",""position"":{""x"":0.0,""y"":0.0},""angle"":3.1415927410125734,""size_dots"":{""x"":0.0,""y"":0.0},""size_mm"":10.0}"
2025/12/01 20:34:06:377052,Front,KeyLog,KeyboardUI/Update,"{""c"":""T"",""position"":{""x"":0.0,""y"":0.0},""angle"":3.1415927410125734,""size_dots"":{""x"":0.0,""y"":0.0},""size_mm"":10.0}"
2025/12/01 20:34:06:379086,Front,KeyLog,KeyboardUI/Update,"{""c"":""Y"",""position"":{""x"":0.0,""y"":0.0},""angle"":3.1415927410125734,""size_dots"":{""x"":0.0,""y"":0.0},""size_mm"":10.0}"
2025/12/01 20:34:06:380117,Front,KeyLog,KeyboardUI/Update,"{""c"":""U"",""position"":{""x"":0.0,""y"":0.0},""angle"":3.1415927410125734,""size_dots"":{""x"":0.0,""y"":0.0},""size_mm"":10.0}"
2025/12/01 20:34:06:381126,Front,KeyLog,KeyboardUI/Update,"{""c"":""I"",""position"":{""x"":0.0,""y"":0.0},""angle"":3.1415927410125734,""size_dots"":{""x"":0.0,""y"":0.0},""size_mm"":10.0}"
2025/12/01 20:34:06:382139,Front,KeyLog,KeyboardUI/Update,"{""c"":""O"",""position"":{""x"":0.0,""y"":0.0},""angle"":3.1415927410125734,""size_dots"":{""x"":0.0,""y"":0.0},""size_mm"":10.0}"
2025/12/01 20:34:06:383153,Front,KeyLog,KeyboardUI/Update,"{""c"":""P"",""position"":{""x"":0.0,""y"":0.0},""angle"":3.1415927410125734,""size_dots"":{""x"":0.0,""y"":0.0},""size_mm"":10.0}"
2025/12/01 20:34:06:384162,Front,KeyLog,KeyboardUI/Update,"{""c"":""A"",""position"":{""x"":0.0,""y"":0.0},""angle"":3.1415927410125734,""size_dots"":{""x"":0.0,""y"":0.0},""size_mm"":10.0}"
2025/12/01 20:34:06:384162,Front,KeyLog,KeyboardUI/Update,"{""c"":""S"",""position"":{""x"":0.0,""y"":0.0},""angle"":3.1415927410125734,""size_dots"":{""x"":0.0,""y"":0.0},""size_mm"":10.0}"
2025/12/01 20:34:06:385171,Front,KeyLog,KeyboardUI/Update,"{""c"":""D"",""position"":{""x"":0.0,""y"":0.0},""angle"":3.1415927410125734,""size_dots"":{""x"":0.0,""y"":0.0},""size_mm"":10.0}"
2025/12/01 20:34:06:386179,Front,KeyLog,KeyboardUI/Update,"{""c"":""F"",""position"":{""x"":0.0,""y"":0.0},""angle"":3.1415927410125734,""size_dots"":{""x"":0.0,""y"":0.0},""size_mm"":10.0}"
2025/12/01 20:34:06:386179,Front,KeyLog,KeyboardUI/Update,"{""c"":""G"",""position"":{""x"":0.0,""y"":0.0},""angle"":3.1415927410125734,""size_dots"":{""x"":0.0,""y"":0.0},""size_mm"":10.0}"
2025/12/01 20:34:06:387194,Front,KeyLog,KeyboardUI/Update,"{""c"":""H"",""position"":{""x"":0.0,""y"":0.0},""angle"":3.1415927410125734,""size_dots"":{""x"":0.0,""y"":0.0},""size_mm"":10.0}"
2025/12/01 20:34:06:388206,Front,KeyLog,KeyboardUI/Update,"{""c"":""J"",""position"":{""x"":0.0,""y"":0.0},""angle"":3.1415927410125734,""size_dots"":{""x"":0.0,""y"":0.0},""size_mm"":10.0}"
2025/12/01 20:34:06:389217,Front,KeyLog,KeyboardUI/Update,"{""c"":""K"",""position"":{""x"":0.0,""y"":0.0},""angle"":3.1415927410125734,""size_dots"":{""x"":0.0,""y"":0.0},""size_mm"":10.0}"
2025/12/01 20:34:06:390226,Front,KeyLog,KeyboardUI/Update,"{""c"":""L"",""position"":{""x"":0.0,""y"":0.0},""angle"":3.1415927410125734,""size_dots"":{""x"":0.0,""y"":0.0},""size_mm"":10.0}"
2025/12/01 20:34:06:390226,Front,KeyLog,KeyboardUI/Update,"{""c"":""Z"",""position"":{""x"":0.0,""y"":0.0},""angle"":3.1415927410125734,""size_dots"":{""x"":0.0,""y"":0.0},""size_mm"":10.0}"
2025/12/01 20:34:06:392244,Front,KeyLog,KeyboardUI/Update,"{""c"":""X"",""position"":{""x"":0.0,""y"":0.0},""angle"":3.1415927410125734,""size_dots"":{""x"":0.0,""y"":0.0},""size_mm"":10.0}"
2025/12/01 20:34:06:393258,Front,KeyLog,KeyboardUI/Update,"{""c"":""C"",""position"":{""x"":0.0,""y"":0.0},""angle"":3.1415927410125734,""size_dots"":{""x"":0.0,""y"":0.0},""size_mm"":10.0}"
2025/12/01 20:34:06:394269,Front,KeyLog,KeyboardUI/Update,"{""c"":""V"",""position"":{""x"":0.0,""y"":0.0},""angle"":3.1415927410125734,""size_dots"":{""x"":0.0,""y"":0.0},""size_mm"":10.0}"
2025/12/01 20:34:06:395295,Front,KeyLog,KeyboardUI/Update,"{""c"":""B"",""position"":{""x"":0.0,""y"":0.0},""angle"":3.1415927410125734,""size_dots"":{""x"":0.0,""y"":0.0},""size_mm"":10.0}"
2025/12/01 20:34:06:396820,Front,KeyLog,KeyboardUI/Update,"{""c"":""N"",""position"":{""x"":0.0,""y"":0.0},""angle"":3.1415927410125734,""size_dots"":{""x"":0.0,""y"":0.0},""size_mm"":10.0}"
2025/12/01 20:34:06:397329,Front,KeyLog,KeyboardUI/Update,"{""c"":""M"",""position"":{""x"":0.0,""y"":0.0},""angle"":3.1415927410125734,""size_dots"":{""x"":0.0,""y"":0.0},""size_mm"":10.0}"
2025/12/01 20:34:06:398341,Front,KeyLog,KeyboardUI/Update,"{""c"":""#"",""position"":{""x"":0.0,""y"":0.0},""angle"":3.1415927410125734,""size_dots"":{""x"":0.0,""y"":0.0},""size_mm"":13.800000190734864}"
2025/12/01 20:34:06:398341,Front,KeyLog,KeyboardUI/Update,"{""c"":""&"",""position"":{""x"":0.0,""y"":0.0},""angle"":3.1415927410125734,""size_dots"":{""x"":0.0,""y"":0.0},""size_mm"":13.800000190734864}"
2025/12/01 20:34:06:399354,Front,KeyLog,KeyboardUI/Update,"{""c"":""%"",""position"":{""x"":0.0,""y"":0.0},""angle"":3.1415927410125734,""size_dots"":{""x"":0.0,""y"":0.0},""size_mm"":13.800000190734864}"
2025/12/01 20:34:06:431262,Front,ARMarkerLog,ARMarkerDetector/Update,"{""position"":[0.0,0.0],""angle"":0.0}"
2025/12/01 20:34:06:443422,Front,KeyLog,KeyboardUI/Update,"{""c"":""Q"",""position"":{""x"":0.0,""y"":0.0},""angle"":3.1415927410125734,""size_dots"":{""x"":0.0,""y"":0.0},""size_mm"":10.0}"
2025/12/01 20:34:06:445456,Front,KeyLog,KeyboardUI/Update,"{""c"":""W"",""position"":{""x"":0.0,""y"":0.0},""angle"":3.1415927410125734,""size_dots"":{""x"":0.0,""y"":0.0},""size_mm"":10.0}"
2025/12/01 20:34:06:446958,Front,KeyLog,KeyboardUI/Update,"{""c"":""E"",""position"":{""x"":0.0,""y"":0.0},""angle"":3.1415927410125734,""size_dots"":{""x"":0.0,""y"":0.0},""size_mm"":10.0}"
2025/12/01 20:34:06:446958,Front,KeyLog,KeyboardUI/Update,"{""c"":""R"",""position"":{""x"":0.0,""y"":0.0},""angle"":3.1415927410125734,""size_dots"":{""x"":0.0,""y"":0.0},""size_mm"":10.0}"
2025/12/01 20:34:06:446958,Front,KeyLog,KeyboardUI/Update,"{""c"":""T"",""position"":{""x"":0.0,""y"":0.0},""angle"":3.1415927410125734,""size_dots"":{""x"":0.0,""y"":0.0},""size_mm"":10.0}"
2025/12/01 20:34:06:448480,Front,KeyLog,KeyboardUI/Update,"{""c"":""Y"",""position"":{""x"":0.0,""y"":0.0},""angle"":3.1415927410125734,""size_dots"":{""x"":0.0,""y"":0.0},""size_mm"":10.0}"
2025/12/01 20:34:06:448989,Front,KeyLog,KeyboardUI/Update,"{""c"":""U"",""position"":{""x"":0.0,""y"":0.0},""angle"":3.1415927410125734,""size_dots"":{""x"":0.0,""y"":0.0},""size_mm"":10.0}"
2025/12/01 20:34:06:449998,Front,KeyLog,KeyboardUI/Update,"{""c"":""I"",""position"":{""x"":0.0,""y"":0.0},""angle"":3.1415927410125734,""size_dots"":{""x"":0.0,""y"":0.0},""size_mm"":10.0}"
2025/12/01 20:34:06:449998,Front,KeyLog,KeyboardUI/Update,"{""c"":""O"",""position"":{""x"":0.0,""y"":0.0},""angle"":3.1415927410125734,""size_dots"":{""x"":0.0,""y"":0.0},""size_mm"":10.0}"
2025/12/01 20:34:06:451008,Front,KeyLog,KeyboardUI/Update,"{""c"":""P"",""position"":{""x"":0.0,""y"":0.0},""angle"":3.1415927410125734,""size_dots"":{""x"":0.0,""y"":0.0},""size_mm"":10.0}"
2025/12/01 20:34:06:452018,Front,KeyLog,KeyboardUI/Update,"{""c"":""A"",""position"":{""x"":0.0,""y"":0.0},""angle"":3.1415927410125734,""size_dots"":{""x"":0.0,""y"":0.0},""size_mm"":10.0}"
2025/12/01 20:34:06:453018,Front,KeyLog,KeyboardUI/Update,"{""c"":""S"",""position"":{""x"":0.0,""y"":0.0},""angle"":3.1415927410125734,""size_dots"":{""x"":0.0,""y"":0.0},""size_mm"":10.0}"
2025/12/01 20:34:06:453018,Front,KeyLog,KeyboardUI/Update,"{""c"":""D"",""position"":{""x"":0.0,""y"":0.0},""angle"":3.1415927410125734,""size_dots"":{""x"":0.0,""y"":0.0},""size_mm"":10.0}"
2025/12/01 20:34:06:454534,Front,KeyLog,KeyboardUI/Update,"{""c"":""F"",""position"":{""x"":0.0,""y"":0.0},""angle"":3.1415927410125734,""size_dots"":{""x"":0.0,""y"":0.0},""size_mm"":10.0}"
2025/12/01 20:34:06:454534,Front,KeyLog,KeyboardUI/Update,"{""c"":""G"",""position"":{""x"":0.0,""y"":0.0},""angle"":3.1415927410125734,""size_dots"":{""x"":0.0,""y"":0.0},""size_mm"":10.0}"
2025/12/01 20:34:06:456547,Front,KeyLog,KeyboardUI/Update,"{""c"":""H"",""position"":{""x"":0.0,""y"":0.0},""angle"":3.1415927410125734,""size_dots"":{""x"":0.0,""y"":0.0},""size_mm"":10.0}"
2025/12/01 20:34:06:457053,Front,KeyLog,KeyboardUI/Update,"{""c"":""J"",""position"":{""x"":0.0,""y"":0.0},""angle"":3.1415927410125734,""size_dots"":{""x"":0.0,""y"":0.0},""size_mm"":10.0}"
2025/12/01 20:34:06:459079,Front,KeyLog,KeyboardUI/Update,"{""c"":""K"",""position"":{""x"":0.0,""y"":0.0},""angle"":3.1415927410125734,""size_dots"":{""x"":0.0,""y"":0.0},""size_mm"":10.0}"
2025/12/01 20:34:06:460089,Front,KeyLog,KeyboardUI/Update,"{""c"":""L"",""position"":{""x"":0.0,""y"":0.0},""angle"":3.1415927410125734,""size_dots"":{""x"":0.0,""y"":0.0},""size_mm"":10.0}"
2025/12/01 20:34:06:460089,Front,KeyLog,KeyboardUI/Update,"{""c"":""Z"",""position"":{""x"":0.0,""y"":0.0},""angle"":3.1415927410125734,""size_dots"":{""x"":0.0,""y"":0.0},""size_mm"":10.0}"
2025/12/01 20:34:06:460089,Front,KeyLog,KeyboardUI/Update,"{""c"":""X"",""position"":{""x"":0.0,""y"":0.0},""angle"":3.1415927410125734,""size_dots"":{""x"":0.0,""y"":0.0},""size_mm"":10.0}"
2025/12/01 20:34:06:461100,Front,KeyLog,KeyboardUI/Update,"{""c"":""C"",""position"":{""x"":0.0,""y"":0.0},""angle"":3.1415927410125734,""size_dots"":{""x"":0.0,""y"":0.0},""size_mm"":10.0}"
2025/12/01 20:34:06:462130,Front,KeyLog,KeyboardUI/Update,"{""c"":""V"",""position"":{""x"":0.0,""y"":0.0},""angle"":3.1415927410125734,""size_dots"":{""x"":0.0,""y"":0.0},""size_mm"":10.0}"
2025/12/01 20:34:06:463140,Front,KeyLog,KeyboardUI/Update,"{""c"":""B"",""position"":{""x"":0.0,""y"":0.0},""angle"":3.1415927410125734,""size_dots"":{""x"":0.0,""y"":0.0},""size_mm"":10.0}"
2025/12/01 20:34:06:464150,Front,KeyLog,KeyboardUI/Update,"{""c"":""N"",""position"":{""x"":0.0,""y"":0.0},""angle"":3.1415927410125734,""size_dots"":{""x"":0.0,""y"":0.0},""size_mm"":10.0}"
2025/12/01 20:34:06:464150,Front,KeyLog,KeyboardUI/Update,"{""c"":""M"",""position"":{""x"":0.0,""y"":0.0},""angle"":3.1415927410125734,""size_dots"":{""x"":0.0,""y"":0.0},""size_mm"":10.0}"
2025/12/01 20:34:06:465164,Front,KeyLog,KeyboardUI/Update,"{""c"":""#"",""position"":{""x"":0.0,""y"":0.0},""angle"":3.1415927410125734,""size_dots"":{""x"":0.0,""y"":0.0},""size_mm"":13.800000190734864}"
2025/12/01 20:34:06:466686,Front,KeyLog,KeyboardUI/Update,"{""c"":""&"",""position"":{""x"":0.0,""y"":0.0},""angle"":3.1415927410125734,""size_dots"":{""x"":0.0,""y"":0.0},""size_mm"":13.800000190734864}"
2025/12/01 20:34:06:467193,Front,KeyLog,KeyboardUI/Update,"{""c"":""%"",""position"":{""x"":0.0,""y"":0.0},""angle"":3.1415927410125734,""size_dots"":{""x"":0.0,""y"":0.0},""size_mm"":13.800000190734864}"
2025/12/01 20:34:06:493090,Front,ARMarkerLog,ARMarkerDetector/Update,"{""position"":[0.0,0.0],""angle"":0.0}"
2025/12/01 20:34:06:508355,Front,KeyLog,KeyboardUI/Update,"{""c"":""Q"",""position"":{""x"":0.0,""y"":0.0},""angle"":3.1415927410125734,""size_dots"":{""x"":0.0,""y"":0.0},""size_mm"":10.0}"
2025/12/01 20:34:06:509365,Front,KeyLog,KeyboardUI/Update,"{""c"":""W"",""position"":{""x"":0.0,""y"":0.0},""angle"":3.1415927410125734,""size_dots"":{""x"":0.0,""y"":0.0},""size_mm"":10.0}"
2025/12/01 20:34:06:509365,Front,KeyLog,KeyboardUI/Update,"{""c"":""E"",""position"":{""x"":0.0,""y"":0.0},""angle"":3.1415927410125734,""size_dots"":{""x"":0.0,""y"":0.0},""size_mm"":10.0}"
2025/12/01 20:34:06:509365,Front,KeyLog,KeyboardUI/Update,"{""c"":""R"",""position"":{""x"":0.0,""y"":0.0},""angle"":3.1415927410125734,""size_dots"":{""x"":0.0,""y"":0.0},""size_mm"":10.0}"
2025/12/01 20:34:06:509365,Front,KeyLog,KeyboardUI/Update,"{""c"":""T"",""position"":{""x"":0.0,""y"":0.0},""angle"":3.1415927410125734,""size_dots"":{""x"":0.0,""y"":0.0},""size_mm"":10.0}"
2025/12/01 20:34:06:509365,Front,KeyLog,KeyboardUI/Update,"{""c"":""Y"",""position"":{""x"":0.0,""y"":0.0},""angle"":3.1415927410125734,""size_dots"":{""x"":0.0,""y"":0.0},""size_mm"":10.0}"
2025/12/01 20:34:06:509365,Front,KeyLog,KeyboardUI/Update,"{""c"":""U"",""position"":{""x"":0.0,""y"":0.0},""angle"":3.1415927410125734,""size_dots"":{""x"":0.0,""y"":0.0},""size_mm"":10.0}"
2025/12/01 20:34:06:509365,Front,KeyLog,KeyboardUI/Update,"{""c"":""I"",""position"":{""x"":0.0,""y"":0.0},""angle"":3.1415927410125734,""size_dots"":{""x"":0.0,""y"":0.0},""size_mm"":10.0}"
2025/12/01 20:34:06:509365,Front,KeyLog,KeyboardUI/Update,"{""c"":""O"",""position"":{""x"":0.0,""y"":0.0},""angle"":3.1415927410125734,""size_dots"":{""x"":0.0,""y"":0.0},""size_mm"":10.0}"
2025/12/01 20:34:06:509365,Front,KeyLog,KeyboardUI/Update,"{""c"":""P"",""position"":{""x"":0.0,""y"":0.0},""angle"":3.1415927410125734,""size_dots"":{""x"":0.0,""y"":0.0},""size_mm"":10.0}"
2025/12/01 20:34:06:509365,Front,KeyLog,KeyboardUI/Update,"{""c"":""A"",""position"":{""x"":0.0,""y"":0.0},""angle"":3.1415927410125734,""size_dots"":{""x"":0.0,""y"":0.0},""size_mm"":10.0}"
2025/12/01 20:34:06:509365,Front,KeyLog,KeyboardUI/Update,"{""c"":""S"",""position"":{""x"":0.0,""y"":0.0},""angle"":3.1415927410125734,""size_dots"":{""x"":0.0,""y"":0.0},""size_mm"":10.0}"
2025/12/01 20:34:06:509365,Front,KeyLog,KeyboardUI/Update,"{""c"":""D"",""position"":{""x"":0.0,""y"":0.0},""angle"":3.1415927410125734,""size_dots"":{""x"":0.0,""y"":0.0},""size_mm"":10.0}"
2025/12/01 20:34:06:509365,Front,KeyLog,KeyboardUI/Update,"{""c"":""F"",""position"":{""x"":0.0,""y"":0.0},""angle"":3.1415927410125734,""size_dots"":{""x"":0.0,""y"":0.0},""size_mm"":10.0}"
2025/12/01 20:34:06:509365,Front,KeyLog,KeyboardUI/Update,"{""c"":""G"",""position"":{""x"":0.0,""y"":0.0},""angle"":3.1415927410125734,""size_dots"":{""x"":0.0,""y"":0.0},""size_mm"":10.0}"
2025/12/01 20:34:06:509365,Front,KeyLog,KeyboardUI/Update,"{""c"":""H"",""position"":{""x"":0.0,""y"":0.0},""angle"":3.1415927410125734,""size_dots"":{""x"":0.0,""y"":0.0},""size_mm"":10.0}"
2025/12/01 20:34:06:510380,Front,KeyLog,KeyboardUI/Update,"{""c"":""J"",""position"":{""x"":0.0,""y"":0.0},""angle"":3.1415927410125734,""size_dots"":{""x"":0.0,""y"":0.0},""size_mm"":10.0}"
2025/12/01 20:34:06:510380,Front,KeyLog,KeyboardUI/Update,"{""c"":""K"",""position"":{""x"":0.0,""y"":0.0},""angle"":3.1415927410125734,""size_dots"":{""x"":0.0,""y"":0.0},""size_mm"":10.0}"
2025/12/01 20:34:06:510380,Front,KeyLog,KeyboardUI/Update,"{""c"":""L"",""position"":{""x"":0.0,""y"":0.0},""angle"":3.1415927410125734,""size_dots"":{""x"":0.0,""y"":0.0},""size_mm"":10.0}"
2025/12/01 20:34:06:510380,Front,KeyLog,KeyboardUI/Update,"{""c"":""Z"",""position"":{""x"":0.0,""y"":0.0},""angle"":3.1415927410125734,""size_dots"":{""x"":0.0,""y"":0.0},""size_mm"":10.0}"
2025/12/01 20:34:06:510380,Front,KeyLog,KeyboardUI/Update,"{""c"":""X"",""position"":{""x"":0.0,""y"":0.0},""angle"":3.1415927410125734,""size_dots"":{""x"":0.0,""y"":0.0},""size_mm"":10.0}"
2025/12/01 20:34:06:510380,Front,KeyLog,KeyboardUI/Update,"{""c"":""C"",""position"":{""x"":0.0,""y"":0.0},""angle"":3.1415927410125734,""size_dots"":{""x"":0.0,""y"":0.0},""size_mm"":10.0}"
2025/12/01 20:34:06:510380,Front,KeyLog,KeyboardUI/Update,"{""c"":""V"",""position"":{""x"":0.0,""y"":0.0},""angle"":3.1415927410125734,""size_dots"":{""x"":0.0,""y"":0.0},""size_mm"":10.0}"
2025/12/01 20:34:06:510380,Front,KeyLog,KeyboardUI/Update,"{""c"":""B"",""position"":{""x"":0.0,""y"":0.0},""angle"":3.1415927410125734,""size_dots"":{""x"":0.0,""y"":0.0},""size_mm"":10.0}"
2025/12/01 20:34:06:510380,Front,KeyLog,KeyboardUI/Update,"{""c"":""N"",""position"":{""x"":0.0,""y"":0.0},""angle"":3.1415927410125734,""size_dots"":{""x"":0.0,""y"":0.0},""size_mm"":10.0}"
2025/12/01 20:34:06:510380,Front,KeyLog,KeyboardUI/Update,"{""c"":""M"",""position"":{""x"":0.0,""y"":0.0},""angle"":3.1415927410125734,""size_dots"":{""x"":0.0,""y"":0.0},""size_mm"":10.0}"
2025/12/01 20:34:06:510380,Front,KeyLog,KeyboardUI/Update,"{""c"":""#"",""position"":{""x"":0.0,""y"":0.0},""angle"":3.1415927410125734,""size_dots"":{""x"":0.0,""y"":0.0},""size_mm"":13.800000190734864}"
2025/12/01 20:34:06:510380,Front,KeyLog,KeyboardUI/Update,"{""c"":""&"",""position"":{""x"":0.0,""y"":0.0},""angle"":3.1415927410125734,""size_dots"":{""x"":0.0,""y"":0.0},""size_mm"":13.800000190734864}"
2025/12/01 20:34:06:510380,Front,KeyLog,KeyboardUI/Update,"{""c"":""%"",""position"":{""x"":0.0,""y"":0.0},""angle"":3.1415927410125734,""size_dots"":{""x"":0.0,""y"":0.0},""size_mm"":13.800000190734864}"
2025/12/01 20:34:06:532180,Front,ARMarkerLog,ARMarkerDetector/Update,"{""position"":[0.0,0.0],""angle"":0.0}"
2025/12/01 20:34:06:549984,Front,KeyLog,KeyboardUI/Update,"{""c"":""Q"",""position"":{""x"":0.0,""y"":0.0},""angle"":3.1415927410125734,""size_dots"":{""x"":0.0,""y"":0.0},""size_mm"":10.0}"
2025/12/01 20:34:06:552004,Front,KeyLog,KeyboardUI/Update,"{""c"":""W"",""position"":{""x"":0.0,""y"":0.0},""angle"":3.1415927410125734,""size_dots"":{""x"":0.0,""y"":0.0},""size_mm"":10.0}"
2025/12/01 20:34:06:553015,Front,KeyLog,KeyboardUI/Update,"{""c"":""E"",""position"":{""x"":0.0,""y"":0.0},""angle"":3.1415927410125734,""size_dots"":{""x"":0.0,""y"":0.0},""size_mm"":10.0}"
2025/12/01 20:34:06:554032,Front,KeyLog,KeyboardUI/Update,"{""c"":""R"",""position"":{""x"":0.0,""y"":0.0},""angle"":3.1415927410125734,""size_dots"":{""x"":0.0,""y"":0.0},""size_mm"":10.0}"
2025/12/01 20:34:06:555047,Front,KeyLog,KeyboardUI/Update,"{""c"":""T"",""position"":{""x"":0.0,""y"":0.0},""angle"":3.1415927410125734,""size_dots"":{""x"":0.0,""y"":0.0},""size_mm"":10.0}"
2025/12/01 20:34:06:556566,Front,KeyLog,KeyboardUI/Update,"{""c"":""Y"",""position"":{""x"":0.0,""y"":0.0},""angle"":3.1415927410125734,""size_dots"":{""x"":0.0,""y"":0.0},""size_mm"":10.0}"
2025/12/01 20:34:06:558080,Front,KeyLog,KeyboardUI/Update,"{""c"":""U"",""position"":{""x"":0.0,""y"":0.0},""angle"":3.1415927410125734,""size_dots"":{""x"":0.0,""y"":0.0},""size_mm"":10.0}"
2025/12/01 20:34:06:559599,Front,KeyLog,KeyboardUI/Update,"{""c"":""I"",""position"":{""x"":0.0,""y"":0.0},""angle"":3.1415927410125734,""size_dots"":{""x"":0.0,""y"":0.0},""size_mm"":10.0}"
2025/12/01 20:34:06:562660,Front,KeyLog,KeyboardUI/Update,"{""c"":""O"",""position"":{""x"":0.0,""y"":0.0},""angle"":3.1415927410125734,""size_dots"":{""x"":0.0,""y"":0.0},""size_mm"":10.0}"
2025/12/01 20:34:06:565736,Front,KeyLog,KeyboardUI/Update,"{""c"":""P"",""position"":{""x"":0.0,""y"":0.0},""angle"":3.1415927410125734,""size_dots"":{""x"":0.0,""y"":0.0},""size_mm"":10.0}"
2025/12/01 20:34:06:569272,Front,KeyLog,KeyboardUI/Update,"{""c"":""A"",""position"":{""x"":0.0,""y"":0.0},""angle"":3.1415927410125734,""size_dots"":{""x"":0.0,""y"":0.0},""size_mm"":10.0}"
2025/12/01 20:34:06:574350,Front,KeyLog,KeyboardUI/Update,"{""c"":""S"",""position"":{""x"":0.0,""y"":0.0},""angle"":3.1415927410125734,""size_dots"":{""x"":0.0,""y"":0.0},""size_mm"":10.0}"
2025/12/01 20:34:06:576903,Front,KeyLog,KeyboardUI/Update,"{""c"":""D"",""position"":{""x"":0.0,""y"":0.0},""angle"":3.1415927410125734,""size_dots"":{""x"":0.0,""y"":0.0},""size_mm"":10.0}"
2025/12/01 20:34:06:577421,Front,KeyLog,KeyboardUI/Update,"{""c"":""F"",""position"":{""x"":0.0,""y"":0.0},""angle"":3.1415927410125734,""size_dots"":{""x"":0.0,""y"":0.0},""size_mm"":10.0}"
2025/12/01 20:34:06:577421,Front,KeyLog,KeyboardUI/Update,"{""c"":""G"",""position"":{""x"":0.0,""y"":0.0},""angle"":3.1415927410125734,""size_dots"":{""x"":0.0,""y"":0.0},""size_mm"":10.0}"
2025/12/01 20:34:06:577421,Front,KeyLog,KeyboardUI/Update,"{""c"":""H"",""position"":{""x"":0.0,""y"":0.0},""angle"":3.1415927410125734,""size_dots"":{""x"":0.0,""y"":0.0},""size_mm"":10.0}"
2025/12/01 20:34:06:577421,Front,KeyLog,KeyboardUI/Update,"{""c"":""J"",""position"":{""x"":0.0,""y"":0.0},""angle"":3.1415927410125734,""size_dots"":{""x"":0.0,""y"":0.0},""size_mm"":10.0}"
2025/12/01 20:34:06:577421,Front,KeyLog,KeyboardUI/Update,"{""c"":""K"",""position"":{""x"":0.0,""y"":0.0},""angle"":3.1415927410125734,""size_dots"":{""x"":0.0,""y"":0.0},""size_mm"":10.0}"
2025/12/01 20:34:06:580525,Front,KeyLog,KeyboardUI/Update,"{""c"":""L"",""position"":{""x"":0.0,""y"":0.0},""angle"":3.1415927410125734,""size_dots"":{""x"":0.0,""y"":0.0},""size_mm"":10.0}"
2025/12/01 20:34:06:583575,Front,KeyLog,KeyboardUI/Update,"{""c"":""Z"",""position"":{""x"":0.0,""y"":0.0},""angle"":3.1415927410125734,""size_dots"":{""x"":0.0,""y"":0.0},""size_mm"":10.0}"
2025/12/01 20:34:06:587102,Front,KeyLog,KeyboardUI/Update,"{""c"":""X"",""position"":{""x"":0.0,""y"":0.0},""angle"":3.1415927410125734,""size_dots"":{""x"":0.0,""y"":0.0},""size_mm"":10.0}"
2025/12/01 20:34:06:590163,Front,KeyLog,KeyboardUI/Update,"{""c"":""C"",""position"":{""x"":0.0,""y"":0.0},""angle"":3.1415927410125734,""size_dots"":{""x"":0.0,""y"":0.0},""size_mm"":10.0}"
2025/12/01 20:34:06:592192,Front,KeyLog,KeyboardUI/Update,"{""c"":""V"",""position"":{""x"":0.0,""y"":0.0},""angle"":3.1415927410125734,""size_dots"":{""x"":0.0,""y"":0.0},""size_mm"":10.0}"
2025/12/01 20:34:06:593205,Front,KeyLog,KeyboardUI/Update,"{""c"":""B"",""position"":{""x"":0.0,""y"":0.0},""angle"":3.1415927410125734,""size_dots"":{""x"":0.0,""y"":0.0},""size_mm"":10.0}"
2025/12/01 20:34:06:596285,Front,KeyLog,KeyboardUI/Update,"{""c"":""N"",""position"":{""x"":0.0,""y"":0.0},""angle"":3.1415927410125734,""size_dots"":{""x"":0.0,""y"":0.0},""size_mm"":10.0}"
2025/12/01 20:34:06:598331,Front,KeyLog,KeyboardUI/Update,"{""c"":""M"",""position"":{""x"":0.0,""y"":0.0},""angle"":3.1415927410125734,""size_dots"":{""x"":0.0,""y"":0.0},""size_mm"":10.0}"
2025/12/01 20:34:06:598331,Front,KeyLog,KeyboardUI/Update,"{""c"":""#"",""position"":{""x"":0.0,""y"":0.0},""angle"":3.1415927410125734,""size_dots"":{""x"":0.0,""y"":0.0},""size_mm"":13.800000190734864}"
2025/12/01 20:34:06:598331,Front,KeyLog,KeyboardUI/Update,"{""c"":""&"",""position"":{""x"":0.0,""y"":0.0},""angle"":3.1415927410125734,""size_dots"":{""x"":0.0,""y"":0.0},""size_mm"":13.800000190734864}"
2025/12/01 20:34:06:598331,Front,KeyLog,KeyboardUI/Update,"{""c"":""%"",""position"":{""x"":0.0,""y"":0.0},""angle"":3.1415927410125734,""size_dots"":{""x"":0.0,""y"":0.0},""size_mm"":13.800000190734864}"
2025/12/01 20:34:06:700115,Front,ARMarkerLog,ARMarkerDetector/Update,"{""position"":[0.0,0.0],""angle"":0.0}"
2025/12/01 20:34:06:720489,Front,KeyLog,KeyboardUI/Update,"{""c"":""Q"",""position"":{""x"":0.0,""y"":0.0},""angle"":3.1415927410125734,""size_dots"":{""x"":0.0,""y"":0.0},""size_mm"":10.0}"
2025/12/01 20:34:06:723577,Front,KeyLog,KeyboardUI/Update,"{""c"":""W"",""position"":{""x"":0.0,""y"":0.0},""angle"":3.1415927410125734,""size_dots"":{""x"":0.0,""y"":0.0},""size_mm"":10.0}"
2025/12/01 20:34:06:725603,Front,KeyLog,KeyboardUI/Update,"{""c"":""E"",""position"":{""x"":0.0,""y"":0.0},""angle"":3.1415927410125734,""size_dots"":{""x"":0.0,""y"":0.0},""size_mm"":10.0}"
2025/12/01 20:34:06:729130,Front,KeyLog,KeyboardUI/Update,"{""c"":""R"",""position"":{""x"":0.0,""y"":0.0},""angle"":3.1415927410125734,""size_dots"":{""x"":0.0,""y"":0.0},""size_mm"":10.0}"
2025/12/01 20:34:06:732171,Front,KeyLog,KeyboardUI/Update,"{""c"":""T"",""position"":{""x"":0.0,""y"":0.0},""angle"":3.1415927410125734,""size_dots"":{""x"":0.0,""y"":0.0},""size_mm"":10.0}"
2025/12/01 20:34:06:735230,Front,KeyLog,KeyboardUI/Update,"{""c"":""Y"",""position"":{""x"":0.0,""y"":0.0},""angle"":3.1415927410125734,""size_dots"":{""x"":0.0,""y"":0.0},""size_mm"":10.0}"
2025/12/01 20:34:06:738390,Front,KeyLog,KeyboardUI/Update,"{""c"":""U"",""position"":{""x"":0.0,""y"":0.0},""angle"":3.1415927410125734,""size_dots"":{""x"":0.0,""y"":0.0},""size_mm"":10.0}"
2025/12/01 20:34:06:740412,Front,KeyLog,KeyboardUI/Update,"{""c"":""I"",""position"":{""x"":0.0,""y"":0.0},""angle"":3.1415927410125734,""size_dots"":{""x"":0.0,""y"":0.0},""size_mm"":10.0}"
2025/12/01 20:34:06:743450,Front,KeyLog,KeyboardUI/Update,"{""c"":""O"",""position"":{""x"":0.0,""y"":0.0},""angle"":3.1415927410125734,""size_dots"":{""x"":0.0,""y"":0.0},""size_mm"":10.0}"
2025/12/01 20:34:06:745479,Front,KeyLog,KeyboardUI/Update,"{""c"":""P"",""position"":{""x"":0.0,""y"":0.0},""angle"":3.1415927410125734,""size_dots"":{""x"":0.0,""y"":0.0},""size_mm"":10.0}"
2025/12/01 20:34:06:746478,Front,KeyLog,KeyboardUI/Update,"{""c"":""A"",""position"":{""x"":0.0,""y"":0.0},""angle"":3.1415927410125734,""size_dots"":{""x"":0.0,""y"":0.0},""size_mm"":10.0}"
2025/12/01 20:34:06:748485,Front,KeyLog,KeyboardUI/Update,"{""c"":""S"",""position"":{""x"":0.0,""y"":0.0},""angle"":3.1415927410125734,""size_dots"":{""x"":0.0,""y"":0.0},""size_mm"":10.0}"
2025/12/01 20:34:06:751552,Front,KeyLog,KeyboardUI/Update,"{""c"":""D"",""position"":{""x"":0.0,""y"":0.0},""angle"":3.1415927410125734,""size_dots"":{""x"":0.0,""y"":0.0},""size_mm"":10.0}"
2025/12/01 20:34:06:752563,Front,KeyLog,KeyboardUI/Update,"{""c"":""F"",""position"":{""x"":0.0,""y"":0.0},""angle"":3.1415927410125734,""size_dots"":{""x"":0.0,""y"":0.0},""size_mm"":10.0}"
2025/12/01 20:34:06:755077,Front,KeyLog,KeyboardUI/Update,"{""c"":""G"",""position"":{""x"":0.0,""y"":0.0},""angle"":3.1415927410125734,""size_dots"":{""x"":0.0,""y"":0.0},""size_mm"":10.0}"
2025/12/01 20:34:06:757138,Front,KeyLog,KeyboardUI/Update,"{""c"":""H"",""position"":{""x"":0.0,""y"":0.0},""angle"":3.1415927410125734,""size_dots"":{""x"":0.0,""y"":0.0},""size_mm"":10.0}"
2025/12/01 20:34:06:759167,Front,KeyLog,KeyboardUI/Update,"{""c"":""J"",""position"":{""x"":0.0,""y"":0.0},""angle"":3.1415927410125734,""size_dots"":{""x"":0.0,""y"":0.0},""size_mm"":10.0}"
2025/12/01 20:34:06:761192,Front,KeyLog,KeyboardUI/Update,"{""c"":""K"",""position"":{""x"":0.0,""y"":0.0},""angle"":3.1415927410125734,""size_dots"":{""x"":0.0,""y"":0.0},""size_mm"":10.0}"
2025/12/01 20:34:06:763218,Front,KeyLog,KeyboardUI/Update,"{""c"":""L"",""position"":{""x"":0.0,""y"":0.0},""angle"":3.1415927410125734,""size_dots"":{""x"":0.0,""y"":0.0},""size_mm"":10.0}"
2025/12/01 20:34:06:766285,Front,KeyLog,KeyboardUI/Update,"{""c"":""Z"",""position"":{""x"":0.0,""y"":0.0},""angle"":3.1415927410125734,""size_dots"":{""x"":0.0,""y"":0.0},""size_mm"":10.0}"
2025/12/01 20:34:06:768363,Front,KeyLog,KeyboardUI/Update,"{""c"":""X"",""position"":{""x"":0.0,""y"":0.0},""angle"":3.1415927410125734,""size_dots"":{""x"":0.0,""y"":0.0},""size_mm"":10.0}"
2025/12/01 20:34:06:769374,Front,KeyLog,KeyboardUI/Update,"{""c"":""C"",""position"":{""x"":0.0,""y"":0.0},""angle"":3.1415927410125734,""size_dots"":{""x"":0.0,""y"":0.0},""size_mm"":10.0}"
2025/12/01 20:34:06:771401,Front,KeyLog,KeyboardUI/Update,"{""c"":""V"",""position"":{""x"":0.0,""y"":0.0},""angle"":3.1415927410125734,""size_dots"":{""x"":0.0,""y"":0.0},""size_mm"":10.0}"
2025/12/01 20:34:06:773426,Front,KeyLog,KeyboardUI/Update,"{""c"":""B"",""position"":{""x"":0.0,""y"":0.0},""angle"":3.1415927410125734,""size_dots"":{""x"":0.0,""y"":0.0},""size_mm"":10.0}"
2025/12/01 20:34:06:775455,Front,KeyLog,KeyboardUI/Update,"{""c"":""N"",""position"":{""x"":0.0,""y"":0.0},""angle"":3.1415927410125734,""size_dots"":{""x"":0.0,""y"":0.0},""size_mm"":10.0}"
2025/12/01 20:34:06:778495,Front,KeyLog,KeyboardUI/Update,"{""c"":""M"",""position"":{""x"":0.0,""y"":0.0},""angle"":3.1415927410125734,""size_dots"":{""x"":0.0,""y"":0.0},""size_mm"":10.0}"
2025/12/01 20:34:06:780517,Front,KeyLog,KeyboardUI/Update,"{""c"":""#"",""position"":{""x"":0.0,""y"":0.0},""angle"":3.1415927410125734,""size_dots"":{""x"":0.0,""y"":0.0},""size_mm"":13.800000190734864}"
2025/12/01 20:34:06:780517,Front,KeyLog,KeyboardUI/Update,"{""c"":""&"",""position"":{""x"":0.0,""y"":0.0},""angle"":3.1415927410125734,""size_dots"":{""x"":0.0,""y"":0.0},""size_mm"":13.800000190734864}"
2025/12/01 20:34:06:781563,Front,KeyLog,KeyboardUI/Update,"{""c"":""%"",""position"":{""x"":0.0,""y"":0.0},""angle"":3.1415927410125734,""size_dots"":{""x"":0.0,""y"":0.0},""size_mm"":13.800000190734864}"
2025/12/01 20:34:06:861164,Front,ARMarkerLog,ARMarkerDetector/Update,"{""position"":[0.0,0.0],""angle"":0.0}"
2025/12/01 20:34:06:875350,Front,KeyLog,KeyboardUI/Update,"{""c"":""Q"",""position"":{""x"":0.0,""y"":0.0},""angle"":3.1415927410125734,""size_dots"":{""x"":0.0,""y"":0.0},""size_mm"":10.0}"
2025/12/01 20:34:06:876869,Front,KeyLog,KeyboardUI/Update,"{""c"":""W"",""position"":{""x"":0.0,""y"":0.0},""angle"":3.1415927410125734,""size_dots"":{""x"":0.0,""y"":0.0},""size_mm"":10.0}"
2025/12/01 20:34:06:877381,Front,KeyLog,KeyboardUI/Update,"{""c"":""E"",""position"":{""x"":0.0,""y"":0.0},""angle"":3.1415927410125734,""size_dots"":{""x"":0.0,""y"":0.0},""size_mm"":10.0}"
2025/12/01 20:34:06:878390,Front,KeyLog,KeyboardUI/Update,"{""c"":""R"",""position"":{""x"":0.0,""y"":0.0},""angle"":3.1415927410125734,""size_dots"":{""x"":0.0,""y"":0.0},""size_mm"":10.0}"
2025/12/01 20:34:06:879399,Front,KeyLog,KeyboardUI/Update,"{""c"":""T"",""position"":{""x"":0.0,""y"":0.0},""angle"":3.1415927410125734,""size_dots"":{""x"":0.0,""y"":0.0},""size_mm"":10.0}"
2025/12/01 20:34:06:880407,Front,KeyLog,KeyboardUI/Update,"{""c"":""Y"",""position"":{""x"":0.0,""y"":0.0},""angle"":3.1415927410125734,""size_dots"":{""x"":0.0,""y"":0.0},""size_mm"":10.0}"
2025/12/01 20:34:06:881417,Front,KeyLog,KeyboardUI/Update,"{""c"":""U"",""position"":{""x"":0.0,""y"":0.0},""angle"":3.1415927410125734,""size_dots"":{""x"":0.0,""y"":0.0},""size_mm"":10.0}"
2025/12/01 20:34:06:882426,Front,KeyLog,KeyboardUI/Update,"{""c"":""I"",""position"":{""x"":0.0,""y"":0.0},""angle"":3.1415927410125734,""size_dots"":{""x"":0.0,""y"":0.0},""size_mm"":10.0}"
2025/12/01 20:34:06:883436,Front,KeyLog,KeyboardUI/Update,"{""c"":""O"",""position"":{""x"":0.0,""y"":0.0},""angle"":3.1415927410125734,""size_dots"":{""x"":0.0,""y"":0.0},""size_mm"":10.0}"
2025/12/01 20:34:06:884450,Front,KeyLog,KeyboardUI/Update,"{""c"":""P"",""position"":{""x"":0.0,""y"":0.0},""angle"":3.1415927410125734,""size_dots"":{""x"":0.0,""y"":0.0},""size_mm"":10.0}"
2025/12/01 20:34:06:885461,Front,KeyLog,KeyboardUI/Update,"{""c"":""A"",""position"":{""x"":0.0,""y"":0.0},""angle"":3.1415927410125734,""size_dots"":{""x"":0.0,""y"":0.0},""size_mm"":10.0}"
2025/12/01 20:34:06:886469,Front,KeyLog,KeyboardUI/Update,"{""c"":""S"",""position"":{""x"":0.0,""y"":0.0},""angle"":3.1415927410125734,""size_dots"":{""x"":0.0,""y"":0.0},""size_mm"":10.0}"
2025/12/01 20:34:06:887479,Front,KeyLog,KeyboardUI/Update,"{""c"":""D"",""position"":{""x"":0.0,""y"":0.0},""angle"":3.1415927410125734,""size_dots"":{""x"":0.0,""y"":0.0},""size_mm"":10.0}"
2025/12/01 20:34:06:889517,Front,KeyLog,KeyboardUI/Update,"{""c"":""F"",""position"":{""x"":0.0,""y"":0.0},""angle"":3.1415927410125734,""size_dots"":{""x"":0.0,""y"":0.0},""size_mm"":10.0}"
2025/12/01 20:34:06:890525,Front,KeyLog,KeyboardUI/Update,"{""c"":""G"",""position"":{""x"":0.0,""y"":0.0},""angle"":3.1415927410125734,""size_dots"":{""x"":0.0,""y"":0.0},""size_mm"":10.0}"
2025/12/01 20:34:06:891536,Front,KeyLog,KeyboardUI/Update,"{""c"":""H"",""position"":{""x"":0.0,""y"":0.0},""angle"":3.1415927410125734,""size_dots"":{""x"":0.0,""y"":0.0},""size_mm"":10.0}"
2025/12/01 20:34:06:892547,Front,KeyLog,KeyboardUI/Update,"{""c"":""J"",""position"":{""x"":0.0,""y"":0.0},""angle"":3.1415927410125734,""size_dots"":{""x"":0.0,""y"":0.0},""size_mm"":10.0}"
2025/12/01 20:34:06:893556,Front,KeyLog,KeyboardUI/Update,"{""c"":""K"",""position"":{""x"":0.0,""y"":0.0},""angle"":3.1415927410125734,""size_dots"":{""x"":0.0,""y"":0.0},""size_mm"":10.0}"
2025/12/01 20:34:06:893556,Front,KeyLog,KeyboardUI/Update,"{""c"":""L"",""position"":{""x"":0.0,""y"":0.0},""angle"":3.1415927410125734,""size_dots"":{""x"":0.0,""y"":0.0},""size_mm"":10.0}"
2025/12/01 20:34:06:894566,Front,KeyLog,KeyboardUI/Update,"{""c"":""Z"",""position"":{""x"":0.0,""y"":0.0},""angle"":3.1415927410125734,""size_dots"":{""x"":0.0,""y"":0.0},""size_mm"":10.0}"
2025/12/01 20:34:06:895575,Front,KeyLog,KeyboardUI/Update,"{""c"":""X"",""position"":{""x"":0.0,""y"":0.0},""angle"":3.1415927410125734,""size_dots"":{""x"":0.0,""y"":0.0},""size_mm"":10.0}"
2025/12/01 20:34:06:895575,Front,KeyLog,KeyboardUI/Update,"{""c"":""C"",""position"":{""x"":0.0,""y"":0.0},""angle"":3.1415927410125734,""size_dots"":{""x"":0.0,""y"":0.0},""size_mm"":10.0}"
2025/12/01 20:34:06:896574,Front,KeyLog,KeyboardUI/Update,"{""c"":""V"",""position"":{""x"":0.0,""y"":0.0},""angle"":3.1415927410125734,""size_dots"":{""x"":0.0,""y"":0.0},""size_mm"":10.0}"
2025/12/01 20:34:06:897077,Front,KeyLog,KeyboardUI/Update,"{""c"":""B"",""position"":{""x"":0.0,""y"":0.0},""angle"":3.1415927410125734,""size_dots"":{""x"":0.0,""y"":0.0},""size_mm"":10.0}"
2025/12/01 20:34:06:897077,Front,KeyLog,KeyboardUI/Update,"{""c"":""N"",""position"":{""x"":0.0,""y"":0.0},""angle"":3.1415927410125734,""size_dots"":{""x"":0.0,""y"":0.0},""size_mm"":10.0}"
2025/12/01 20:34:06:897077,Front,KeyLog,KeyboardUI/Update,"{""c"":""M"",""position"":{""x"":0.0,""y"":0.0},""angle"":3.1415927410125734,""size_dots"":{""x"":0.0,""y"":0.0},""size_mm"":10.0}"
2025/12/01 20:34:06:897077,Front,KeyLog,KeyboardUI/Update,"{""c"":""#"",""position"":{""x"":0.0,""y"":0.0},""angle"":3.1415927410125734,""size_dots"":{""x"":0.0,""y"":0.0},""size_mm"":13.800000190734864}"
2025/12/01 20:34:06:898085,Front,KeyLog,KeyboardUI/Update,"{""c"":""&"",""position"":{""x"":0.0,""y"":0.0},""angle"":3.1415927410125734,""size_dots"":{""x"":0.0,""y"":0.0},""size_mm"":13.800000190734864}"
2025/12/01 20:34:06:899104,Front,KeyLog,KeyboardUI/Update,"{""c"":""%"",""position"":{""x"":0.0,""y"":0.0},""angle"":3.1415927410125734,""size_dots"":{""x"":0.0,""y"":0.0},""size_mm"":13.800000190734864}"
2025/12/01 20:34:06:916371,Front,ARMarkerLog,ARMarkerDetector/Update,"{""position"":[0.0,0.0],""angle"":0.0}"
2025/12/01 20:34:06:923478,Front,KeyLog,KeyboardUI/Update,"{""c"":""Q"",""position"":{""x"":0.0,""y"":0.0},""angle"":3.1415927410125734,""size_dots"":{""x"":0.0,""y"":0.0},""size_mm"":10.0}"
2025/12/01 20:34:06:924532,Front,KeyLog,KeyboardUI/Update,"{""c"":""W"",""position"":{""x"":0.0,""y"":0.0},""angle"":3.1415927410125734,""size_dots"":{""x"":0.0,""y"":0.0},""size_mm"":10.0}"
2025/12/01 20:34:06:924532,Front,KeyLog,KeyboardUI/Update,"{""c"":""E"",""position"":{""x"":0.0,""y"":0.0},""angle"":3.1415927410125734,""size_dots"":{""x"":0.0,""y"":0.0},""size_mm"":10.0}"
2025/12/01 20:34:06:924532,Front,KeyLog,KeyboardUI/Update,"{""c"":""R"",""position"":{""x"":0.0,""y"":0.0},""angle"":3.1415927410125734,""size_dots"":{""x"":0.0,""y"":0.0},""size_mm"":10.0}"
2025/12/01 20:34:06:924532,Front,KeyLog,KeyboardUI/Update,"{""c"":""T"",""position"":{""x"":0.0,""y"":0.0},""angle"":3.1415927410125734,""size_dots"":{""x"":0.0,""y"":0.0},""size_mm"":10.0}"
2025/12/01 20:34:06:924532,Front,KeyLog,KeyboardUI/Update,"{""c"":""Y"",""position"":{""x"":0.0,""y"":0.0},""angle"":3.1415927410125734,""size_dots"":{""x"":0.0,""y"":0.0},""size_mm"":10.0}"
2025/12/01 20:34:06:924532,Front,KeyLog,KeyboardUI/Update,"{""c"":""U"",""position"":{""x"":0.0,""y"":0.0},""angle"":3.1415927410125734,""size_dots"":{""x"":0.0,""y"":0.0},""size_mm"":10.0}"
2025/12/01 20:34:06:924532,Front,KeyLog,KeyboardUI/Update,"{""c"":""I"",""position"":{""x"":0.0,""y"":0.0},""angle"":3.1415927410125734,""size_dots"":{""x"":0.0,""y"":0.0},""size_mm"":10.0}"
2025/12/01 20:34:06:924532,Front,KeyLog,KeyboardUI/Update,"{""c"":""O"",""position"":{""x"":0.0,""y"":0.0},""angle"":3.1415927410125734,""size_dots"":{""x"":0.0,""y"":0.0},""size_mm"":10.0}"
2025/12/01 20:34:06:924532,Front,KeyLog,KeyboardUI/Update,"{""c"":""P"",""position"":{""x"":0.0,""y"":0.0},""angle"":3.1415927410125734,""size_dots"":{""x"":0.0,""y"":0.0},""size_mm"":10.0}"
2025/12/01 20:34:06:924532,Front,KeyLog,KeyboardUI/Update,"{""c"":""A"",""position"":{""x"":0.0,""y"":0.0},""angle"":3.1415927410125734,""size_dots"":{""x"":0.0,""y"":0.0},""size_mm"":10.0}"
2025/12/01 20:34:06:925547,Front,KeyLog,KeyboardUI/Update,"{""c"":""S"",""position"":{""x"":0.0,""y"":0.0},""angle"":3.1415927410125734,""size_dots"":{""x"":0.0,""y"":0.0},""size_mm"":10.0}"
2025/12/01 20:34:06:925547,Front,KeyLog,KeyboardUI/Update,"{""c"":""D"",""position"":{""x"":0.0,""y"":0.0},""angle"":3.1415927410125734,""size_dots"":{""x"":0.0,""y"":0.0},""size_mm"":10.0}"
2025/12/01 20:34:06:925547,Front,KeyLog,KeyboardUI/Update,"{""c"":""F"",""position"":{""x"":0.0,""y"":0.0},""angle"":3.1415927410125734,""size_dots"":{""x"":0.0,""y"":0.0},""size_mm"":10.0}"
2025/12/01 20:34:06:925547,Front,KeyLog,KeyboardUI/Update,"{""c"":""G"",""position"":{""x"":0.0,""y"":0.0},""angle"":3.1415927410125734,""size_dots"":{""x"":0.0,""y"":0.0},""size_mm"":10.0}"
2025/12/01 20:34:06:925547,Front,KeyLog,KeyboardUI/Update,"{""c"":""H"",""position"":{""x"":0.0,""y"":0.0},""angle"":3.1415927410125734,""size_dots"":{""x"":0.0,""y"":0.0},""size_mm"":10.0}"
2025/12/01 20:34:06:925547,Front,KeyLog,KeyboardUI/Update,"{""c"":""J"",""position"":{""x"":0.0,""y"":0.0},""angle"":3.1415927410125734,""size_dots"":{""x"":0.0,""y"":0.0},""size_mm"":10.0}"
2025/12/01 20:34:06:925547,Front,KeyLog,KeyboardUI/Update,"{""c"":""K"",""position"":{""x"":0.0,""y"":0.0},""angle"":3.1415927410125734,""size_dots"":{""x"":0.0,""y"":0.0},""size_mm"":10.0}"
2025/12/01 20:34:06:925547,Front,KeyLog,KeyboardUI/Update,"{""c"":""L"",""position"":{""x"":0.0,""y"":0.0},""angle"":3.1415927410125734,""size_dots"":{""x"":0.0,""y"":0.0},""size_mm"":10.0}"
2025/12/01 20:34:06:925547,Front,KeyLog,KeyboardUI/Update,"{""c"":""Z"",""position"":{""x"":0.0,""y"":0.0},""angle"":3.1415927410125734,""size_dots"":{""x"":0.0,""y"":0.0},""size_mm"":10.0}"
2025/12/01 20:34:06:925547,Front,KeyLog,KeyboardUI/Update,"{""c"":""X"",""position"":{""x"":0.0,""y"":0.0},""angle"":3.1415927410125734,""size_dots"":{""x"":0.0,""y"":0.0},""size_mm"":10.0}"
2025/12/01 20:34:06:925547,Front,KeyLog,KeyboardUI/Update,"{""c"":""C"",""position"":{""x"":0.0,""y"":0.0},""angle"":3.1415927410125734,""size_dots"":{""x"":0.0,""y"":0.0},""size_mm"":10.0}"
2025/12/01 20:34:06:925547,Front,KeyLog,KeyboardUI/Update,"{""c"":""V"",""position"":{""x"":0.0,""y"":0.0},""angle"":3.1415927410125734,""size_dots"":{""x"":0.0,""y"":0.0},""size_mm"":10.0}"
2025/12/01 20:34:06:925547,Front,KeyLog,KeyboardUI/Update,"{""c"":""B"",""position"":{""x"":0.0,""y"":0.0},""angle"":3.1415927410125734,""size_dots"":{""x"":0.0,""y"":0.0},""size_mm"":10.0}"
2025/12/01 20:34:06:925547,Front,KeyLog,KeyboardUI/Update,"{""c"":""N"",""position"":{""x"":0.0,""y"":0.0},""angle"":3.1415927410125734,""size_dots"":{""x"":0.0,""y"":0.0},""size_mm"":10.0}"
2025/12/01 20:34:06:925547,Front,KeyLog,KeyboardUI/Update,"{""c"":""M"",""position"":{""x"":0.0,""y"":0.0},""angle"":3.1415927410125734,""size_dots"":{""x"":0.0,""y"":0.0},""size_mm"":10.0}"
2025/12/01 20:34:06:925547,Front,KeyLog,KeyboardUI/Update,"{""c"":""#"",""position"":{""x"":0.0,""y"":0.0},""angle"":3.1415927410125734,""size_dots"":{""x"":0.0,""y"":0.0},""size_mm"":13.800000190734864}"
2025/12/01 20:34:06:926547,Front,KeyLog,KeyboardUI/Update,"{""c"":""&"",""position"":{""x"":0.0,""y"":0.0},""angle"":3.1415927410125734,""size_dots"":{""x"":0.0,""y"":0.0},""size_mm"":13.800000190734864}"
2025/12/01 20:34:06:926547,Front,KeyLog,KeyboardUI/Update,"{""c"":""%"",""position"":{""x"":0.0,""y"":0.0},""angle"":3.1415927410125734,""size_dots"":{""x"":0.0,""y"":0.0},""size_mm"":13.800000190734864}"
2025/12/01 20:34:06:934122,Front,ARMarkerLog,ARMarkerDetector/Update,"{""position"":[0.0,0.0],""angle"":0.0}"
2025/12/01 20:34:06:944266,Front,KeyLog,KeyboardUI/Update,"{""c"":""Q"",""position"":{""x"":0.0,""y"":0.0},""angle"":3.1415927410125734,""size_dots"":{""x"":0.0,""y"":0.0},""size_mm"":10.0}"
2025/12/01 20:34:06:946289,Front,KeyLog,KeyboardUI/Update,"{""c"":""W"",""position"":{""x"":0.0,""y"":0.0},""angle"":3.1415927410125734,""size_dots"":{""x"":0.0,""y"":0.0},""size_mm"":10.0}"
2025/12/01 20:34:06:947305,Front,KeyLog,KeyboardUI/Update,"{""c"":""E"",""position"":{""x"":0.0,""y"":0.0},""angle"":3.1415927410125734,""size_dots"":{""x"":0.0,""y"":0.0},""size_mm"":10.0}"
2025/12/01 20:34:06:947305,Front,KeyLog,KeyboardUI/Update,"{""c"":""R"",""position"":{""x"":0.0,""y"":0.0},""angle"":3.1415927410125734,""size_dots"":{""x"":0.0,""y"":0.0},""size_mm"":10.0}"
2025/12/01 20:34:06:948324,Front,KeyLog,KeyboardUI/Update,"{""c"":""T"",""position"":{""x"":0.0,""y"":0.0},""angle"":3.1415927410125734,""size_dots"":{""x"":0.0,""y"":0.0},""size_mm"":10.0}"
2025/12/01 20:34:06:949335,Front,KeyLog,KeyboardUI/Update,"{""c"":""Y"",""position"":{""x"":0.0,""y"":0.0},""angle"":3.1415927410125734,""size_dots"":{""x"":0.0,""y"":0.0},""size_mm"":10.0}"
2025/12/01 20:34:06:949335,Front,KeyLog,KeyboardUI/Update,"{""c"":""U"",""position"":{""x"":0.0,""y"":0.0},""angle"":3.1415927410125734,""size_dots"":{""x"":0.0,""y"":0.0},""size_mm"":10.0}"
2025/12/01 20:34:06:950347,Front,KeyLog,KeyboardUI/Update,"{""c"":""I"",""position"":{""x"":0.0,""y"":0.0},""angle"":3.1415927410125734,""size_dots"":{""x"":0.0,""y"":0.0},""size_mm"":10.0}"
2025/12/01 20:34:06:951375,Front,KeyLog,KeyboardUI/Update,"{""c"":""O"",""position"":{""x"":0.0,""y"":0.0},""angle"":3.1415927410125734,""size_dots"":{""x"":0.0,""y"":0.0},""size_mm"":10.0}"
2025/12/01 20:34:06:952382,Front,KeyLog,KeyboardUI/Update,"{""c"":""P"",""position"":{""x"":0.0,""y"":0.0},""angle"":3.1415927410125734,""size_dots"":{""x"":0.0,""y"":0.0},""size_mm"":10.0}"
2025/12/01 20:34:06:953900,Front,KeyLog,KeyboardUI/Update,"{""c"":""A"",""position"":{""x"":0.0,""y"":0.0},""angle"":3.1415927410125734,""size_dots"":{""x"":0.0,""y"":0.0},""size_mm"":10.0}"
2025/12/01 20:34:06:954406,Front,KeyLog,KeyboardUI/Update,"{""c"":""S"",""position"":{""x"":0.0,""y"":0.0},""angle"":3.1415927410125734,""size_dots"":{""x"":0.0,""y"":0.0},""size_mm"":10.0}"
2025/12/01 20:34:06:955416,Front,KeyLog,KeyboardUI/Update,"{""c"":""D"",""position"":{""x"":0.0,""y"":0.0},""angle"":3.1415927410125734,""size_dots"":{""x"":0.0,""y"":0.0},""size_mm"":10.0}"
2025/12/01 20:34:06:956425,Front,KeyLog,KeyboardUI/Update,"{""c"":""F"",""position"":{""x"":0.0,""y"":0.0},""angle"":3.1415927410125734,""size_dots"":{""x"":0.0,""y"":0.0},""size_mm"":10.0}"
2025/12/01 20:34:06:956425,Front,KeyLog,KeyboardUI/Update,"{""c"":""G"",""position"":{""x"":0.0,""y"":0.0},""angle"":3.1415927410125734,""size_dots"":{""x"":0.0,""y"":0.0},""size_mm"":10.0}"
2025/12/01 20:34:06:957443,Front,KeyLog,KeyboardUI/Update,"{""c"":""H"",""position"":{""x"":0.0,""y"":0.0},""angle"":3.1415927410125734,""size_dots"":{""x"":0.0,""y"":0.0},""size_mm"":10.0}"
2025/12/01 20:34:06:958452,Front,KeyLog,KeyboardUI/Update,"{""c"":""J"",""position"":{""x"":0.0,""y"":0.0},""angle"":3.1415927410125734,""size_dots"":{""x"":0.0,""y"":0.0},""size_mm"":10.0}"
2025/12/01 20:34:06:959462,Front,KeyLog,KeyboardUI/Update,"{""c"":""K"",""position"":{""x"":0.0,""y"":0.0},""angle"":3.1415927410125734,""size_dots"":{""x"":0.0,""y"":0.0},""size_mm"":10.0}"
2025/12/01 20:34:06:960474,Front,KeyLog,KeyboardUI/Update,"{""c"":""L"",""position"":{""x"":0.0,""y"":0.0},""angle"":3.1415927410125734,""size_dots"":{""x"":0.0,""y"":0.0},""size_mm"":10.0}"
2025/12/01 20:34:06:961484,Front,KeyLog,KeyboardUI/Update,"{""c"":""Z"",""position"":{""x"":0.0,""y"":0.0},""angle"":3.1415927410125734,""size_dots"":{""x"":0.0,""y"":0.0},""size_mm"":10.0}"
2025/12/01 20:34:06:962494,Front,KeyLog,KeyboardUI/Update,"{""c"":""X"",""position"":{""x"":0.0,""y"":0.0},""angle"":3.1415927410125734,""size_dots"":{""x"":0.0,""y"":0.0},""size_mm"":10.0}"
2025/12/01 20:34:06:962494,Front,KeyLog,KeyboardUI/Update,"{""c"":""C"",""position"":{""x"":0.0,""y"":0.0},""angle"":3.1415927410125734,""size_dots"":{""x"":0.0,""y"":0.0},""size_mm"":10.0}"
2025/12/01 20:34:06:962494,Front,KeyLog,KeyboardUI/Update,"{""c"":""V"",""position"":{""x"":0.0,""y"":0.0},""angle"":3.1415927410125734,""size_dots"":{""x"":0.0,""y"":0.0},""size_mm"":10.0}"
2025/12/01 20:34:06:963502,Front,KeyLog,KeyboardUI/Update,"{""c"":""B"",""position"":{""x"":0.0,""y"":0.0},""angle"":3.1415927410125734,""size_dots"":{""x"":0.0,""y"":0.0},""size_mm"":10.0}"
2025/12/01 20:34:06:965526,Front,KeyLog,KeyboardUI/Update,"{""c"":""N"",""position"":{""x"":0.0,""y"":0.0},""angle"":3.1415927410125734,""size_dots"":{""x"":0.0,""y"":0.0},""size_mm"":10.0}"
2025/12/01 20:34:06:966525,Front,KeyLog,KeyboardUI/Update,"{""c"":""M"",""position"":{""x"":0.0,""y"":0.0},""angle"":3.1415927410125734,""size_dots"":{""x"":0.0,""y"":0.0},""size_mm"":10.0}"
2025/12/01 20:34:06:967029,Front,KeyLog,KeyboardUI/Update,"{""c"":""#"",""position"":{""x"":0.0,""y"":0.0},""angle"":3.1415927410125734,""size_dots"":{""x"":0.0,""y"":0.0},""size_mm"":13.800000190734864}"
2025/12/01 20:34:06:968038,Front,KeyLog,KeyboardUI/Update,"{""c"":""&"",""position"":{""x"":0.0,""y"":0.0},""angle"":3.1415927410125734,""size_dots"":{""x"":0.0,""y"":0.0},""size_mm"":13.800000190734864}"
2025/12/01 20:34:06:968038,Front,KeyLog,KeyboardUI/Update,"{""c"":""%"",""position"":{""x"":0.0,""y"":0.0},""angle"":3.1415927410125734,""size_dots"":{""x"":0.0,""y"":0.0},""size_mm"":13.800000190734864}"
2025/12/01 20:34:06:994402,Front,ARMarkerLog,ARMarkerDetector/Update,"{""position"":[0.0,0.0],""angle"":0.0}"
2025/12/01 20:34:07:009168,Front,KeyLog,KeyboardUI/Update,"{""c"":""Q"",""position"":{""x"":0.0,""y"":0.0},""angle"":3.1415927410125734,""size_dots"":{""x"":0.0,""y"":0.0},""size_mm"":10.0}"
2025/12/01 20:34:07:012201,Front,KeyLog,KeyboardUI/Update,"{""c"":""W"",""position"":{""x"":0.0,""y"":0.0},""angle"":3.1415927410125734,""size_dots"":{""x"":0.0,""y"":0.0},""size_mm"":10.0}"
2025/12/01 20:34:07:013225,Front,KeyLog,KeyboardUI/Update,"{""c"":""E"",""position"":{""x"":0.0,""y"":0.0},""angle"":3.1415927410125734,""size_dots"":{""x"":0.0,""y"":0.0},""size_mm"":10.0}"
2025/12/01 20:34:07:014235,Front,KeyLog,KeyboardUI/Update,"{""c"":""R"",""position"":{""x"":0.0,""y"":0.0},""angle"":3.1415927410125734,""size_dots"":{""x"":0.0,""y"":0.0},""size_mm"":10.0}"
2025/12/01 20:34:07:015245,Front,KeyLog,KeyboardUI/Update,"{""c"":""T"",""position"":{""x"":0.0,""y"":0.0},""angle"":3.1415927410125734,""size_dots"":{""x"":0.0,""y"":0.0},""size_mm"":10.0}"
2025/12/01 20:34:07:016761,Front,KeyLog,KeyboardUI/Update,"{""c"":""Y"",""position"":{""x"":0.0,""y"":0.0},""angle"":3.1415927410125734,""size_dots"":{""x"":0.0,""y"":0.0},""size_mm"":10.0}"
2025/12/01 20:34:07:017269,Front,KeyLog,KeyboardUI/Update,"{""c"":""U"",""position"":{""x"":0.0,""y"":0.0},""angle"":3.1415927410125734,""size_dots"":{""x"":0.0,""y"":0.0},""size_mm"":10.0}"
2025/12/01 20:34:07:018280,Front,KeyLog,KeyboardUI/Update,"{""c"":""I"",""position"":{""x"":0.0,""y"":0.0},""angle"":3.1415927410125734,""size_dots"":{""x"":0.0,""y"":0.0},""size_mm"":10.0}"
2025/12/01 20:34:07:019289,Front,KeyLog,KeyboardUI/Update,"{""c"":""O"",""position"":{""x"":0.0,""y"":0.0},""angle"":3.1415927410125734,""size_dots"":{""x"":0.0,""y"":0.0},""size_mm"":10.0}"
2025/12/01 20:34:07:019289,Front,KeyLog,KeyboardUI/Update,"{""c"":""P"",""position"":{""x"":0.0,""y"":0.0},""angle"":3.1415927410125734,""size_dots"":{""x"":0.0,""y"":0.0},""size_mm"":10.0}"
2025/12/01 20:34:07:020298,Front,KeyLog,KeyboardUI/Update,"{""c"":""A"",""position"":{""x"":0.0,""y"":0.0},""angle"":3.1415927410125734,""size_dots"":{""x"":0.0,""y"":0.0},""size_mm"":10.0}"
2025/12/01 20:34:07:020298,Front,KeyLog,KeyboardUI/Update,"{""c"":""S"",""position"":{""x"":0.0,""y"":0.0},""angle"":3.1415927410125734,""size_dots"":{""x"":0.0,""y"":0.0},""size_mm"":10.0}"
2025/12/01 20:34:07:021307,Front,KeyLog,KeyboardUI/Update,"{""c"":""D"",""position"":{""x"":0.0,""y"":0.0},""angle"":3.1415927410125734,""size_dots"":{""x"":0.0,""y"":0.0},""size_mm"":10.0}"
2025/12/01 20:34:07:022322,Front,KeyLog,KeyboardUI/Update,"{""c"":""F"",""position"":{""x"":0.0,""y"":0.0},""angle"":3.1415927410125734,""size_dots"":{""x"":0.0,""y"":0.0},""size_mm"":10.0}"
2025/12/01 20:34:07:023331,Front,KeyLog,KeyboardUI/Update,"{""c"":""G"",""position"":{""x"":0.0,""y"":0.0},""angle"":3.1415927410125734,""size_dots"":{""x"":0.0,""y"":0.0},""size_mm"":10.0}"
2025/12/01 20:34:07:023331,Front,KeyLog,KeyboardUI/Update,"{""c"":""H"",""position"":{""x"":0.0,""y"":0.0},""angle"":3.1415927410125734,""size_dots"":{""x"":0.0,""y"":0.0},""size_mm"":10.0}"
2025/12/01 20:34:07:024340,Front,KeyLog,KeyboardUI/Update,"{""c"":""J"",""position"":{""x"":0.0,""y"":0.0},""angle"":3.1415927410125734,""size_dots"":{""x"":0.0,""y"":0.0},""size_mm"":10.0}"
2025/12/01 20:34:07:024340,Front,KeyLog,KeyboardUI/Update,"{""c"":""K"",""position"":{""x"":0.0,""y"":0.0},""angle"":3.1415927410125734,""size_dots"":{""x"":0.0,""y"":0.0},""size_mm"":10.0}"
2025/12/01 20:34:07:024340,Front,KeyLog,KeyboardUI/Update,"{""c"":""L"",""position"":{""x"":0.0,""y"":0.0},""angle"":3.1415927410125734,""size_dots"":{""x"":0.0,""y"":0.0},""size_mm"":10.0}"
2025/12/01 20:34:07:025351,Front,KeyLog,KeyboardUI/Update,"{""c"":""Z"",""position"":{""x"":0.0,""y"":0.0},""angle"":3.1415927410125734,""size_dots"":{""x"":0.0,""y"":0.0},""size_mm"":10.0}"
2025/12/01 20:34:07:026872,Front,KeyLog,KeyboardUI/Update,"{""c"":""X"",""position"":{""x"":0.0,""y"":0.0},""angle"":3.1415927410125734,""size_dots"":{""x"":0.0,""y"":0.0},""size_mm"":10.0}"
2025/12/01 20:34:07:028414,Front,KeyLog,KeyboardUI/Update,"{""c"":""C"",""position"":{""x"":0.0,""y"":0.0},""angle"":3.1415927410125734,""size_dots"":{""x"":0.0,""y"":0.0},""size_mm"":10.0}"
2025/12/01 20:34:07:028414,Front,KeyLog,KeyboardUI/Update,"{""c"":""V"",""position"":{""x"":0.0,""y"":0.0},""angle"":3.1415927410125734,""size_dots"":{""x"":0.0,""y"":0.0},""size_mm"":10.0}"
2025/12/01 20:34:07:029423,Front,KeyLog,KeyboardUI/Update,"{""c"":""B"",""position"":{""x"":0.0,""y"":0.0},""angle"":3.1415927410125734,""size_dots"":{""x"":0.0,""y"":0.0},""size_mm"":10.0}"
2025/12/01 20:34:07:030435,Front,KeyLog,KeyboardUI/Update,"{""c"":""N"",""position"":{""x"":0.0,""y"":0.0},""angle"":3.1415927410125734,""size_dots"":{""x"":0.0,""y"":0.0},""size_mm"":10.0}"
2025/12/01 20:34:07:031446,Front,KeyLog,KeyboardUI/Update,"{""c"":""M"",""position"":{""x"":0.0,""y"":0.0},""angle"":3.1415927410125734,""size_dots"":{""x"":0.0,""y"":0.0},""size_mm"":10.0}"
2025/12/01 20:34:07:031446,Front,KeyLog,KeyboardUI/Update,"{""c"":""#"",""position"":{""x"":0.0,""y"":0.0},""angle"":3.1415927410125734,""size_dots"":{""x"":0.0,""y"":0.0},""size_mm"":13.800000190734864}"
2025/12/01 20:34:07:032468,Front,KeyLog,KeyboardUI/Update,"{""c"":""&"",""position"":{""x"":0.0,""y"":0.0},""angle"":3.1415927410125734,""size_dots"":{""x"":0.0,""y"":0.0},""size_mm"":13.800000190734864}"
2025/12/01 20:34:07:033476,Front,KeyLog,KeyboardUI/Update,"{""c"":""%"",""position"":{""x"":0.0,""y"":0.0},""angle"":3.1415927410125734,""size_dots"":{""x"":0.0,""y"":0.0},""size_mm"":13.800000190734864}"
2025/12/01 20:34:07:063379,Front,ARMarkerLog,ARMarkerDetector/Update,"{""position"":[0.0,0.0],""angle"":0.0}"
2025/12/01 20:34:07:075536,Front,KeyLog,KeyboardUI/Update,"{""c"":""Q"",""position"":{""x"":0.0,""y"":0.0},""angle"":3.1415927410125734,""size_dots"":{""x"":0.0,""y"":0.0},""size_mm"":10.0}"
2025/12/01 20:34:07:075536,Front,KeyLog,KeyboardUI/Update,"{""c"":""W"",""position"":{""x"":0.0,""y"":0.0},""angle"":3.1415927410125734,""size_dots"":{""x"":0.0,""y"":0.0},""size_mm"":10.0}"
2025/12/01 20:34:07:075536,Front,KeyLog,KeyboardUI/Update,"{""c"":""E"",""position"":{""x"":0.0,""y"":0.0},""angle"":3.1415927410125734,""size_dots"":{""x"":0.0,""y"":0.0},""size_mm"":10.0}"
2025/12/01 20:34:07:077039,Front,KeyLog,KeyboardUI/Update,"{""c"":""R"",""position"":{""x"":0.0,""y"":0.0},""angle"":3.1415927410125734,""size_dots"":{""x"":0.0,""y"":0.0},""size_mm"":10.0}"
2025/12/01 20:34:07:077039,Front,KeyLog,KeyboardUI/Update,"{""c"":""T"",""position"":{""x"":0.0,""y"":0.0},""angle"":3.1415927410125734,""size_dots"":{""x"":0.0,""y"":0.0},""size_mm"":10.0}"
2025/12/01 20:34:07:077039,Front,KeyLog,KeyboardUI/Update,"{""c"":""Y"",""position"":{""x"":0.0,""y"":0.0},""angle"":3.1415927410125734,""size_dots"":{""x"":0.0,""y"":0.0},""size_mm"":10.0}"
2025/12/01 20:34:07:077039,Front,KeyLog,KeyboardUI/Update,"{""c"":""U"",""position"":{""x"":0.0,""y"":0.0},""angle"":3.1415927410125734,""size_dots"":{""x"":0.0,""y"":0.0},""size_mm"":10.0}"
2025/12/01 20:34:07:077039,Front,KeyLog,KeyboardUI/Update,"{""c"":""I"",""position"":{""x"":0.0,""y"":0.0},""angle"":3.1415927410125734,""size_dots"":{""x"":0.0,""y"":0.0},""size_mm"":10.0}"
2025/12/01 20:34:07:077039,Front,KeyLog,KeyboardUI/Update,"{""c"":""O"",""position"":{""x"":0.0,""y"":0.0},""angle"":3.1415927410125734,""size_dots"":{""x"":0.0,""y"":0.0},""size_mm"":10.0}"
2025/12/01 20:34:07:077039,Front,KeyLog,KeyboardUI/Update,"{""c"":""P"",""position"":{""x"":0.0,""y"":0.0},""angle"":3.1415927410125734,""size_dots"":{""x"":0.0,""y"":0.0},""size_mm"":10.0}"
2025/12/01 20:34:07:077039,Front,KeyLog,KeyboardUI/Update,"{""c"":""A"",""position"":{""x"":0.0,""y"":0.0},""angle"":3.1415927410125734,""size_dots"":{""x"":0.0,""y"":0.0},""size_mm"":10.0}"
2025/12/01 20:34:07:077039,Front,KeyLog,KeyboardUI/Update,"{""c"":""S"",""position"":{""x"":0.0,""y"":0.0},""angle"":3.1415927410125734,""size_dots"":{""x"":0.0,""y"":0.0},""size_mm"":10.0}"
2025/12/01 20:34:07:077039,Front,KeyLog,KeyboardUI/Update,"{""c"":""D"",""position"":{""x"":0.0,""y"":0.0},""angle"":3.1415927410125734,""size_dots"":{""x"":0.0,""y"":0.0},""size_mm"":10.0}"
2025/12/01 20:34:07:077039,Front,KeyLog,KeyboardUI/Update,"{""c"":""F"",""position"":{""x"":0.0,""y"":0.0},""angle"":3.1415927410125734,""size_dots"":{""x"":0.0,""y"":0.0},""size_mm"":10.0}"
2025/12/01 20:34:07:077039,Front,KeyLog,KeyboardUI/Update,"{""c"":""G"",""position"":{""x"":0.0,""y"":0.0},""angle"":3.1415927410125734,""size_dots"":{""x"":0.0,""y"":0.0},""size_mm"":10.0}"
2025/12/01 20:34:07:077039,Front,KeyLog,KeyboardUI/Update,"{""c"":""H"",""position"":{""x"":0.0,""y"":0.0},""angle"":3.1415927410125734,""size_dots"":{""x"":0.0,""y"":0.0},""size_mm"":10.0}"
2025/12/01 20:34:07:077039,Front,KeyLog,KeyboardUI/Update,"{""c"":""J"",""position"":{""x"":0.0,""y"":0.0},""angle"":3.1415927410125734,""size_dots"":{""x"":0.0,""y"":0.0},""size_mm"":10.0}"
2025/12/01 20:34:07:077039,Front,KeyLog,KeyboardUI/Update,"{""c"":""K"",""position"":{""x"":0.0,""y"":0.0},""angle"":3.1415927410125734,""size_dots"":{""x"":0.0,""y"":0.0},""size_mm"":10.0}"
2025/12/01 20:34:07:077039,Front,KeyLog,KeyboardUI/Update,"{""c"":""L"",""position"":{""x"":0.0,""y"":0.0},""angle"":3.1415927410125734,""size_dots"":{""x"":0.0,""y"":0.0},""size_mm"":10.0}"
2025/12/01 20:34:07:077039,Front,KeyLog,KeyboardUI/Update,"{""c"":""Z"",""position"":{""x"":0.0,""y"":0.0},""angle"":3.1415927410125734,""size_dots"":{""x"":0.0,""y"":0.0},""size_mm"":10.0}"
2025/12/01 20:34:07:078046,Front,KeyLog,KeyboardUI/Update,"{""c"":""X"",""position"":{""x"":0.0,""y"":0.0},""angle"":3.1415927410125734,""size_dots"":{""x"":0.0,""y"":0.0},""size_mm"":10.0}"
2025/12/01 20:34:07:079058,Front,KeyLog,KeyboardUI/Update,"{""c"":""C"",""position"":{""x"":0.0,""y"":0.0},""angle"":3.1415927410125734,""size_dots"":{""x"":0.0,""y"":0.0},""size_mm"":10.0}"
2025/12/01 20:34:07:079058,Front,KeyLog,KeyboardUI/Update,"{""c"":""V"",""position"":{""x"":0.0,""y"":0.0},""angle"":3.1415927410125734,""size_dots"":{""x"":0.0,""y"":0.0},""size_mm"":10.0}"
2025/12/01 20:34:07:080068,Front,KeyLog,KeyboardUI/Update,"{""c"":""B"",""position"":{""x"":0.0,""y"":0.0},""angle"":3.1415927410125734,""size_dots"":{""x"":0.0,""y"":0.0},""size_mm"":10.0}"
2025/12/01 20:34:07:080068,Front,KeyLog,KeyboardUI/Update,"{""c"":""N"",""position"":{""x"":0.0,""y"":0.0},""angle"":3.1415927410125734,""size_dots"":{""x"":0.0,""y"":0.0},""size_mm"":10.0}"
2025/12/01 20:34:07:081078,Front,KeyLog,KeyboardUI/Update,"{""c"":""M"",""position"":{""x"":0.0,""y"":0.0},""angle"":3.1415927410125734,""size_dots"":{""x"":0.0,""y"":0.0},""size_mm"":10.0}"
2025/12/01 20:34:07:082086,Front,KeyLog,KeyboardUI/Update,"{""c"":""#"",""position"":{""x"":0.0,""y"":0.0},""angle"":3.1415927410125734,""size_dots"":{""x"":0.0,""y"":0.0},""size_mm"":13.800000190734864}"
2025/12/01 20:34:07:083095,Front,KeyLog,KeyboardUI/Update,"{""c"":""&"",""position"":{""x"":0.0,""y"":0.0},""angle"":3.1415927410125734,""size_dots"":{""x"":0.0,""y"":0.0},""size_mm"":13.800000190734864}"
2025/12/01 20:34:07:084110,Front,KeyLog,KeyboardUI/Update,"{""c"":""%"",""position"":{""x"":0.0,""y"":0.0},""angle"":3.1415927410125734,""size_dots"":{""x"":0.0,""y"":0.0},""size_mm"":13.800000190734864}"
2025/12/01 20:34:07:106938,Front,ARMarkerLog,ARMarkerDetector/Update,"{""position"":[0.0,0.0],""angle"":0.0}"
2025/12/01 20:34:07:123209,Front,KeyLog,KeyboardUI/Update,"{""c"":""Q"",""position"":{""x"":0.0,""y"":0.0},""angle"":3.1415927410125734,""size_dots"":{""x"":0.0,""y"":0.0},""size_mm"":10.0}"
2025/12/01 20:34:07:123209,Front,KeyLog,KeyboardUI/Update,"{""c"":""W"",""position"":{""x"":0.0,""y"":0.0},""angle"":3.1415927410125734,""size_dots"":{""x"":0.0,""y"":0.0},""size_mm"":10.0}"
2025/12/01 20:34:07:123209,Front,KeyLog,KeyboardUI/Update,"{""c"":""E"",""position"":{""x"":0.0,""y"":0.0},""angle"":3.1415927410125734,""size_dots"":{""x"":0.0,""y"":0.0},""size_mm"":10.0}"
2025/12/01 20:34:07:123209,Front,KeyLog,KeyboardUI/Update,"{""c"":""R"",""position"":{""x"":0.0,""y"":0.0},""angle"":3.1415927410125734,""size_dots"":{""x"":0.0,""y"":0.0},""size_mm"":10.0}"
2025/12/01 20:34:07:123209,Front,KeyLog,KeyboardUI/Update,"{""c"":""T"",""position"":{""x"":0.0,""y"":0.0},""angle"":3.1415927410125734,""size_dots"":{""x"":0.0,""y"":0.0},""size_mm"":10.0}"
2025/12/01 20:34:07:123209,Front,KeyLog,KeyboardUI/Update,"{""c"":""Y"",""position"":{""x"":0.0,""y"":0.0},""angle"":3.1415927410125734,""size_dots"":{""x"":0.0,""y"":0.0},""size_mm"":10.0}"
2025/12/01 20:34:07:123209,Front,KeyLog,KeyboardUI/Update,"{""c"":""U"",""position"":{""x"":0.0,""y"":0.0},""angle"":3.1415927410125734,""size_dots"":{""x"":0.0,""y"":0.0},""size_mm"":10.0}"
2025/12/01 20:34:07:123209,Front,KeyLog,KeyboardUI/Update,"{""c"":""I"",""position"":{""x"":0.0,""y"":0.0},""angle"":3.1415927410125734,""size_dots"":{""x"":0.0,""y"":0.0},""size_mm"":10.0}"
2025/12/01 20:34:07:123209,Front,KeyLog,KeyboardUI/Update,"{""c"":""O"",""position"":{""x"":0.0,""y"":0.0},""angle"":3.1415927410125734,""size_dots"":{""x"":0.0,""y"":0.0},""size_mm"":10.0}"
2025/12/01 20:34:07:123209,Front,KeyLog,KeyboardUI/Update,"{""c"":""P"",""position"":{""x"":0.0,""y"":0.0},""angle"":3.1415927410125734,""size_dots"":{""x"":0.0,""y"":0.0},""size_mm"":10.0}"
2025/12/01 20:34:07:123209,Front,KeyLog,KeyboardUI/Update,"{""c"":""A"",""position"":{""x"":0.0,""y"":0.0},""angle"":3.1415927410125734,""size_dots"":{""x"":0.0,""y"":0.0},""size_mm"":10.0}"
2025/12/01 20:34:07:124221,Front,KeyLog,KeyboardUI/Update,"{""c"":""S"",""position"":{""x"":0.0,""y"":0.0},""angle"":3.1415927410125734,""size_dots"":{""x"":0.0,""y"":0.0},""size_mm"":10.0}"
2025/12/01 20:34:07:124221,Front,KeyLog,KeyboardUI/Update,"{""c"":""D"",""position"":{""x"":0.0,""y"":0.0},""angle"":3.1415927410125734,""size_dots"":{""x"":0.0,""y"":0.0},""size_mm"":10.0}"
2025/12/01 20:34:07:124221,Front,KeyLog,KeyboardUI/Update,"{""c"":""F"",""position"":{""x"":0.0,""y"":0.0},""angle"":3.1415927410125734,""size_dots"":{""x"":0.0,""y"":0.0},""size_mm"":10.0}"
2025/12/01 20:34:07:124221,Front,KeyLog,KeyboardUI/Update,"{""c"":""G"",""position"":{""x"":0.0,""y"":0.0},""angle"":3.1415927410125734,""size_dots"":{""x"":0.0,""y"":0.0},""size_mm"":10.0}"
2025/12/01 20:34:07:124221,Front,KeyLog,KeyboardUI/Update,"{""c"":""H"",""position"":{""x"":0.0,""y"":0.0},""angle"":3.1415927410125734,""size_dots"":{""x"":0.0,""y"":0.0},""size_mm"":10.0}"
2025/12/01 20:34:07:124221,Front,KeyLog,KeyboardUI/Update,"{""c"":""J"",""position"":{""x"":0.0,""y"":0.0},""angle"":3.1415927410125734,""size_dots"":{""x"":0.0,""y"":0.0},""size_mm"":10.0}"
2025/12/01 20:34:07:124221,Front,KeyLog,KeyboardUI/Update,"{""c"":""K"",""position"":{""x"":0.0,""y"":0.0},""angle"":3.1415927410125734,""size_dots"":{""x"":0.0,""y"":0.0},""size_mm"":10.0}"
2025/12/01 20:34:07:124221,Front,KeyLog,KeyboardUI/Update,"{""c"":""L"",""position"":{""x"":0.0,""y"":0.0},""angle"":3.1415927410125734,""size_dots"":{""x"":0.0,""y"":0.0},""size_mm"":10.0}"
2025/12/01 20:34:07:124221,Front,KeyLog,KeyboardUI/Update,"{""c"":""Z"",""position"":{""x"":0.0,""y"":0.0},""angle"":3.1415927410125734,""size_dots"":{""x"":0.0,""y"":0.0},""size_mm"":10.0}"
2025/12/01 20:34:07:124221,Front,KeyLog,KeyboardUI/Update,"{""c"":""X"",""position"":{""x"":0.0,""y"":0.0},""angle"":3.1415927410125734,""size_dots"":{""x"":0.0,""y"":0.0},""size_mm"":10.0}"
2025/12/01 20:34:07:124221,Front,KeyLog,KeyboardUI/Update,"{""c"":""C"",""position"":{""x"":0.0,""y"":0.0},""angle"":3.1415927410125734,""size_dots"":{""x"":0.0,""y"":0.0},""size_mm"":10.0}"
2025/12/01 20:34:07:125236,Front,KeyLog,KeyboardUI/Update,"{""c"":""V"",""position"":{""x"":0.0,""y"":0.0},""angle"":3.1415927410125734,""size_dots"":{""x"":0.0,""y"":0.0},""size_mm"":10.0}"
2025/12/01 20:34:07:126250,Front,KeyLog,KeyboardUI/Update,"{""c"":""B"",""position"":{""x"":0.0,""y"":0.0},""angle"":3.1415927410125734,""size_dots"":{""x"":0.0,""y"":0.0},""size_mm"":10.0}"
2025/12/01 20:34:07:127266,Front,KeyLog,KeyboardUI/Update,"{""c"":""N"",""position"":{""x"":0.0,""y"":0.0},""angle"":3.1415927410125734,""size_dots"":{""x"":0.0,""y"":0.0},""size_mm"":10.0}"
2025/12/01 20:34:07:128277,Front,KeyLog,KeyboardUI/Update,"{""c"":""M"",""position"":{""x"":0.0,""y"":0.0},""angle"":3.1415927410125734,""size_dots"":{""x"":0.0,""y"":0.0},""size_mm"":10.0}"
2025/12/01 20:34:07:129284,Front,KeyLog,KeyboardUI/Update,"{""c"":""#"",""position"":{""x"":0.0,""y"":0.0},""angle"":3.1415927410125734,""size_dots"":{""x"":0.0,""y"":0.0},""size_mm"":13.800000190734864}"
2025/12/01 20:34:07:131306,Front,KeyLog,KeyboardUI/Update,"{""c"":""&"",""position"":{""x"":0.0,""y"":0.0},""angle"":3.1415927410125734,""size_dots"":{""x"":0.0,""y"":0.0},""size_mm"":13.800000190734864}"
2025/12/01 20:34:07:132313,Front,KeyLog,KeyboardUI/Update,"{""c"":""%"",""position"":{""x"":0.0,""y"":0.0},""angle"":3.1415927410125734,""size_dots"":{""x"":0.0,""y"":0.0},""size_mm"":13.800000190734864}"
2025/12/01 20:34:07:158149,Front,ARMarkerLog,ARMarkerDetector/Update,"{""position"":[0.0,0.0],""angle"":0.0}"
2025/12/01 20:34:07:172370,Front,KeyLog,KeyboardUI/Update,"{""c"":""Q"",""position"":{""x"":0.0,""y"":0.0},""angle"":3.1415927410125734,""size_dots"":{""x"":0.0,""y"":0.0},""size_mm"":10.0}"
2025/12/01 20:34:07:173379,Front,KeyLog,KeyboardUI/Update,"{""c"":""W"",""position"":{""x"":0.0,""y"":0.0},""angle"":3.1415927410125734,""size_dots"":{""x"":0.0,""y"":0.0},""size_mm"":10.0}"
2025/12/01 20:34:07:174386,Front,KeyLog,KeyboardUI/Update,"{""c"":""E"",""position"":{""x"":0.0,""y"":0.0},""angle"":3.1415927410125734,""size_dots"":{""x"":0.0,""y"":0.0},""size_mm"":10.0}"
2025/12/01 20:34:07:174386,Front,KeyLog,KeyboardUI/Update,"{""c"":""R"",""position"":{""x"":0.0,""y"":0.0},""angle"":3.1415927410125734,""size_dots"":{""x"":0.0,""y"":0.0},""size_mm"":10.0}"
2025/12/01 20:34:07:175396,Front,KeyLog,KeyboardUI/Update,"{""c"":""T"",""position"":{""x"":0.0,""y"":0.0},""angle"":3.1415927410125734,""size_dots"":{""x"":0.0,""y"":0.0},""size_mm"":10.0}"
2025/12/01 20:34:07:175396,Front,KeyLog,KeyboardUI/Update,"{""c"":""Y"",""position"":{""x"":0.0,""y"":0.0},""angle"":3.1415927410125734,""size_dots"":{""x"":0.0,""y"":0.0},""size_mm"":10.0}"
2025/12/01 20:34:07:176920,Front,KeyLog,KeyboardUI/Update,"{""c"":""U"",""position"":{""x"":0.0,""y"":0.0},""angle"":3.1415927410125734,""size_dots"":{""x"":0.0,""y"":0.0},""size_mm"":10.0}"
2025/12/01 20:34:07:176920,Front,KeyLog,KeyboardUI/Update,"{""c"":""I"",""position"":{""x"":0.0,""y"":0.0},""angle"":3.1415927410125734,""size_dots"":{""x"":0.0,""y"":0.0},""size_mm"":10.0}"
2025/12/01 20:34:07:177426,Front,KeyLog,KeyboardUI/Update,"{""c"":""O"",""position"":{""x"":0.0,""y"":0.0},""angle"":3.1415927410125734,""size_dots"":{""x"":0.0,""y"":0.0},""size_mm"":10.0}"
2025/12/01 20:34:07:177426,Front,KeyLog,KeyboardUI/Update,"{""c"":""P"",""position"":{""x"":0.0,""y"":0.0},""angle"":3.1415927410125734,""size_dots"":{""x"":0.0,""y"":0.0},""size_mm"":10.0}"
2025/12/01 20:34:07:177426,Front,KeyLog,KeyboardUI/Update,"{""c"":""A"",""position"":{""x"":0.0,""y"":0.0},""angle"":3.1415927410125734,""size_dots"":{""x"":0.0,""y"":0.0},""size_mm"":10.0}"
2025/12/01 20:34:07:177426,Front,KeyLog,KeyboardUI/Update,"{""c"":""S"",""position"":{""x"":0.0,""y"":0.0},""angle"":3.1415927410125734,""size_dots"":{""x"":0.0,""y"":0.0},""size_mm"":10.0}"
2025/12/01 20:34:07:178436,Front,KeyLog,KeyboardUI/Update,"{""c"":""D"",""position"":{""x"":0.0,""y"":0.0},""angle"":3.1415927410125734,""size_dots"":{""x"":0.0,""y"":0.0},""size_mm"":10.0}"
2025/12/01 20:34:07:178436,Front,KeyLog,KeyboardUI/Update,"{""c"":""F"",""position"":{""x"":0.0,""y"":0.0},""angle"":3.1415927410125734,""size_dots"":{""x"":0.0,""y"":0.0},""size_mm"":10.0}"
2025/12/01 20:34:07:178436,Front,KeyLog,KeyboardUI/Update,"{""c"":""G"",""position"":{""x"":0.0,""y"":0.0},""angle"":3.1415927410125734,""size_dots"":{""x"":0.0,""y"":0.0},""size_mm"":10.0}"
2025/12/01 20:34:07:179445,Front,KeyLog,KeyboardUI/Update,"{""c"":""H"",""position"":{""x"":0.0,""y"":0.0},""angle"":3.1415927410125734,""size_dots"":{""x"":0.0,""y"":0.0},""size_mm"":10.0}"
2025/12/01 20:34:07:182514,Front,KeyLog,KeyboardUI/Update,"{""c"":""J"",""position"":{""x"":0.0,""y"":0.0},""angle"":3.1415927410125734,""size_dots"":{""x"":0.0,""y"":0.0},""size_mm"":10.0}"
2025/12/01 20:34:07:183525,Front,KeyLog,KeyboardUI/Update,"{""c"":""K"",""position"":{""x"":0.0,""y"":0.0},""angle"":3.1415927410125734,""size_dots"":{""x"":0.0,""y"":0.0},""size_mm"":10.0}"
2025/12/01 20:34:07:184536,Front,KeyLog,KeyboardUI/Update,"{""c"":""L"",""position"":{""x"":0.0,""y"":0.0},""angle"":3.1415927410125734,""size_dots"":{""x"":0.0,""y"":0.0},""size_mm"":10.0}"
2025/12/01 20:34:07:185546,Front,KeyLog,KeyboardUI/Update,"{""c"":""Z"",""position"":{""x"":0.0,""y"":0.0},""angle"":3.1415927410125734,""size_dots"":{""x"":0.0,""y"":0.0},""size_mm"":10.0}"
2025/12/01 20:34:07:188059,Front,KeyLog,KeyboardUI/Update,"{""c"":""X"",""position"":{""x"":0.0,""y"":0.0},""angle"":3.1415927410125734,""size_dots"":{""x"":0.0,""y"":0.0},""size_mm"":10.0}"
2025/12/01 20:34:07:189073,Front,KeyLog,KeyboardUI/Update,"{""c"":""C"",""position"":{""x"":0.0,""y"":0.0},""angle"":3.1415927410125734,""size_dots"":{""x"":0.0,""y"":0.0},""size_mm"":10.0}"
2025/12/01 20:34:07:191097,Front,KeyLog,KeyboardUI/Update,"{""c"":""V"",""position"":{""x"":0.0,""y"":0.0},""angle"":3.1415927410125734,""size_dots"":{""x"":0.0,""y"":0.0},""size_mm"":10.0}"
2025/12/01 20:34:07:191097,Front,KeyLog,KeyboardUI/Update,"{""c"":""B"",""position"":{""x"":0.0,""y"":0.0},""angle"":3.1415927410125734,""size_dots"":{""x"":0.0,""y"":0.0},""size_mm"":10.0}"
2025/12/01 20:34:07:192110,Front,KeyLog,KeyboardUI/Update,"{""c"":""N"",""position"":{""x"":0.0,""y"":0.0},""angle"":3.1415927410125734,""size_dots"":{""x"":0.0,""y"":0.0},""size_mm"":10.0}"
2025/12/01 20:34:07:195153,Front,KeyLog,KeyboardUI/Update,"{""c"":""M"",""position"":{""x"":0.0,""y"":0.0},""angle"":3.1415927410125734,""size_dots"":{""x"":0.0,""y"":0.0},""size_mm"":10.0}"
2025/12/01 20:34:07:197220,Front,KeyLog,KeyboardUI/Update,"{""c"":""#"",""position"":{""x"":0.0,""y"":0.0},""angle"":3.1415927410125734,""size_dots"":{""x"":0.0,""y"":0.0},""size_mm"":13.800000190734864}"
2025/12/01 20:34:07:199250,Front,KeyLog,KeyboardUI/Update,"{""c"":""&"",""position"":{""x"":0.0,""y"":0.0},""angle"":3.1415927410125734,""size_dots"":{""x"":0.0,""y"":0.0},""size_mm"":13.800000190734864}"
2025/12/01 20:34:07:201269,Front,KeyLog,KeyboardUI/Update,"{""c"":""%"",""position"":{""x"":0.0,""y"":0.0},""angle"":3.1415927410125734,""size_dots"":{""x"":0.0,""y"":0.0},""size_mm"":13.800000190734864}"
2025/12/01 20:34:07:243335,Front,ARMarkerLog,ARMarkerDetector/Update,"{""position"":[0.0,0.0],""angle"":0.0}"
2025/12/01 20:34:07:273336,Front,KeyLog,KeyboardUI/Update,"{""c"":""Q"",""position"":{""x"":0.0,""y"":0.0},""angle"":3.1415927410125734,""size_dots"":{""x"":0.0,""y"":0.0},""size_mm"":10.0}"
2025/12/01 20:34:07:275390,Front,KeyLog,KeyboardUI/Update,"{""c"":""W"",""position"":{""x"":0.0,""y"":0.0},""angle"":3.1415927410125734,""size_dots"":{""x"":0.0,""y"":0.0},""size_mm"":10.0}"
2025/12/01 20:34:07:277421,Front,KeyLog,KeyboardUI/Update,"{""c"":""E"",""position"":{""x"":0.0,""y"":0.0},""angle"":3.1415927410125734,""size_dots"":{""x"":0.0,""y"":0.0},""size_mm"":10.0}"
2025/12/01 20:34:07:279438,Front,KeyLog,KeyboardUI/Update,"{""c"":""R"",""position"":{""x"":0.0,""y"":0.0},""angle"":3.1415927410125734,""size_dots"":{""x"":0.0,""y"":0.0},""size_mm"":10.0}"
2025/12/01 20:34:07:279438,Front,KeyLog,KeyboardUI/Update,"{""c"":""T"",""position"":{""x"":0.0,""y"":0.0},""angle"":3.1415927410125734,""size_dots"":{""x"":0.0,""y"":0.0},""size_mm"":10.0}"
2025/12/01 20:34:07:279438,Front,KeyLog,KeyboardUI/Update,"{""c"":""Y"",""position"":{""x"":0.0,""y"":0.0},""angle"":3.1415927410125734,""size_dots"":{""x"":0.0,""y"":0.0},""size_mm"":10.0}"
2025/12/01 20:34:07:279438,Front,KeyLog,KeyboardUI/Update,"{""c"":""U"",""position"":{""x"":0.0,""y"":0.0},""angle"":3.1415927410125734,""size_dots"":{""x"":0.0,""y"":0.0},""size_mm"":10.0}"
2025/12/01 20:34:07:279438,Front,KeyLog,KeyboardUI/Update,"{""c"":""I"",""position"":{""x"":0.0,""y"":0.0},""angle"":3.1415927410125734,""size_dots"":{""x"":0.0,""y"":0.0},""size_mm"":10.0}"
2025/12/01 20:34:07:279438,Front,KeyLog,KeyboardUI/Update,"{""c"":""O"",""position"":{""x"":0.0,""y"":0.0},""angle"":3.1415927410125734,""size_dots"":{""x"":0.0,""y"":0.0},""size_mm"":10.0}"
2025/12/01 20:34:07:279438,Front,KeyLog,KeyboardUI/Update,"{""c"":""P"",""position"":{""x"":0.0,""y"":0.0},""angle"":3.1415927410125734,""size_dots"":{""x"":0.0,""y"":0.0},""size_mm"":10.0}"
2025/12/01 20:34:07:279438,Front,KeyLog,KeyboardUI/Update,"{""c"":""A"",""position"":{""x"":0.0,""y"":0.0},""angle"":3.1415927410125734,""size_dots"":{""x"":0.0,""y"":0.0},""size_mm"":10.0}"
2025/12/01 20:34:07:279438,Front,KeyLog,KeyboardUI/Update,"{""c"":""S"",""position"":{""x"":0.0,""y"":0.0},""angle"":3.1415927410125734,""size_dots"":{""x"":0.0,""y"":0.0},""size_mm"":10.0}"
2025/12/01 20:34:07:279438,Front,KeyLog,KeyboardUI/Update,"{""c"":""D"",""position"":{""x"":0.0,""y"":0.0},""angle"":3.1415927410125734,""size_dots"":{""x"":0.0,""y"":0.0},""size_mm"":10.0}"
2025/12/01 20:34:07:279438,Front,KeyLog,KeyboardUI/Update,"{""c"":""F"",""position"":{""x"":0.0,""y"":0.0},""angle"":3.1415927410125734,""size_dots"":{""x"":0.0,""y"":0.0},""size_mm"":10.0}"
2025/12/01 20:34:07:280461,Front,KeyLog,KeyboardUI/Update,"{""c"":""G"",""position"":{""x"":0.0,""y"":0.0},""angle"":3.1415927410125734,""size_dots"":{""x"":0.0,""y"":0.0},""size_mm"":10.0}"
2025/12/01 20:34:07:280461,Front,KeyLog,KeyboardUI/Update,"{""c"":""H"",""position"":{""x"":0.0,""y"":0.0},""angle"":3.1415927410125734,""size_dots"":{""x"":0.0,""y"":0.0},""size_mm"":10.0}"
2025/12/01 20:34:07:280461,Front,KeyLog,KeyboardUI/Update,"{""c"":""J"",""position"":{""x"":0.0,""y"":0.0},""angle"":3.1415927410125734,""size_dots"":{""x"":0.0,""y"":0.0},""size_mm"":10.0}"
2025/12/01 20:34:07:280461,Front,KeyLog,KeyboardUI/Update,"{""c"":""K"",""position"":{""x"":0.0,""y"":0.0},""angle"":3.1415927410125734,""size_dots"":{""x"":0.0,""y"":0.0},""size_mm"":10.0}"
2025/12/01 20:34:07:280461,Front,KeyLog,KeyboardUI/Update,"{""c"":""L"",""position"":{""x"":0.0,""y"":0.0},""angle"":3.1415927410125734,""size_dots"":{""x"":0.0,""y"":0.0},""size_mm"":10.0}"
2025/12/01 20:34:07:280461,Front,KeyLog,KeyboardUI/Update,"{""c"":""Z"",""position"":{""x"":0.0,""y"":0.0},""angle"":3.1415927410125734,""size_dots"":{""x"":0.0,""y"":0.0},""size_mm"":10.0}"
2025/12/01 20:34:07:280461,Front,KeyLog,KeyboardUI/Update,"{""c"":""X"",""position"":{""x"":0.0,""y"":0.0},""angle"":3.1415927410125734,""size_dots"":{""x"":0.0,""y"":0.0},""size_mm"":10.0}"
2025/12/01 20:34:07:280461,Front,KeyLog,KeyboardUI/Update,"{""c"":""C"",""position"":{""x"":0.0,""y"":0.0},""angle"":3.1415927410125734,""size_dots"":{""x"":0.0,""y"":0.0},""size_mm"":10.0}"
2025/12/01 20:34:07:280461,Front,KeyLog,KeyboardUI/Update,"{""c"":""V"",""position"":{""x"":0.0,""y"":0.0},""angle"":3.1415927410125734,""size_dots"":{""x"":0.0,""y"":0.0},""size_mm"":10.0}"
2025/12/01 20:34:07:280461,Front,KeyLog,KeyboardUI/Update,"{""c"":""B"",""position"":{""x"":0.0,""y"":0.0},""angle"":3.1415927410125734,""size_dots"":{""x"":0.0,""y"":0.0},""size_mm"":10.0}"
2025/12/01 20:34:07:280461,Front,KeyLog,KeyboardUI/Update,"{""c"":""N"",""position"":{""x"":0.0,""y"":0.0},""angle"":3.1415927410125734,""size_dots"":{""x"":0.0,""y"":0.0},""size_mm"":10.0}"
2025/12/01 20:34:07:280461,Front,KeyLog,KeyboardUI/Update,"{""c"":""M"",""position"":{""x"":0.0,""y"":0.0},""angle"":3.1415927410125734,""size_dots"":{""x"":0.0,""y"":0.0},""size_mm"":10.0}"
2025/12/01 20:34:07:280461,Front,KeyLog,KeyboardUI/Update,"{""c"":""#"",""position"":{""x"":0.0,""y"":0.0},""angle"":3.1415927410125734,""size_dots"":{""x"":0.0,""y"":0.0},""size_mm"":13.800000190734864}"
2025/12/01 20:34:07:281471,Front,KeyLog,KeyboardUI/Update,"{""c"":""&"",""position"":{""x"":0.0,""y"":0.0},""angle"":3.1415927410125734,""size_dots"":{""x"":0.0,""y"":0.0},""size_mm"":13.800000190734864}"
2025/12/01 20:34:07:281471,Front,KeyLog,KeyboardUI/Update,"{""c"":""%"",""position"":{""x"":0.0,""y"":0.0},""angle"":3.1415927410125734,""size_dots"":{""x"":0.0,""y"":0.0},""size_mm"":13.800000190734864}"
2025/12/01 20:34:07:308416,Front,ARMarkerLog,ARMarkerDetector/Update,"{""position"":[0.0,0.0],""angle"":0.0}"
2025/12/01 20:34:07:327206,Front,KeyLog,KeyboardUI/Update,"{""c"":""Q"",""position"":{""x"":0.0,""y"":0.0},""angle"":3.1415927410125734,""size_dots"":{""x"":0.0,""y"":0.0},""size_mm"":10.0}"
2025/12/01 20:34:07:329234,Front,KeyLog,KeyboardUI/Update,"{""c"":""W"",""position"":{""x"":0.0,""y"":0.0},""angle"":3.1415927410125734,""size_dots"":{""x"":0.0,""y"":0.0},""size_mm"":10.0}"
2025/12/01 20:34:07:330242,Front,KeyLog,KeyboardUI/Update,"{""c"":""E"",""position"":{""x"":0.0,""y"":0.0},""angle"":3.1415927410125734,""size_dots"":{""x"":0.0,""y"":0.0},""size_mm"":10.0}"
2025/12/01 20:34:07:330242,Front,KeyLog,KeyboardUI/Update,"{""c"":""R"",""position"":{""x"":0.0,""y"":0.0},""angle"":3.1415927410125734,""size_dots"":{""x"":0.0,""y"":0.0},""size_mm"":10.0}"
2025/12/01 20:34:07:330242,Front,KeyLog,KeyboardUI/Update,"{""c"":""T"",""position"":{""x"":0.0,""y"":0.0},""angle"":3.1415927410125734,""size_dots"":{""x"":0.0,""y"":0.0},""size_mm"":10.0}"
2025/12/01 20:34:07:330242,Front,KeyLog,KeyboardUI/Update,"{""c"":""Y"",""position"":{""x"":0.0,""y"":0.0},""angle"":3.1415927410125734,""size_dots"":{""x"":0.0,""y"":0.0},""size_mm"":10.0}"
2025/12/01 20:34:07:330242,Front,KeyLog,KeyboardUI/Update,"{""c"":""U"",""position"":{""x"":0.0,""y"":0.0},""angle"":3.1415927410125734,""size_dots"":{""x"":0.0,""y"":0.0},""size_mm"":10.0}"
2025/12/01 20:34:07:330242,Front,KeyLog,KeyboardUI/Update,"{""c"":""I"",""position"":{""x"":0.0,""y"":0.0},""angle"":3.1415927410125734,""size_dots"":{""x"":0.0,""y"":0.0},""size_mm"":10.0}"
2025/12/01 20:34:07:330242,Front,KeyLog,KeyboardUI/Update,"{""c"":""O"",""position"":{""x"":0.0,""y"":0.0},""angle"":3.1415927410125734,""size_dots"":{""x"":0.0,""y"":0.0},""size_mm"":10.0}"
2025/12/01 20:34:07:330242,Front,KeyLog,KeyboardUI/Update,"{""c"":""P"",""position"":{""x"":0.0,""y"":0.0},""angle"":3.1415927410125734,""size_dots"":{""x"":0.0,""y"":0.0},""size_mm"":10.0}"
2025/12/01 20:34:07:332279,Front,KeyLog,KeyboardUI/Update,"{""c"":""A"",""position"":{""x"":0.0,""y"":0.0},""angle"":3.1415927410125734,""size_dots"":{""x"":0.0,""y"":0.0},""size_mm"":10.0}"
2025/12/01 20:34:07:333289,Front,KeyLog,KeyboardUI/Update,"{""c"":""S"",""position"":{""x"":0.0,""y"":0.0},""angle"":3.1415927410125734,""size_dots"":{""x"":0.0,""y"":0.0},""size_mm"":10.0}"
2025/12/01 20:34:07:333289,Front,KeyLog,KeyboardUI/Update,"{""c"":""D"",""position"":{""x"":0.0,""y"":0.0},""angle"":3.1415927410125734,""size_dots"":{""x"":0.0,""y"":0.0},""size_mm"":10.0}"
2025/12/01 20:34:07:334301,Front,KeyLog,KeyboardUI/Update,"{""c"":""F"",""position"":{""x"":0.0,""y"":0.0},""angle"":3.1415927410125734,""size_dots"":{""x"":0.0,""y"":0.0},""size_mm"":10.0}"
2025/12/01 20:34:07:334301,Front,KeyLog,KeyboardUI/Update,"{""c"":""G"",""position"":{""x"":0.0,""y"":0.0},""angle"":3.1415927410125734,""size_dots"":{""x"":0.0,""y"":0.0},""size_mm"":10.0}"
2025/12/01 20:34:07:334301,Front,KeyLog,KeyboardUI/Update,"{""c"":""H"",""position"":{""x"":0.0,""y"":0.0},""angle"":3.1415927410125734,""size_dots"":{""x"":0.0,""y"":0.0},""size_mm"":10.0}"
2025/12/01 20:34:07:335315,Front,KeyLog,KeyboardUI/Update,"{""c"":""J"",""position"":{""x"":0.0,""y"":0.0},""angle"":3.1415927410125734,""size_dots"":{""x"":0.0,""y"":0.0},""size_mm"":10.0}"
2025/12/01 20:34:07:335315,Front,KeyLog,KeyboardUI/Update,"{""c"":""K"",""position"":{""x"":0.0,""y"":0.0},""angle"":3.1415927410125734,""size_dots"":{""x"":0.0,""y"":0.0},""size_mm"":10.0}"
2025/12/01 20:34:07:335315,Front,KeyLog,KeyboardUI/Update,"{""c"":""L"",""position"":{""x"":0.0,""y"":0.0},""angle"":3.1415927410125734,""size_dots"":{""x"":0.0,""y"":0.0},""size_mm"":10.0}"
2025/12/01 20:34:07:335315,Front,KeyLog,KeyboardUI/Update,"{""c"":""Z"",""position"":{""x"":0.0,""y"":0.0},""angle"":3.1415927410125734,""size_dots"":{""x"":0.0,""y"":0.0},""size_mm"":10.0}"
2025/12/01 20:34:07:335315,Front,KeyLog,KeyboardUI/Update,"{""c"":""X"",""position"":{""x"":0.0,""y"":0.0},""angle"":3.1415927410125734,""size_dots"":{""x"":0.0,""y"":0.0},""size_mm"":10.0}"
2025/12/01 20:34:07:335315,Front,KeyLog,KeyboardUI/Update,"{""c"":""C"",""position"":{""x"":0.0,""y"":0.0},""angle"":3.1415927410125734,""size_dots"":{""x"":0.0,""y"":0.0},""size_mm"":10.0}"
2025/12/01 20:34:07:335315,Front,KeyLog,KeyboardUI/Update,"{""c"":""V"",""position"":{""x"":0.0,""y"":0.0},""angle"":3.1415927410125734,""size_dots"":{""x"":0.0,""y"":0.0},""size_mm"":10.0}"
2025/12/01 20:34:07:336859,Front,KeyLog,KeyboardUI/Update,"{""c"":""B"",""position"":{""x"":0.0,""y"":0.0},""angle"":3.1415927410125734,""size_dots"":{""x"":0.0,""y"":0.0},""size_mm"":10.0}"
2025/12/01 20:34:07:336859,Front,KeyLog,KeyboardUI/Update,"{""c"":""N"",""position"":{""x"":0.0,""y"":0.0},""angle"":3.1415927410125734,""size_dots"":{""x"":0.0,""y"":0.0},""size_mm"":10.0}"
2025/12/01 20:34:07:336859,Front,KeyLog,KeyboardUI/Update,"{""c"":""M"",""position"":{""x"":0.0,""y"":0.0},""angle"":3.1415927410125734,""size_dots"":{""x"":0.0,""y"":0.0},""size_mm"":10.0}"
2025/12/01 20:34:07:336859,Front,KeyLog,KeyboardUI/Update,"{""c"":""#"",""position"":{""x"":0.0,""y"":0.0},""angle"":3.1415927410125734,""size_dots"":{""x"":0.0,""y"":0.0},""size_mm"":13.800000190734864}"
2025/12/01 20:34:07:338382,Front,KeyLog,KeyboardUI/Update,"{""c"":""&"",""position"":{""x"":0.0,""y"":0.0},""angle"":3.1415927410125734,""size_dots"":{""x"":0.0,""y"":0.0},""size_mm"":13.800000190734864}"
2025/12/01 20:34:07:339395,Front,KeyLog,KeyboardUI/Update,"{""c"":""%"",""position"":{""x"":0.0,""y"":0.0},""angle"":3.1415927410125734,""size_dots"":{""x"":0.0,""y"":0.0},""size_mm"":13.800000190734864}"
2025/12/01 20:34:07:374442,Front,ARMarkerLog,ARMarkerDetector/Update,"{""position"":[0.0,0.0],""angle"":0.0}"
2025/12/01 20:34:07:390124,Front,KeyLog,KeyboardUI/Update,"{""c"":""Q"",""position"":{""x"":0.0,""y"":0.0},""angle"":3.1415927410125734,""size_dots"":{""x"":0.0,""y"":0.0},""size_mm"":10.0}"
2025/12/01 20:34:07:391136,Front,KeyLog,KeyboardUI/Update,"{""c"":""W"",""position"":{""x"":0.0,""y"":0.0},""angle"":3.1415927410125734,""size_dots"":{""x"":0.0,""y"":0.0},""size_mm"":10.0}"
2025/12/01 20:34:07:392144,Front,KeyLog,KeyboardUI/Update,"{""c"":""E"",""position"":{""x"":0.0,""y"":0.0},""angle"":3.1415927410125734,""size_dots"":{""x"":0.0,""y"":0.0},""size_mm"":10.0}"
2025/12/01 20:34:07:393154,Front,KeyLog,KeyboardUI/Update,"{""c"":""R"",""position"":{""x"":0.0,""y"":0.0},""angle"":3.1415927410125734,""size_dots"":{""x"":0.0,""y"":0.0},""size_mm"":10.0}"
2025/12/01 20:34:07:394169,Front,KeyLog,KeyboardUI/Update,"{""c"":""T"",""position"":{""x"":0.0,""y"":0.0},""angle"":3.1415927410125734,""size_dots"":{""x"":0.0,""y"":0.0},""size_mm"":10.0}"
2025/12/01 20:34:07:395179,Front,KeyLog,KeyboardUI/Update,"{""c"":""Y"",""position"":{""x"":0.0,""y"":0.0},""angle"":3.1415927410125734,""size_dots"":{""x"":0.0,""y"":0.0},""size_mm"":10.0}"
2025/12/01 20:34:07:396698,Front,KeyLog,KeyboardUI/Update,"{""c"":""U"",""position"":{""x"":0.0,""y"":0.0},""angle"":3.1415927410125734,""size_dots"":{""x"":0.0,""y"":0.0},""size_mm"":10.0}"
2025/12/01 20:34:07:397210,Front,KeyLog,KeyboardUI/Update,"{""c"":""I"",""position"":{""x"":0.0,""y"":0.0},""angle"":3.1415927410125734,""size_dots"":{""x"":0.0,""y"":0.0},""size_mm"":10.0}"
2025/12/01 20:34:07:398218,Front,KeyLog,KeyboardUI/Update,"{""c"":""O"",""position"":{""x"":0.0,""y"":0.0},""angle"":3.1415927410125734,""size_dots"":{""x"":0.0,""y"":0.0},""size_mm"":10.0}"
2025/12/01 20:34:07:400257,Front,KeyLog,KeyboardUI/Update,"{""c"":""P"",""position"":{""x"":0.0,""y"":0.0},""angle"":3.1415927410125734,""size_dots"":{""x"":0.0,""y"":0.0},""size_mm"":10.0}"
2025/12/01 20:34:07:402286,Front,KeyLog,KeyboardUI/Update,"{""c"":""A"",""position"":{""x"":0.0,""y"":0.0},""angle"":3.1415927410125734,""size_dots"":{""x"":0.0,""y"":0.0},""size_mm"":10.0}"
2025/12/01 20:34:07:403298,Front,KeyLog,KeyboardUI/Update,"{""c"":""S"",""position"":{""x"":0.0,""y"":0.0},""angle"":3.1415927410125734,""size_dots"":{""x"":0.0,""y"":0.0},""size_mm"":10.0}"
2025/12/01 20:34:07:405326,Front,KeyLog,KeyboardUI/Update,"{""c"":""D"",""position"":{""x"":0.0,""y"":0.0},""angle"":3.1415927410125734,""size_dots"":{""x"":0.0,""y"":0.0},""size_mm"":10.0}"
2025/12/01 20:34:07:406846,Front,KeyLog,KeyboardUI/Update,"{""c"":""F"",""position"":{""x"":0.0,""y"":0.0},""angle"":3.1415927410125734,""size_dots"":{""x"":0.0,""y"":0.0},""size_mm"":10.0}"
2025/12/01 20:34:07:407355,Front,KeyLog,KeyboardUI/Update,"{""c"":""G"",""position"":{""x"":0.0,""y"":0.0},""angle"":3.1415927410125734,""size_dots"":{""x"":0.0,""y"":0.0},""size_mm"":10.0}"
2025/12/01 20:34:07:408367,Front,KeyLog,KeyboardUI/Update,"{""c"":""H"",""position"":{""x"":0.0,""y"":0.0},""angle"":3.1415927410125734,""size_dots"":{""x"":0.0,""y"":0.0},""size_mm"":10.0}"
2025/12/01 20:34:07:409377,Front,KeyLog,KeyboardUI/Update,"{""c"":""J"",""position"":{""x"":0.0,""y"":0.0},""angle"":3.1415927410125734,""size_dots"":{""x"":0.0,""y"":0.0},""size_mm"":10.0}"
2025/12/01 20:34:07:410384,Front,KeyLog,KeyboardUI/Update,"{""c"":""K"",""position"":{""x"":0.0,""y"":0.0},""angle"":3.1415927410125734,""size_dots"":{""x"":0.0,""y"":0.0},""size_mm"":10.0}"
2025/12/01 20:34:07:410384,Front,KeyLog,KeyboardUI/Update,"{""c"":""L"",""position"":{""x"":0.0,""y"":0.0},""angle"":3.1415927410125734,""size_dots"":{""x"":0.0,""y"":0.0},""size_mm"":10.0}"
2025/12/01 20:34:07:410384,Front,KeyLog,KeyboardUI/Update,"{""c"":""Z"",""position"":{""x"":0.0,""y"":0.0},""angle"":3.1415927410125734,""size_dots"":{""x"":0.0,""y"":0.0},""size_mm"":10.0}"
2025/12/01 20:34:07:411393,Front,KeyLog,KeyboardUI/Update,"{""c"":""X"",""position"":{""x"":0.0,""y"":0.0},""angle"":3.1415927410125734,""size_dots"":{""x"":0.0,""y"":0.0},""size_mm"":10.0}"
2025/12/01 20:34:07:412405,Front,KeyLog,KeyboardUI/Update,"{""c"":""C"",""position"":{""x"":0.0,""y"":0.0},""angle"":3.1415927410125734,""size_dots"":{""x"":0.0,""y"":0.0},""size_mm"":10.0}"
2025/12/01 20:34:07:413416,Front,KeyLog,KeyboardUI/Update,"{""c"":""V"",""position"":{""x"":0.0,""y"":0.0},""angle"":3.1415927410125734,""size_dots"":{""x"":0.0,""y"":0.0},""size_mm"":10.0}"
2025/12/01 20:34:07:414458,Front,KeyLog,KeyboardUI/Update,"{""c"":""B"",""position"":{""x"":0.0,""y"":0.0},""angle"":3.1415927410125734,""size_dots"":{""x"":0.0,""y"":0.0},""size_mm"":10.0}"
2025/12/01 20:34:07:415469,Front,KeyLog,KeyboardUI/Update,"{""c"":""N"",""position"":{""x"":0.0,""y"":0.0},""angle"":3.1415927410125734,""size_dots"":{""x"":0.0,""y"":0.0},""size_mm"":10.0}"
2025/12/01 20:34:07:416479,Front,KeyLog,KeyboardUI/Update,"{""c"":""M"",""position"":{""x"":0.0,""y"":0.0},""angle"":3.1415927410125734,""size_dots"":{""x"":0.0,""y"":0.0},""size_mm"":10.0}"
2025/12/01 20:34:07:417492,Front,KeyLog,KeyboardUI/Update,"{""c"":""#"",""position"":{""x"":0.0,""y"":0.0},""angle"":3.1415927410125734,""size_dots"":{""x"":0.0,""y"":0.0},""size_mm"":13.800000190734864}"
2025/12/01 20:34:07:417492,Front,KeyLog,KeyboardUI/Update,"{""c"":""&"",""position"":{""x"":0.0,""y"":0.0},""angle"":3.1415927410125734,""size_dots"":{""x"":0.0,""y"":0.0},""size_mm"":13.800000190734864}"
2025/12/01 20:34:07:417492,Front,KeyLog,KeyboardUI/Update,"{""c"":""%"",""position"":{""x"":0.0,""y"":0.0},""angle"":3.1415927410125734,""size_dots"":{""x"":0.0,""y"":0.0},""size_mm"":13.800000190734864}"
2025/12/01 20:34:07:450405,Front,ARMarkerLog,ARMarkerDetector/Update,"{""position"":[0.0,0.0],""angle"":0.0}"
2025/12/01 20:34:07:458466,Front,KeyLog,KeyboardUI/Update,"{""c"":""Q"",""position"":{""x"":0.0,""y"":0.0},""angle"":3.1415927410125734,""size_dots"":{""x"":0.0,""y"":0.0},""size_mm"":10.0}"
2025/12/01 20:34:07:458466,Front,KeyLog,KeyboardUI/Update,"{""c"":""W"",""position"":{""x"":0.0,""y"":0.0},""angle"":3.1415927410125734,""size_dots"":{""x"":0.0,""y"":0.0},""size_mm"":10.0}"
2025/12/01 20:34:07:458466,Front,KeyLog,KeyboardUI/Update,"{""c"":""E"",""position"":{""x"":0.0,""y"":0.0},""angle"":3.1415927410125734,""size_dots"":{""x"":0.0,""y"":0.0},""size_mm"":10.0}"
2025/12/01 20:34:07:458466,Front,KeyLog,KeyboardUI/Update,"{""c"":""R"",""position"":{""x"":0.0,""y"":0.0},""angle"":3.1415927410125734,""size_dots"":{""x"":0.0,""y"":0.0},""size_mm"":10.0}"
2025/12/01 20:34:07:458466,Front,KeyLog,KeyboardUI/Update,"{""c"":""T"",""position"":{""x"":0.0,""y"":0.0},""angle"":3.1415927410125734,""size_dots"":{""x"":0.0,""y"":0.0},""size_mm"":10.0}"
2025/12/01 20:34:07:458466,Front,KeyLog,KeyboardUI/Update,"{""c"":""Y"",""position"":{""x"":0.0,""y"":0.0},""angle"":3.1415927410125734,""size_dots"":{""x"":0.0,""y"":0.0},""size_mm"":10.0}"
2025/12/01 20:34:07:458466,Front,KeyLog,KeyboardUI/Update,"{""c"":""U"",""position"":{""x"":0.0,""y"":0.0},""angle"":3.1415927410125734,""size_dots"":{""x"":0.0,""y"":0.0},""size_mm"":10.0}"
2025/12/01 20:34:07:458466,Front,KeyLog,KeyboardUI/Update,"{""c"":""I"",""position"":{""x"":0.0,""y"":0.0},""angle"":3.1415927410125734,""size_dots"":{""x"":0.0,""y"":0.0},""size_mm"":10.0}"
2025/12/01 20:34:07:458466,Front,KeyLog,KeyboardUI/Update,"{""c"":""O"",""position"":{""x"":0.0,""y"":0.0},""angle"":3.1415927410125734,""size_dots"":{""x"":0.0,""y"":0.0},""size_mm"":10.0}"
2025/12/01 20:34:07:458466,Front,KeyLog,KeyboardUI/Update,"{""c"":""P"",""position"":{""x"":0.0,""y"":0.0},""angle"":3.1415927410125734,""size_dots"":{""x"":0.0,""y"":0.0},""size_mm"":10.0}"
2025/12/01 20:34:07:458466,Front,KeyLog,KeyboardUI/Update,"{""c"":""A"",""position"":{""x"":0.0,""y"":0.0},""angle"":3.1415927410125734,""size_dots"":{""x"":0.0,""y"":0.0},""size_mm"":10.0}"
2025/12/01 20:34:07:458466,Front,KeyLog,KeyboardUI/Update,"{""c"":""S"",""position"":{""x"":0.0,""y"":0.0},""angle"":3.1415927410125734,""size_dots"":{""x"":0.0,""y"":0.0},""size_mm"":10.0}"
2025/12/01 20:34:07:458466,Front,KeyLog,KeyboardUI/Update,"{""c"":""D"",""position"":{""x"":0.0,""y"":0.0},""angle"":3.1415927410125734,""size_dots"":{""x"":0.0,""y"":0.0},""size_mm"":10.0}"
2025/12/01 20:34:07:458466,Front,KeyLog,KeyboardUI/Update,"{""c"":""F"",""position"":{""x"":0.0,""y"":0.0},""angle"":3.1415927410125734,""size_dots"":{""x"":0.0,""y"":0.0},""size_mm"":10.0}"
2025/12/01 20:34:07:459476,Front,KeyLog,KeyboardUI/Update,"{""c"":""G"",""position"":{""x"":0.0,""y"":0.0},""angle"":3.1415927410125734,""size_dots"":{""x"":0.0,""y"":0.0},""size_mm"":10.0}"
2025/12/01 20:34:07:460520,Front,KeyLog,KeyboardUI/Update,"{""c"":""H"",""position"":{""x"":0.0,""y"":0.0},""angle"":3.1415927410125734,""size_dots"":{""x"":0.0,""y"":0.0},""size_mm"":10.0}"
2025/12/01 20:34:07:461536,Front,KeyLog,KeyboardUI/Update,"{""c"":""J"",""position"":{""x"":0.0,""y"":0.0},""angle"":3.1415927410125734,""size_dots"":{""x"":0.0,""y"":0.0},""size_mm"":10.0}"
2025/12/01 20:34:07:462546,Front,KeyLog,KeyboardUI/Update,"{""c"":""K"",""position"":{""x"":0.0,""y"":0.0},""angle"":3.1415927410125734,""size_dots"":{""x"":0.0,""y"":0.0},""size_mm"":10.0}"
2025/12/01 20:34:07:463555,Front,KeyLog,KeyboardUI/Update,"{""c"":""L"",""position"":{""x"":0.0,""y"":0.0},""angle"":3.1415927410125734,""size_dots"":{""x"":0.0,""y"":0.0},""size_mm"":10.0}"
2025/12/01 20:34:07:464565,Front,KeyLog,KeyboardUI/Update,"{""c"":""Z"",""position"":{""x"":0.0,""y"":0.0},""angle"":3.1415927410125734,""size_dots"":{""x"":0.0,""y"":0.0},""size_mm"":10.0}"
2025/12/01 20:34:07:465578,Front,KeyLog,KeyboardUI/Update,"{""c"":""X"",""position"":{""x"":0.0,""y"":0.0},""angle"":3.1415927410125734,""size_dots"":{""x"":0.0,""y"":0.0},""size_mm"":10.0}"
2025/12/01 20:34:07:466577,Front,KeyLog,KeyboardUI/Update,"{""c"":""C"",""position"":{""x"":0.0,""y"":0.0},""angle"":3.1415927410125734,""size_dots"":{""x"":0.0,""y"":0.0},""size_mm"":10.0}"
2025/12/01 20:34:07:467081,Front,KeyLog,KeyboardUI/Update,"{""c"":""V"",""position"":{""x"":0.0,""y"":0.0},""angle"":3.1415927410125734,""size_dots"":{""x"":0.0,""y"":0.0},""size_mm"":10.0}"
2025/12/01 20:34:07:468091,Front,KeyLog,KeyboardUI/Update,"{""c"":""B"",""position"":{""x"":0.0,""y"":0.0},""angle"":3.1415927410125734,""size_dots"":{""x"":0.0,""y"":0.0},""size_mm"":10.0}"
2025/12/01 20:34:07:469103,Front,KeyLog,KeyboardUI/Update,"{""c"":""N"",""position"":{""x"":0.0,""y"":0.0},""angle"":3.1415927410125734,""size_dots"":{""x"":0.0,""y"":0.0},""size_mm"":10.0}"
2025/12/01 20:34:07:469103,Front,KeyLog,KeyboardUI/Update,"{""c"":""M"",""position"":{""x"":0.0,""y"":0.0},""angle"":3.1415927410125734,""size_dots"":{""x"":0.0,""y"":0.0},""size_mm"":10.0}"
2025/12/01 20:34:07:470116,Front,KeyLog,KeyboardUI/Update,"{""c"":""#"",""position"":{""x"":0.0,""y"":0.0},""angle"":3.1415927410125734,""size_dots"":{""x"":0.0,""y"":0.0},""size_mm"":13.800000190734864}"
2025/12/01 20:34:07:472145,Front,KeyLog,KeyboardUI/Update,"{""c"":""&"",""position"":{""x"":0.0,""y"":0.0},""angle"":3.1415927410125734,""size_dots"":{""x"":0.0,""y"":0.0},""size_mm"":13.800000190734864}"
2025/12/01 20:34:07:473172,Front,KeyLog,KeyboardUI/Update,"{""c"":""%"",""position"":{""x"":0.0,""y"":0.0},""angle"":3.1415927410125734,""size_dots"":{""x"":0.0,""y"":0.0},""size_mm"":13.800000190734864}"
2025/12/01 20:34:07:506830,Front,ARMarkerLog,ARMarkerDetector/Update,"{""position"":[0.0,0.0],""angle"":0.0}"
2025/12/01 20:34:07:519071,Front,KeyLog,KeyboardUI/Update,"{""c"":""Q"",""position"":{""x"":0.0,""y"":0.0},""angle"":3.1415927410125734,""size_dots"":{""x"":0.0,""y"":0.0},""size_mm"":10.0}"
2025/12/01 20:34:07:520083,Front,KeyLog,KeyboardUI/Update,"{""c"":""W"",""position"":{""x"":0.0,""y"":0.0},""angle"":3.1415927410125734,""size_dots"":{""x"":0.0,""y"":0.0},""size_mm"":10.0}"
2025/12/01 20:34:07:521095,Front,KeyLog,KeyboardUI/Update,"{""c"":""E"",""position"":{""x"":0.0,""y"":0.0},""angle"":3.1415927410125734,""size_dots"":{""x"":0.0,""y"":0.0},""size_mm"":10.0}"
2025/12/01 20:34:07:523132,Front,KeyLog,KeyboardUI/Update,"{""c"":""R"",""position"":{""x"":0.0,""y"":0.0},""angle"":3.1415927410125734,""size_dots"":{""x"":0.0,""y"":0.0},""size_mm"":10.0}"
2025/12/01 20:34:07:524147,Front,KeyLog,KeyboardUI/Update,"{""c"":""T"",""position"":{""x"":0.0,""y"":0.0},""angle"":3.1415927410125734,""size_dots"":{""x"":0.0,""y"":0.0},""size_mm"":10.0}"
2025/12/01 20:34:07:526174,Front,KeyLog,KeyboardUI/Update,"{""c"":""Y"",""position"":{""x"":0.0,""y"":0.0},""angle"":3.1415927410125734,""size_dots"":{""x"":0.0,""y"":0.0},""size_mm"":10.0}"
2025/12/01 20:34:07:527200,Front,KeyLog,KeyboardUI/Update,"{""c"":""U"",""position"":{""x"":0.0,""y"":0.0},""angle"":3.1415927410125734,""size_dots"":{""x"":0.0,""y"":0.0},""size_mm"":10.0}"
2025/12/01 20:34:07:529222,Front,KeyLog,KeyboardUI/Update,"{""c"":""I"",""position"":{""x"":0.0,""y"":0.0},""angle"":3.1415927410125734,""size_dots"":{""x"":0.0,""y"":0.0},""size_mm"":10.0}"
2025/12/01 20:34:07:530235,Front,KeyLog,KeyboardUI/Update,"{""c"":""O"",""position"":{""x"":0.0,""y"":0.0},""angle"":3.1415927410125734,""size_dots"":{""x"":0.0,""y"":0.0},""size_mm"":10.0}"
2025/12/01 20:34:07:531243,Front,KeyLog,KeyboardUI/Update,"{""c"":""P"",""position"":{""x"":0.0,""y"":0.0},""angle"":3.1415927410125734,""size_dots"":{""x"":0.0,""y"":0.0},""size_mm"":10.0}"
2025/12/01 20:34:07:533267,Front,KeyLog,KeyboardUI/Update,"{""c"":""A"",""position"":{""x"":0.0,""y"":0.0},""angle"":3.1415927410125734,""size_dots"":{""x"":0.0,""y"":0.0},""size_mm"":10.0}"
2025/12/01 20:34:07:534279,Front,KeyLog,KeyboardUI/Update,"{""c"":""S"",""position"":{""x"":0.0,""y"":0.0},""angle"":3.1415927410125734,""size_dots"":{""x"":0.0,""y"":0.0},""size_mm"":10.0}"
2025/12/01 20:34:07:535290,Front,KeyLog,KeyboardUI/Update,"{""c"":""D"",""position"":{""x"":0.0,""y"":0.0},""angle"":3.1415927410125734,""size_dots"":{""x"":0.0,""y"":0.0},""size_mm"":10.0}"
2025/12/01 20:34:07:536811,Front,KeyLog,KeyboardUI/Update,"{""c"":""F"",""position"":{""x"":0.0,""y"":0.0},""angle"":3.1415927410125734,""size_dots"":{""x"":0.0,""y"":0.0},""size_mm"":10.0}"
2025/12/01 20:34:07:538352,Front,KeyLog,KeyboardUI/Update,"{""c"":""G"",""position"":{""x"":0.0,""y"":0.0},""angle"":3.1415927410125734,""size_dots"":{""x"":0.0,""y"":0.0},""size_mm"":10.0}"
2025/12/01 20:34:07:540377,Front,KeyLog,KeyboardUI/Update,"{""c"":""H"",""position"":{""x"":0.0,""y"":0.0},""angle"":3.1415927410125734,""size_dots"":{""x"":0.0,""y"":0.0},""size_mm"":10.0}"
2025/12/01 20:34:07:541390,Front,KeyLog,KeyboardUI/Update,"{""c"":""J"",""position"":{""x"":0.0,""y"":0.0},""angle"":3.1415927410125734,""size_dots"":{""x"":0.0,""y"":0.0},""size_mm"":10.0}"
2025/12/01 20:34:07:542402,Front,KeyLog,KeyboardUI/Update,"{""c"":""K"",""position"":{""x"":0.0,""y"":0.0},""angle"":3.1415927410125734,""size_dots"":{""x"":0.0,""y"":0.0},""size_mm"":10.0}"
2025/12/01 20:34:07:543412,Front,KeyLog,KeyboardUI/Update,"{""c"":""L"",""position"":{""x"":0.0,""y"":0.0},""angle"":3.1415927410125734,""size_dots"":{""x"":0.0,""y"":0.0},""size_mm"":10.0}"
2025/12/01 20:34:07:544421,Front,KeyLog,KeyboardUI/Update,"{""c"":""Z"",""position"":{""x"":0.0,""y"":0.0},""angle"":3.1415927410125734,""size_dots"":{""x"":0.0,""y"":0.0},""size_mm"":10.0}"
2025/12/01 20:34:07:545433,Front,KeyLog,KeyboardUI/Update,"{""c"":""X"",""position"":{""x"":0.0,""y"":0.0},""angle"":3.1415927410125734,""size_dots"":{""x"":0.0,""y"":0.0},""size_mm"":10.0}"
2025/12/01 20:34:07:545433,Front,KeyLog,KeyboardUI/Update,"{""c"":""C"",""position"":{""x"":0.0,""y"":0.0},""angle"":3.1415927410125734,""size_dots"":{""x"":0.0,""y"":0.0},""size_mm"":10.0}"
2025/12/01 20:34:07:545433,Front,KeyLog,KeyboardUI/Update,"{""c"":""V"",""position"":{""x"":0.0,""y"":0.0},""angle"":3.1415927410125734,""size_dots"":{""x"":0.0,""y"":0.0},""size_mm"":10.0}"
2025/12/01 20:34:07:546935,Front,KeyLog,KeyboardUI/Update,"{""c"":""B"",""position"":{""x"":0.0,""y"":0.0},""angle"":3.1415927410125734,""size_dots"":{""x"":0.0,""y"":0.0},""size_mm"":10.0}"
2025/12/01 20:34:07:547954,Front,KeyLog,KeyboardUI/Update,"{""c"":""N"",""position"":{""x"":0.0,""y"":0.0},""angle"":3.1415927410125734,""size_dots"":{""x"":0.0,""y"":0.0},""size_mm"":10.0}"
2025/12/01 20:34:07:548968,Front,KeyLog,KeyboardUI/Update,"{""c"":""M"",""position"":{""x"":0.0,""y"":0.0},""angle"":3.1415927410125734,""size_dots"":{""x"":0.0,""y"":0.0},""size_mm"":10.0}"
2025/12/01 20:34:07:549982,Front,KeyLog,KeyboardUI/Update,"{""c"":""#"",""position"":{""x"":0.0,""y"":0.0},""angle"":3.1415927410125734,""size_dots"":{""x"":0.0,""y"":0.0},""size_mm"":13.800000190734864}"
2025/12/01 20:34:07:549982,Front,KeyLog,KeyboardUI/Update,"{""c"":""&"",""position"":{""x"":0.0,""y"":0.0},""angle"":3.1415927410125734,""size_dots"":{""x"":0.0,""y"":0.0},""size_mm"":13.800000190734864}"
2025/12/01 20:34:07:550996,Front,KeyLog,KeyboardUI/Update,"{""c"":""%"",""position"":{""x"":0.0,""y"":0.0},""angle"":3.1415927410125734,""size_dots"":{""x"":0.0,""y"":0.0},""size_mm"":13.800000190734864}"
2025/12/01 20:34:07:585441,Front,ARMarkerLog,ARMarkerDetector/Update,"{""position"":[0.0,0.0],""angle"":0.0}"
2025/12/01 20:34:07:598078,Front,KeyLog,KeyboardUI/Update,"{""c"":""Q"",""position"":{""x"":0.0,""y"":0.0},""angle"":3.1415927410125734,""size_dots"":{""x"":0.0,""y"":0.0},""size_mm"":10.0}"
2025/12/01 20:34:07:600143,Front,KeyLog,KeyboardUI/Update,"{""c"":""W"",""position"":{""x"":0.0,""y"":0.0},""angle"":3.1415927410125734,""size_dots"":{""x"":0.0,""y"":0.0},""size_mm"":10.0}"
2025/12/01 20:34:07:601154,Front,KeyLog,KeyboardUI/Update,"{""c"":""E"",""position"":{""x"":0.0,""y"":0.0},""angle"":3.1415927410125734,""size_dots"":{""x"":0.0,""y"":0.0},""size_mm"":10.0}"
2025/12/01 20:34:07:602165,Front,KeyLog,KeyboardUI/Update,"{""c"":""R"",""position"":{""x"":0.0,""y"":0.0},""angle"":3.1415927410125734,""size_dots"":{""x"":0.0,""y"":0.0},""size_mm"":10.0}"
2025/12/01 20:34:07:603176,Front,KeyLog,KeyboardUI/Update,"{""c"":""T"",""position"":{""x"":0.0,""y"":0.0},""angle"":3.1415927410125734,""size_dots"":{""x"":0.0,""y"":0.0},""size_mm"":10.0}"
2025/12/01 20:34:07:604187,Front,KeyLog,KeyboardUI/Update,"{""c"":""Y"",""position"":{""x"":0.0,""y"":0.0},""angle"":3.1415927410125734,""size_dots"":{""x"":0.0,""y"":0.0},""size_mm"":10.0}"
2025/12/01 20:34:07:605198,Front,KeyLog,KeyboardUI/Update,"{""c"":""U"",""position"":{""x"":0.0,""y"":0.0},""angle"":3.1415927410125734,""size_dots"":{""x"":0.0,""y"":0.0},""size_mm"":10.0}"
2025/12/01 20:34:07:606208,Front,KeyLog,KeyboardUI/Update,"{""c"":""I"",""position"":{""x"":0.0,""y"":0.0},""angle"":3.1415927410125734,""size_dots"":{""x"":0.0,""y"":0.0},""size_mm"":10.0}"
2025/12/01 20:34:07:607230,Front,KeyLog,KeyboardUI/Update,"{""c"":""O"",""position"":{""x"":0.0,""y"":0.0},""angle"":3.1415927410125734,""size_dots"":{""x"":0.0,""y"":0.0},""size_mm"":10.0}"
2025/12/01 20:34:07:607230,Front,KeyLog,KeyboardUI/Update,"{""c"":""P"",""position"":{""x"":0.0,""y"":0.0},""angle"":3.1415927410125734,""size_dots"":{""x"":0.0,""y"":0.0},""size_mm"":10.0}"
2025/12/01 20:34:07:607230,Front,KeyLog,KeyboardUI/Update,"{""c"":""A"",""position"":{""x"":0.0,""y"":0.0},""angle"":3.1415927410125734,""size_dots"":{""x"":0.0,""y"":0.0},""size_mm"":10.0}"
2025/12/01 20:34:07:609253,Front,KeyLog,KeyboardUI/Update,"{""c"":""S"",""position"":{""x"":0.0,""y"":0.0},""angle"":3.1415927410125734,""size_dots"":{""x"":0.0,""y"":0.0},""size_mm"":10.0}"
2025/12/01 20:34:07:610265,Front,KeyLog,KeyboardUI/Update,"{""c"":""D"",""position"":{""x"":0.0,""y"":0.0},""angle"":3.1415927410125734,""size_dots"":{""x"":0.0,""y"":0.0},""size_mm"":10.0}"
2025/12/01 20:34:07:611277,Front,KeyLog,KeyboardUI/Update,"{""c"":""F"",""position"":{""x"":0.0,""y"":0.0},""angle"":3.1415927410125734,""size_dots"":{""x"":0.0,""y"":0.0},""size_mm"":10.0}"
2025/12/01 20:34:07:612288,Front,KeyLog,KeyboardUI/Update,"{""c"":""G"",""position"":{""x"":0.0,""y"":0.0},""angle"":3.1415927410125734,""size_dots"":{""x"":0.0,""y"":0.0},""size_mm"":10.0}"
2025/12/01 20:34:07:613299,Front,KeyLog,KeyboardUI/Update,"{""c"":""H"",""position"":{""x"":0.0,""y"":0.0},""angle"":3.1415927410125734,""size_dots"":{""x"":0.0,""y"":0.0},""size_mm"":10.0}"
2025/12/01 20:34:07:613299,Front,KeyLog,KeyboardUI/Update,"{""c"":""J"",""position"":{""x"":0.0,""y"":0.0},""angle"":3.1415927410125734,""size_dots"":{""x"":0.0,""y"":0.0},""size_mm"":10.0}"
2025/12/01 20:34:07:613299,Front,KeyLog,KeyboardUI/Update,"{""c"":""K"",""position"":{""x"":0.0,""y"":0.0},""angle"":3.1415927410125734,""size_dots"":{""x"":0.0,""y"":0.0},""size_mm"":10.0}"
2025/12/01 20:34:07:614309,Front,KeyLog,KeyboardUI/Update,"{""c"":""L"",""position"":{""x"":0.0,""y"":0.0},""angle"":3.1415927410125734,""size_dots"":{""x"":0.0,""y"":0.0},""size_mm"":10.0}"
2025/12/01 20:34:07:614309,Front,KeyLog,KeyboardUI/Update,"{""c"":""Z"",""position"":{""x"":0.0,""y"":0.0},""angle"":3.1415927410125734,""size_dots"":{""x"":0.0,""y"":0.0},""size_mm"":10.0}"
2025/12/01 20:34:07:615337,Front,KeyLog,KeyboardUI/Update,"{""c"":""X"",""position"":{""x"":0.0,""y"":0.0},""angle"":3.1415927410125734,""size_dots"":{""x"":0.0,""y"":0.0},""size_mm"":10.0}"
2025/12/01 20:34:07:615337,Front,KeyLog,KeyboardUI/Update,"{""c"":""C"",""position"":{""x"":0.0,""y"":0.0},""angle"":3.1415927410125734,""size_dots"":{""x"":0.0,""y"":0.0},""size_mm"":10.0}"
2025/12/01 20:34:07:615337,Front,KeyLog,KeyboardUI/Update,"{""c"":""V"",""position"":{""x"":0.0,""y"":0.0},""angle"":3.1415927410125734,""size_dots"":{""x"":0.0,""y"":0.0},""size_mm"":10.0}"
2025/12/01 20:34:07:616863,Front,KeyLog,KeyboardUI/Update,"{""c"":""B"",""position"":{""x"":0.0,""y"":0.0},""angle"":3.1415927410125734,""size_dots"":{""x"":0.0,""y"":0.0},""size_mm"":10.0}"
2025/12/01 20:34:07:616863,Front,KeyLog,KeyboardUI/Update,"{""c"":""N"",""position"":{""x"":0.0,""y"":0.0},""angle"":3.1415927410125734,""size_dots"":{""x"":0.0,""y"":0.0},""size_mm"":10.0}"
2025/12/01 20:34:07:616863,Front,KeyLog,KeyboardUI/Update,"{""c"":""M"",""position"":{""x"":0.0,""y"":0.0},""angle"":3.1415927410125734,""size_dots"":{""x"":0.0,""y"":0.0},""size_mm"":10.0}"
2025/12/01 20:34:07:616863,Front,KeyLog,KeyboardUI/Update,"{""c"":""#"",""position"":{""x"":0.0,""y"":0.0},""angle"":3.1415927410125734,""size_dots"":{""x"":0.0,""y"":0.0},""size_mm"":13.800000190734864}"
2025/12/01 20:34:07:617371,Front,KeyLog,KeyboardUI/Update,"{""c"":""&"",""position"":{""x"":0.0,""y"":0.0},""angle"":3.1415927410125734,""size_dots"":{""x"":0.0,""y"":0.0},""size_mm"":13.800000190734864}"
2025/12/01 20:34:07:618382,Front,KeyLog,KeyboardUI/Update,"{""c"":""%"",""position"":{""x"":0.0,""y"":0.0},""angle"":3.1415927410125734,""size_dots"":{""x"":0.0,""y"":0.0},""size_mm"":13.800000190734864}"
2025/12/01 20:34:07:647193,Front,ARMarkerLog,ARMarkerDetector/Update,"{""position"":[0.0,0.0],""angle"":0.0}"
2025/12/01 20:34:07:658374,Front,KeyLog,KeyboardUI/Update,"{""c"":""Q"",""position"":{""x"":0.0,""y"":0.0},""angle"":3.1415927410125734,""size_dots"":{""x"":0.0,""y"":0.0},""size_mm"":10.0}"
2025/12/01 20:34:07:658374,Front,KeyLog,KeyboardUI/Update,"{""c"":""W"",""position"":{""x"":0.0,""y"":0.0},""angle"":3.1415927410125734,""size_dots"":{""x"":0.0,""y"":0.0},""size_mm"":10.0}"
2025/12/01 20:34:07:658374,Front,KeyLog,KeyboardUI/Update,"{""c"":""E"",""position"":{""x"":0.0,""y"":0.0},""angle"":3.1415927410125734,""size_dots"":{""x"":0.0,""y"":0.0},""size_mm"":10.0}"
2025/12/01 20:34:07:658374,Front,KeyLog,KeyboardUI/Update,"{""c"":""R"",""position"":{""x"":0.0,""y"":0.0},""angle"":3.1415927410125734,""size_dots"":{""x"":0.0,""y"":0.0},""size_mm"":10.0}"
2025/12/01 20:34:07:658374,Front,KeyLog,KeyboardUI/Update,"{""c"":""T"",""position"":{""x"":0.0,""y"":0.0},""angle"":3.1415927410125734,""size_dots"":{""x"":0.0,""y"":0.0},""size_mm"":10.0}"
2025/12/01 20:34:07:658374,Front,KeyLog,KeyboardUI/Update,"{""c"":""Y"",""position"":{""x"":0.0,""y"":0.0},""angle"":3.1415927410125734,""size_dots"":{""x"":0.0,""y"":0.0},""size_mm"":10.0}"
2025/12/01 20:34:07:658374,Front,KeyLog,KeyboardUI/Update,"{""c"":""U"",""position"":{""x"":0.0,""y"":0.0},""angle"":3.1415927410125734,""size_dots"":{""x"":0.0,""y"":0.0},""size_mm"":10.0}"
2025/12/01 20:34:07:658374,Front,KeyLog,KeyboardUI/Update,"{""c"":""I"",""position"":{""x"":0.0,""y"":0.0},""angle"":3.1415927410125734,""size_dots"":{""x"":0.0,""y"":0.0},""size_mm"":10.0}"
2025/12/01 20:34:07:658374,Front,KeyLog,KeyboardUI/Update,"{""c"":""O"",""position"":{""x"":0.0,""y"":0.0},""angle"":3.1415927410125734,""size_dots"":{""x"":0.0,""y"":0.0},""size_mm"":10.0}"
2025/12/01 20:34:07:658374,Front,KeyLog,KeyboardUI/Update,"{""c"":""P"",""position"":{""x"":0.0,""y"":0.0},""angle"":3.1415927410125734,""size_dots"":{""x"":0.0,""y"":0.0},""size_mm"":10.0}"
2025/12/01 20:34:07:658374,Front,KeyLog,KeyboardUI/Update,"{""c"":""A"",""position"":{""x"":0.0,""y"":0.0},""angle"":3.1415927410125734,""size_dots"":{""x"":0.0,""y"":0.0},""size_mm"":10.0}"
2025/12/01 20:34:07:658374,Front,KeyLog,KeyboardUI/Update,"{""c"":""S"",""position"":{""x"":0.0,""y"":0.0},""angle"":3.1415927410125734,""size_dots"":{""x"":0.0,""y"":0.0},""size_mm"":10.0}"
2025/12/01 20:34:07:658374,Front,KeyLog,KeyboardUI/Update,"{""c"":""D"",""position"":{""x"":0.0,""y"":0.0},""angle"":3.1415927410125734,""size_dots"":{""x"":0.0,""y"":0.0},""size_mm"":10.0}"
2025/12/01 20:34:07:658374,Front,KeyLog,KeyboardUI/Update,"{""c"":""F"",""position"":{""x"":0.0,""y"":0.0},""angle"":3.1415927410125734,""size_dots"":{""x"":0.0,""y"":0.0},""size_mm"":10.0}"
2025/12/01 20:34:07:658374,Front,KeyLog,KeyboardUI/Update,"{""c"":""G"",""position"":{""x"":0.0,""y"":0.0},""angle"":3.1415927410125734,""size_dots"":{""x"":0.0,""y"":0.0},""size_mm"":10.0}"
2025/12/01 20:34:07:658374,Front,KeyLog,KeyboardUI/Update,"{""c"":""H"",""position"":{""x"":0.0,""y"":0.0},""angle"":3.1415927410125734,""size_dots"":{""x"":0.0,""y"":0.0},""size_mm"":10.0}"
2025/12/01 20:34:07:658374,Front,KeyLog,KeyboardUI/Update,"{""c"":""J"",""position"":{""x"":0.0,""y"":0.0},""angle"":3.1415927410125734,""size_dots"":{""x"":0.0,""y"":0.0},""size_mm"":10.0}"
2025/12/01 20:34:07:658374,Front,KeyLog,KeyboardUI/Update,"{""c"":""K"",""position"":{""x"":0.0,""y"":0.0},""angle"":3.1415927410125734,""size_dots"":{""x"":0.0,""y"":0.0},""size_mm"":10.0}"
2025/12/01 20:34:07:658374,Front,KeyLog,KeyboardUI/Update,"{""c"":""L"",""position"":{""x"":0.0,""y"":0.0},""angle"":3.1415927410125734,""size_dots"":{""x"":0.0,""y"":0.0},""size_mm"":10.0}"
2025/12/01 20:34:07:658374,Front,KeyLog,KeyboardUI/Update,"{""c"":""Z"",""position"":{""x"":0.0,""y"":0.0},""angle"":3.1415927410125734,""size_dots"":{""x"":0.0,""y"":0.0},""size_mm"":10.0}"
2025/12/01 20:34:07:660392,Front,KeyLog,KeyboardUI/Update,"{""c"":""X"",""position"":{""x"":0.0,""y"":0.0},""angle"":3.1415927410125734,""size_dots"":{""x"":0.0,""y"":0.0},""size_mm"":10.0}"
2025/12/01 20:34:07:661436,Front,KeyLog,KeyboardUI/Update,"{""c"":""C"",""position"":{""x"":0.0,""y"":0.0},""angle"":3.1415927410125734,""size_dots"":{""x"":0.0,""y"":0.0},""size_mm"":10.0}"
2025/12/01 20:34:07:662449,Front,KeyLog,KeyboardUI/Update,"{""c"":""V"",""position"":{""x"":0.0,""y"":0.0},""angle"":3.1415927410125734,""size_dots"":{""x"":0.0,""y"":0.0},""size_mm"":10.0}"
2025/12/01 20:34:07:664472,Front,KeyLog,KeyboardUI/Update,"{""c"":""B"",""position"":{""x"":0.0,""y"":0.0},""angle"":3.1415927410125734,""size_dots"":{""x"":0.0,""y"":0.0},""size_mm"":10.0}"
2025/12/01 20:34:07:665483,Front,KeyLog,KeyboardUI/Update,"{""c"":""N"",""position"":{""x"":0.0,""y"":0.0},""angle"":3.1415927410125734,""size_dots"":{""x"":0.0,""y"":0.0},""size_mm"":10.0}"
2025/12/01 20:34:07:666482,Front,KeyLog,KeyboardUI/Update,"{""c"":""M"",""position"":{""x"":0.0,""y"":0.0},""angle"":3.1415927410125734,""size_dots"":{""x"":0.0,""y"":0.0},""size_mm"":10.0}"
2025/12/01 20:34:07:666986,Front,KeyLog,KeyboardUI/Update,"{""c"":""#"",""position"":{""x"":0.0,""y"":0.0},""angle"":3.1415927410125734,""size_dots"":{""x"":0.0,""y"":0.0},""size_mm"":13.800000190734864}"
2025/12/01 20:34:07:667995,Front,KeyLog,KeyboardUI/Update,"{""c"":""&"",""position"":{""x"":0.0,""y"":0.0},""angle"":3.1415927410125734,""size_dots"":{""x"":0.0,""y"":0.0},""size_mm"":13.800000190734864}"
2025/12/01 20:34:07:667995,Front,KeyLog,KeyboardUI/Update,"{""c"":""%"",""position"":{""x"":0.0,""y"":0.0},""angle"":3.1415927410125734,""size_dots"":{""x"":0.0,""y"":0.0},""size_mm"":13.800000190734864}"
2025/12/01 20:34:07:694355,Front,ARMarkerLog,ARMarkerDetector/Update,"{""position"":[0.0,0.0],""angle"":0.0}"
2025/12/01 20:34:07:708016,Front,KeyLog,KeyboardUI/Update,"{""c"":""Q"",""position"":{""x"":0.0,""y"":0.0},""angle"":3.1415927410125734,""size_dots"":{""x"":0.0,""y"":0.0},""size_mm"":10.0}"
2025/12/01 20:34:07:709025,Front,KeyLog,KeyboardUI/Update,"{""c"":""W"",""position"":{""x"":0.0,""y"":0.0},""angle"":3.1415927410125734,""size_dots"":{""x"":0.0,""y"":0.0},""size_mm"":10.0}"
2025/12/01 20:34:07:710035,Front,KeyLog,KeyboardUI/Update,"{""c"":""E"",""position"":{""x"":0.0,""y"":0.0},""angle"":3.1415927410125734,""size_dots"":{""x"":0.0,""y"":0.0},""size_mm"":10.0}"
2025/12/01 20:34:07:711047,Front,KeyLog,KeyboardUI/Update,"{""c"":""R"",""position"":{""x"":0.0,""y"":0.0},""angle"":3.1415927410125734,""size_dots"":{""x"":0.0,""y"":0.0},""size_mm"":10.0}"
2025/12/01 20:34:07:712055,Front,KeyLog,KeyboardUI/Update,"{""c"":""T"",""position"":{""x"":0.0,""y"":0.0},""angle"":3.1415927410125734,""size_dots"":{""x"":0.0,""y"":0.0},""size_mm"":10.0}"
2025/12/01 20:34:07:713068,Front,KeyLog,KeyboardUI/Update,"{""c"":""Y"",""position"":{""x"":0.0,""y"":0.0},""angle"":3.1415927410125734,""size_dots"":{""x"":0.0,""y"":0.0},""size_mm"":10.0}"
2025/12/01 20:34:07:714078,Front,KeyLog,KeyboardUI/Update,"{""c"":""U"",""position"":{""x"":0.0,""y"":0.0},""angle"":3.1415927410125734,""size_dots"":{""x"":0.0,""y"":0.0},""size_mm"":10.0}"
2025/12/01 20:34:07:714078,Front,KeyLog,KeyboardUI/Update,"{""c"":""I"",""position"":{""x"":0.0,""y"":0.0},""angle"":3.1415927410125734,""size_dots"":{""x"":0.0,""y"":0.0},""size_mm"":10.0}"
2025/12/01 20:34:07:715088,Front,KeyLog,KeyboardUI/Update,"{""c"":""O"",""position"":{""x"":0.0,""y"":0.0},""angle"":3.1415927410125734,""size_dots"":{""x"":0.0,""y"":0.0},""size_mm"":10.0}"
2025/12/01 20:34:07:716099,Front,KeyLog,KeyboardUI/Update,"{""c"":""P"",""position"":{""x"":0.0,""y"":0.0},""angle"":3.1415927410125734,""size_dots"":{""x"":0.0,""y"":0.0},""size_mm"":10.0}"
2025/12/01 20:34:07:717121,Front,KeyLog,KeyboardUI/Update,"{""c"":""A"",""position"":{""x"":0.0,""y"":0.0},""angle"":3.1415927410125734,""size_dots"":{""x"":0.0,""y"":0.0},""size_mm"":10.0}"
2025/12/01 20:34:07:718130,Front,KeyLog,KeyboardUI/Update,"{""c"":""S"",""position"":{""x"":0.0,""y"":0.0},""angle"":3.1415927410125734,""size_dots"":{""x"":0.0,""y"":0.0},""size_mm"":10.0}"
2025/12/01 20:34:07:719141,Front,KeyLog,KeyboardUI/Update,"{""c"":""D"",""position"":{""x"":0.0,""y"":0.0},""angle"":3.1415927410125734,""size_dots"":{""x"":0.0,""y"":0.0},""size_mm"":10.0}"
2025/12/01 20:34:07:720149,Front,KeyLog,KeyboardUI/Update,"{""c"":""F"",""position"":{""x"":0.0,""y"":0.0},""angle"":3.1415927410125734,""size_dots"":{""x"":0.0,""y"":0.0},""size_mm"":10.0}"
2025/12/01 20:34:07:721157,Front,KeyLog,KeyboardUI/Update,"{""c"":""G"",""position"":{""x"":0.0,""y"":0.0},""angle"":3.1415927410125734,""size_dots"":{""x"":0.0,""y"":0.0},""size_mm"":10.0}"
2025/12/01 20:34:07:722229,Front,KeyLog,KeyboardUI/Update,"{""c"":""H"",""position"":{""x"":0.0,""y"":0.0},""angle"":3.1415927410125734,""size_dots"":{""x"":0.0,""y"":0.0},""size_mm"":10.0}"
2025/12/01 20:34:07:723233,Front,KeyLog,KeyboardUI/Update,"{""c"":""J"",""position"":{""x"":0.0,""y"":0.0},""angle"":3.1415927410125734,""size_dots"":{""x"":0.0,""y"":0.0},""size_mm"":10.0}"
2025/12/01 20:34:07:724246,Front,KeyLog,KeyboardUI/Update,"{""c"":""K"",""position"":{""x"":0.0,""y"":0.0},""angle"":3.1415927410125734,""size_dots"":{""x"":0.0,""y"":0.0},""size_mm"":10.0}"
2025/12/01 20:34:07:725257,Front,KeyLog,KeyboardUI/Update,"{""c"":""L"",""position"":{""x"":0.0,""y"":0.0},""angle"":3.1415927410125734,""size_dots"":{""x"":0.0,""y"":0.0},""size_mm"":10.0}"
2025/12/01 20:34:07:726272,Front,KeyLog,KeyboardUI/Update,"{""c"":""Z"",""position"":{""x"":0.0,""y"":0.0},""angle"":3.1415927410125734,""size_dots"":{""x"":0.0,""y"":0.0},""size_mm"":10.0}"
2025/12/01 20:34:07:727291,Front,KeyLog,KeyboardUI/Update,"{""c"":""X"",""position"":{""x"":0.0,""y"":0.0},""angle"":3.1415927410125734,""size_dots"":{""x"":0.0,""y"":0.0},""size_mm"":10.0}"
2025/12/01 20:34:07:728304,Front,KeyLog,KeyboardUI/Update,"{""c"":""C"",""position"":{""x"":0.0,""y"":0.0},""angle"":3.1415927410125734,""size_dots"":{""x"":0.0,""y"":0.0},""size_mm"":10.0}"
2025/12/01 20:34:07:729311,Front,KeyLog,KeyboardUI/Update,"{""c"":""V"",""position"":{""x"":0.0,""y"":0.0},""angle"":3.1415927410125734,""size_dots"":{""x"":0.0,""y"":0.0},""size_mm"":10.0}"
2025/12/01 20:34:07:730320,Front,KeyLog,KeyboardUI/Update,"{""c"":""B"",""position"":{""x"":0.0,""y"":0.0},""angle"":3.1415927410125734,""size_dots"":{""x"":0.0,""y"":0.0},""size_mm"":10.0}"
2025/12/01 20:34:07:730320,Front,KeyLog,KeyboardUI/Update,"{""c"":""N"",""position"":{""x"":0.0,""y"":0.0},""angle"":3.1415927410125734,""size_dots"":{""x"":0.0,""y"":0.0},""size_mm"":10.0}"
2025/12/01 20:34:07:731333,Front,KeyLog,KeyboardUI/Update,"{""c"":""M"",""position"":{""x"":0.0,""y"":0.0},""angle"":3.1415927410125734,""size_dots"":{""x"":0.0,""y"":0.0},""size_mm"":10.0}"
2025/12/01 20:34:07:731333,Front,KeyLog,KeyboardUI/Update,"{""c"":""#"",""position"":{""x"":0.0,""y"":0.0},""angle"":3.1415927410125734,""size_dots"":{""x"":0.0,""y"":0.0},""size_mm"":13.800000190734864}"
2025/12/01 20:34:07:732343,Front,KeyLog,KeyboardUI/Update,"{""c"":""&"",""position"":{""x"":0.0,""y"":0.0},""angle"":3.1415927410125734,""size_dots"":{""x"":0.0,""y"":0.0},""size_mm"":13.800000190734864}"
2025/12/01 20:34:07:732343,Front,KeyLog,KeyboardUI/Update,"{""c"":""%"",""position"":{""x"":0.0,""y"":0.0},""angle"":3.1415927410125734,""size_dots"":{""x"":0.0,""y"":0.0},""size_mm"":13.800000190734864}"
2025/12/01 20:34:07:762222,Front,ARMarkerLog,ARMarkerDetector/Update,"{""position"":[0.0,0.0],""angle"":0.0}"
2025/12/01 20:34:07:775485,Front,KeyLog,KeyboardUI/Update,"{""c"":""Q"",""position"":{""x"":0.0,""y"":0.0},""angle"":3.1415927410125734,""size_dots"":{""x"":0.0,""y"":0.0},""size_mm"":10.0}"
2025/12/01 20:34:07:776989,Front,KeyLog,KeyboardUI/Update,"{""c"":""W"",""position"":{""x"":0.0,""y"":0.0},""angle"":3.1415927410125734,""size_dots"":{""x"":0.0,""y"":0.0},""size_mm"":10.0}"
2025/12/01 20:34:07:777998,Front,KeyLog,KeyboardUI/Update,"{""c"":""E"",""position"":{""x"":0.0,""y"":0.0},""angle"":3.1415927410125734,""size_dots"":{""x"":0.0,""y"":0.0},""size_mm"":10.0}"
2025/12/01 20:34:07:777998,Front,KeyLog,KeyboardUI/Update,"{""c"":""R"",""position"":{""x"":0.0,""y"":0.0},""angle"":3.1415927410125734,""size_dots"":{""x"":0.0,""y"":0.0},""size_mm"":10.0}"
2025/12/01 20:34:07:780019,Front,KeyLog,KeyboardUI/Update,"{""c"":""T"",""position"":{""x"":0.0,""y"":0.0},""angle"":3.1415927410125734,""size_dots"":{""x"":0.0,""y"":0.0},""size_mm"":10.0}"
2025/12/01 20:34:07:781030,Front,KeyLog,KeyboardUI/Update,"{""c"":""Y"",""position"":{""x"":0.0,""y"":0.0},""angle"":3.1415927410125734,""size_dots"":{""x"":0.0,""y"":0.0},""size_mm"":10.0}"
2025/12/01 20:34:07:781030,Front,KeyLog,KeyboardUI/Update,"{""c"":""U"",""position"":{""x"":0.0,""y"":0.0},""angle"":3.1415927410125734,""size_dots"":{""x"":0.0,""y"":0.0},""size_mm"":10.0}"
2025/12/01 20:34:07:781030,Front,KeyLog,KeyboardUI/Update,"{""c"":""I"",""position"":{""x"":0.0,""y"":0.0},""angle"":3.1415927410125734,""size_dots"":{""x"":0.0,""y"":0.0},""size_mm"":10.0}"
2025/12/01 20:34:07:781030,Front,KeyLog,KeyboardUI/Update,"{""c"":""O"",""position"":{""x"":0.0,""y"":0.0},""angle"":3.1415927410125734,""size_dots"":{""x"":0.0,""y"":0.0},""size_mm"":10.0}"
2025/12/01 20:34:07:781030,Front,KeyLog,KeyboardUI/Update,"{""c"":""P"",""position"":{""x"":0.0,""y"":0.0},""angle"":3.1415927410125734,""size_dots"":{""x"":0.0,""y"":0.0},""size_mm"":10.0}"
2025/12/01 20:34:07:781030,Front,KeyLog,KeyboardUI/Update,"{""c"":""A"",""position"":{""x"":0.0,""y"":0.0},""angle"":3.1415927410125734,""size_dots"":{""x"":0.0,""y"":0.0},""size_mm"":10.0}"
2025/12/01 20:34:07:781030,Front,KeyLog,KeyboardUI/Update,"{""c"":""S"",""position"":{""x"":0.0,""y"":0.0},""angle"":3.1415927410125734,""size_dots"":{""x"":0.0,""y"":0.0},""size_mm"":10.0}"
2025/12/01 20:34:07:781030,Front,KeyLog,KeyboardUI/Update,"{""c"":""D"",""position"":{""x"":0.0,""y"":0.0},""angle"":3.1415927410125734,""size_dots"":{""x"":0.0,""y"":0.0},""size_mm"":10.0}"
2025/12/01 20:34:07:781030,Front,KeyLog,KeyboardUI/Update,"{""c"":""F"",""position"":{""x"":0.0,""y"":0.0},""angle"":3.1415927410125734,""size_dots"":{""x"":0.0,""y"":0.0},""size_mm"":10.0}"
2025/12/01 20:34:07:781030,Front,KeyLog,KeyboardUI/Update,"{""c"":""G"",""position"":{""x"":0.0,""y"":0.0},""angle"":3.1415927410125734,""size_dots"":{""x"":0.0,""y"":0.0},""size_mm"":10.0}"
2025/12/01 20:34:07:781030,Front,KeyLog,KeyboardUI/Update,"{""c"":""H"",""position"":{""x"":0.0,""y"":0.0},""angle"":3.1415927410125734,""size_dots"":{""x"":0.0,""y"":0.0},""size_mm"":10.0}"
2025/12/01 20:34:07:781030,Front,KeyLog,KeyboardUI/Update,"{""c"":""J"",""position"":{""x"":0.0,""y"":0.0},""angle"":3.1415927410125734,""size_dots"":{""x"":0.0,""y"":0.0},""size_mm"":10.0}"
2025/12/01 20:34:07:781030,Front,KeyLog,KeyboardUI/Update,"{""c"":""K"",""position"":{""x"":0.0,""y"":0.0},""angle"":3.1415927410125734,""size_dots"":{""x"":0.0,""y"":0.0},""size_mm"":10.0}"
2025/12/01 20:34:07:781030,Front,KeyLog,KeyboardUI/Update,"{""c"":""L"",""position"":{""x"":0.0,""y"":0.0},""angle"":3.1415927410125734,""size_dots"":{""x"":0.0,""y"":0.0},""size_mm"":10.0}"
2025/12/01 20:34:07:781030,Front,KeyLog,KeyboardUI/Update,"{""c"":""Z"",""position"":{""x"":0.0,""y"":0.0},""angle"":3.1415927410125734,""size_dots"":{""x"":0.0,""y"":0.0},""size_mm"":10.0}"
2025/12/01 20:34:07:781030,Front,KeyLog,KeyboardUI/Update,"{""c"":""X"",""position"":{""x"":0.0,""y"":0.0},""angle"":3.1415927410125734,""size_dots"":{""x"":0.0,""y"":0.0},""size_mm"":10.0}"
2025/12/01 20:34:07:781030,Front,KeyLog,KeyboardUI/Update,"{""c"":""C"",""position"":{""x"":0.0,""y"":0.0},""angle"":3.1415927410125734,""size_dots"":{""x"":0.0,""y"":0.0},""size_mm"":10.0}"
2025/12/01 20:34:07:781030,Front,KeyLog,KeyboardUI/Update,"{""c"":""V"",""position"":{""x"":0.0,""y"":0.0},""angle"":3.1415927410125734,""size_dots"":{""x"":0.0,""y"":0.0},""size_mm"":10.0}"
2025/12/01 20:34:07:781030,Front,KeyLog,KeyboardUI/Update,"{""c"":""B"",""position"":{""x"":0.0,""y"":0.0},""angle"":3.1415927410125734,""size_dots"":{""x"":0.0,""y"":0.0},""size_mm"":10.0}"
2025/12/01 20:34:07:781030,Front,KeyLog,KeyboardUI/Update,"{""c"":""N"",""position"":{""x"":0.0,""y"":0.0},""angle"":3.1415927410125734,""size_dots"":{""x"":0.0,""y"":0.0},""size_mm"":10.0}"
2025/12/01 20:34:07:782040,Front,KeyLog,KeyboardUI/Update,"{""c"":""M"",""position"":{""x"":0.0,""y"":0.0},""angle"":3.1415927410125734,""size_dots"":{""x"":0.0,""y"":0.0},""size_mm"":10.0}"
2025/12/01 20:34:07:783049,Front,KeyLog,KeyboardUI/Update,"{""c"":""#"",""position"":{""x"":0.0,""y"":0.0},""angle"":3.1415927410125734,""size_dots"":{""x"":0.0,""y"":0.0},""size_mm"":13.800000190734864}"
2025/12/01 20:34:07:784059,Front,KeyLog,KeyboardUI/Update,"{""c"":""&"",""position"":{""x"":0.0,""y"":0.0},""angle"":3.1415927410125734,""size_dots"":{""x"":0.0,""y"":0.0},""size_mm"":13.800000190734864}"
2025/12/01 20:34:07:785103,Front,KeyLog,KeyboardUI/Update,"{""c"":""%"",""position"":{""x"":0.0,""y"":0.0},""angle"":3.1415927410125734,""size_dots"":{""x"":0.0,""y"":0.0},""size_mm"":13.800000190734864}"
2025/12/01 20:34:07:807387,Front,ARMarkerLog,ARMarkerDetector/Update,"{""position"":[0.0,0.0],""angle"":0.0}"
2025/12/01 20:34:07:815486,Front,KeyLog,KeyboardUI/Update,"{""c"":""Q"",""position"":{""x"":0.0,""y"":0.0},""angle"":3.1415927410125734,""size_dots"":{""x"":0.0,""y"":0.0},""size_mm"":10.0}"
2025/12/01 20:34:07:816486,Front,KeyLog,KeyboardUI/Update,"{""c"":""W"",""position"":{""x"":0.0,""y"":0.0},""angle"":3.1415927410125734,""size_dots"":{""x"":0.0,""y"":0.0},""size_mm"":10.0}"
2025/12/01 20:34:07:816486,Front,KeyLog,KeyboardUI/Update,"{""c"":""E"",""position"":{""x"":0.0,""y"":0.0},""angle"":3.1415927410125734,""size_dots"":{""x"":0.0,""y"":0.0},""size_mm"":10.0}"
2025/12/01 20:34:07:816486,Front,KeyLog,KeyboardUI/Update,"{""c"":""R"",""position"":{""x"":0.0,""y"":0.0},""angle"":3.1415927410125734,""size_dots"":{""x"":0.0,""y"":0.0},""size_mm"":10.0}"
2025/12/01 20:34:07:816486,Front,KeyLog,KeyboardUI/Update,"{""c"":""T"",""position"":{""x"":0.0,""y"":0.0},""angle"":3.1415927410125734,""size_dots"":{""x"":0.0,""y"":0.0},""size_mm"":10.0}"
2025/12/01 20:34:07:816486,Front,KeyLog,KeyboardUI/Update,"{""c"":""Y"",""position"":{""x"":0.0,""y"":0.0},""angle"":3.1415927410125734,""size_dots"":{""x"":0.0,""y"":0.0},""size_mm"":10.0}"
2025/12/01 20:34:07:816486,Front,KeyLog,KeyboardUI/Update,"{""c"":""U"",""position"":{""x"":0.0,""y"":0.0},""angle"":3.1415927410125734,""size_dots"":{""x"":0.0,""y"":0.0},""size_mm"":10.0}"
2025/12/01 20:34:07:816486,Front,KeyLog,KeyboardUI/Update,"{""c"":""I"",""position"":{""x"":0.0,""y"":0.0},""angle"":3.1415927410125734,""size_dots"":{""x"":0.0,""y"":0.0},""size_mm"":10.0}"
2025/12/01 20:34:07:816486,Front,KeyLog,KeyboardUI/Update,"{""c"":""O"",""position"":{""x"":0.0,""y"":0.0},""angle"":3.1415927410125734,""size_dots"":{""x"":0.0,""y"":0.0},""size_mm"":10.0}"
2025/12/01 20:34:07:816486,Front,KeyLog,KeyboardUI/Update,"{""c"":""P"",""position"":{""x"":0.0,""y"":0.0},""angle"":3.1415927410125734,""size_dots"":{""x"":0.0,""y"":0.0},""size_mm"":10.0}"
2025/12/01 20:34:07:816486,Front,KeyLog,KeyboardUI/Update,"{""c"":""A"",""position"":{""x"":0.0,""y"":0.0},""angle"":3.1415927410125734,""size_dots"":{""x"":0.0,""y"":0.0},""size_mm"":10.0}"
2025/12/01 20:34:07:816486,Front,KeyLog,KeyboardUI/Update,"{""c"":""S"",""position"":{""x"":0.0,""y"":0.0},""angle"":3.1415927410125734,""size_dots"":{""x"":0.0,""y"":0.0},""size_mm"":10.0}"
2025/12/01 20:34:07:816486,Front,KeyLog,KeyboardUI/Update,"{""c"":""D"",""position"":{""x"":0.0,""y"":0.0},""angle"":3.1415927410125734,""size_dots"":{""x"":0.0,""y"":0.0},""size_mm"":10.0}"
2025/12/01 20:34:07:816486,Front,KeyLog,KeyboardUI/Update,"{""c"":""F"",""position"":{""x"":0.0,""y"":0.0},""angle"":3.1415927410125734,""size_dots"":{""x"":0.0,""y"":0.0},""size_mm"":10.0}"
2025/12/01 20:34:07:816486,Front,KeyLog,KeyboardUI/Update,"{""c"":""G"",""position"":{""x"":0.0,""y"":0.0},""angle"":3.1415927410125734,""size_dots"":{""x"":0.0,""y"":0.0},""size_mm"":10.0}"
2025/12/01 20:34:07:816486,Front,KeyLog,KeyboardUI/Update,"{""c"":""H"",""position"":{""x"":0.0,""y"":0.0},""angle"":3.1415927410125734,""size_dots"":{""x"":0.0,""y"":0.0},""size_mm"":10.0}"
2025/12/01 20:34:07:816486,Front,KeyLog,KeyboardUI/Update,"{""c"":""J"",""position"":{""x"":0.0,""y"":0.0},""angle"":3.1415927410125734,""size_dots"":{""x"":0.0,""y"":0.0},""size_mm"":10.0}"
2025/12/01 20:34:07:816486,Front,KeyLog,KeyboardUI/Update,"{""c"":""K"",""position"":{""x"":0.0,""y"":0.0},""angle"":3.1415927410125734,""size_dots"":{""x"":0.0,""y"":0.0},""size_mm"":10.0}"
2025/12/01 20:34:07:816486,Front,KeyLog,KeyboardUI/Update,"{""c"":""L"",""position"":{""x"":0.0,""y"":0.0},""angle"":3.1415927410125734,""size_dots"":{""x"":0.0,""y"":0.0},""size_mm"":10.0}"
2025/12/01 20:34:07:816990,Front,KeyLog,KeyboardUI/Update,"{""c"":""Z"",""position"":{""x"":0.0,""y"":0.0},""angle"":3.1415927410125734,""size_dots"":{""x"":0.0,""y"":0.0},""size_mm"":10.0}"
2025/12/01 20:34:07:817999,Front,KeyLog,KeyboardUI/Update,"{""c"":""X"",""position"":{""x"":0.0,""y"":0.0},""angle"":3.1415927410125734,""size_dots"":{""x"":0.0,""y"":0.0},""size_mm"":10.0}"
2025/12/01 20:34:07:819014,Front,KeyLog,KeyboardUI/Update,"{""c"":""C"",""position"":{""x"":0.0,""y"":0.0},""angle"":3.1415927410125734,""size_dots"":{""x"":0.0,""y"":0.0},""size_mm"":10.0}"
2025/12/01 20:34:07:820024,Front,KeyLog,KeyboardUI/Update,"{""c"":""V"",""position"":{""x"":0.0,""y"":0.0},""angle"":3.1415927410125734,""size_dots"":{""x"":0.0,""y"":0.0},""size_mm"":10.0}"
2025/12/01 20:34:07:821035,Front,KeyLog,KeyboardUI/Update,"{""c"":""B"",""position"":{""x"":0.0,""y"":0.0},""angle"":3.1415927410125734,""size_dots"":{""x"":0.0,""y"":0.0},""size_mm"":10.0}"
2025/12/01 20:34:07:822045,Front,KeyLog,KeyboardUI/Update,"{""c"":""N"",""position"":{""x"":0.0,""y"":0.0},""angle"":3.1415927410125734,""size_dots"":{""x"":0.0,""y"":0.0},""size_mm"":10.0}"
2025/12/01 20:34:07:823055,Front,KeyLog,KeyboardUI/Update,"{""c"":""M"",""position"":{""x"":0.0,""y"":0.0},""angle"":3.1415927410125734,""size_dots"":{""x"":0.0,""y"":0.0},""size_mm"":10.0}"
2025/12/01 20:34:07:824065,Front,KeyLog,KeyboardUI/Update,"{""c"":""#"",""position"":{""x"":0.0,""y"":0.0},""angle"":3.1415927410125734,""size_dots"":{""x"":0.0,""y"":0.0},""size_mm"":13.800000190734864}"
2025/12/01 20:34:07:825073,Front,KeyLog,KeyboardUI/Update,"{""c"":""&"",""position"":{""x"":0.0,""y"":0.0},""angle"":3.1415927410125734,""size_dots"":{""x"":0.0,""y"":0.0},""size_mm"":13.800000190734864}"
2025/12/01 20:34:07:825073,Front,KeyLog,KeyboardUI/Update,"{""c"":""%"",""position"":{""x"":0.0,""y"":0.0},""angle"":3.1415927410125734,""size_dots"":{""x"":0.0,""y"":0.0},""size_mm"":13.800000190734864}"
2025/12/01 20:34:07:864233,Front,ARMarkerLog,ARMarkerDetector/Update,"{""position"":[0.0,0.0],""angle"":0.0}"
2025/12/01 20:34:07:882534,Front,KeyLog,KeyboardUI/Update,"{""c"":""Q"",""position"":{""x"":0.0,""y"":0.0},""angle"":3.1415927410125734,""size_dots"":{""x"":0.0,""y"":0.0},""size_mm"":10.0}"
2025/12/01 20:34:07:882534,Front,KeyLog,KeyboardUI/Update,"{""c"":""W"",""position"":{""x"":0.0,""y"":0.0},""angle"":3.1415927410125734,""size_dots"":{""x"":0.0,""y"":0.0},""size_mm"":10.0}"
2025/12/01 20:34:07:882534,Front,KeyLog,KeyboardUI/Update,"{""c"":""E"",""position"":{""x"":0.0,""y"":0.0},""angle"":3.1415927410125734,""size_dots"":{""x"":0.0,""y"":0.0},""size_mm"":10.0}"
2025/12/01 20:34:07:883546,Front,KeyLog,KeyboardUI/Update,"{""c"":""R"",""position"":{""x"":0.0,""y"":0.0},""angle"":3.1415927410125734,""size_dots"":{""x"":0.0,""y"":0.0},""size_mm"":10.0}"
2025/12/01 20:34:07:883546,Front,KeyLog,KeyboardUI/Update,"{""c"":""T"",""position"":{""x"":0.0,""y"":0.0},""angle"":3.1415927410125734,""size_dots"":{""x"":0.0,""y"":0.0},""size_mm"":10.0}"
2025/12/01 20:34:07:886569,Front,KeyLog,KeyboardUI/Update,"{""c"":""Y"",""position"":{""x"":0.0,""y"":0.0},""angle"":3.1415927410125734,""size_dots"":{""x"":0.0,""y"":0.0},""size_mm"":10.0}"
2025/12/01 20:34:07:888085,Front,KeyLog,KeyboardUI/Update,"{""c"":""U"",""position"":{""x"":0.0,""y"":0.0},""angle"":3.1415927410125734,""size_dots"":{""x"":0.0,""y"":0.0},""size_mm"":10.0}"
2025/12/01 20:34:07:890114,Front,KeyLog,KeyboardUI/Update,"{""c"":""I"",""position"":{""x"":0.0,""y"":0.0},""angle"":3.1415927410125734,""size_dots"":{""x"":0.0,""y"":0.0},""size_mm"":10.0}"
2025/12/01 20:34:07:892138,Front,KeyLog,KeyboardUI/Update,"{""c"":""O"",""position"":{""x"":0.0,""y"":0.0},""angle"":3.1415927410125734,""size_dots"":{""x"":0.0,""y"":0.0},""size_mm"":10.0}"
2025/12/01 20:34:07:892138,Front,KeyLog,KeyboardUI/Update,"{""c"":""P"",""position"":{""x"":0.0,""y"":0.0},""angle"":3.1415927410125734,""size_dots"":{""x"":0.0,""y"":0.0},""size_mm"":10.0}"
2025/12/01 20:34:07:892138,Front,KeyLog,KeyboardUI/Update,"{""c"":""A"",""position"":{""x"":0.0,""y"":0.0},""angle"":3.1415927410125734,""size_dots"":{""x"":0.0,""y"":0.0},""size_mm"":10.0}"
2025/12/01 20:34:07:892138,Front,KeyLog,KeyboardUI/Update,"{""c"":""S"",""position"":{""x"":0.0,""y"":0.0},""angle"":3.1415927410125734,""size_dots"":{""x"":0.0,""y"":0.0},""size_mm"":10.0}"
2025/12/01 20:34:07:894183,Front,KeyLog,KeyboardUI/Update,"{""c"":""D"",""position"":{""x"":0.0,""y"":0.0},""angle"":3.1415927410125734,""size_dots"":{""x"":0.0,""y"":0.0},""size_mm"":10.0}"
2025/12/01 20:34:07:895193,Front,KeyLog,KeyboardUI/Update,"{""c"":""F"",""position"":{""x"":0.0,""y"":0.0},""angle"":3.1415927410125734,""size_dots"":{""x"":0.0,""y"":0.0},""size_mm"":10.0}"
2025/12/01 20:34:07:896205,Front,KeyLog,KeyboardUI/Update,"{""c"":""G"",""position"":{""x"":0.0,""y"":0.0},""angle"":3.1415927410125734,""size_dots"":{""x"":0.0,""y"":0.0},""size_mm"":10.0}"
2025/12/01 20:34:07:896205,Front,KeyLog,KeyboardUI/Update,"{""c"":""H"",""position"":{""x"":0.0,""y"":0.0},""angle"":3.1415927410125734,""size_dots"":{""x"":0.0,""y"":0.0},""size_mm"":10.0}"
2025/12/01 20:34:07:896205,Front,KeyLog,KeyboardUI/Update,"{""c"":""J"",""position"":{""x"":0.0,""y"":0.0},""angle"":3.1415927410125734,""size_dots"":{""x"":0.0,""y"":0.0},""size_mm"":10.0}"
2025/12/01 20:34:07:897231,Front,KeyLog,KeyboardUI/Update,"{""c"":""K"",""position"":{""x"":0.0,""y"":0.0},""angle"":3.1415927410125734,""size_dots"":{""x"":0.0,""y"":0.0},""size_mm"":10.0}"
2025/12/01 20:34:07:897231,Front,KeyLog,KeyboardUI/Update,"{""c"":""L"",""position"":{""x"":0.0,""y"":0.0},""angle"":3.1415927410125734,""size_dots"":{""x"":0.0,""y"":0.0},""size_mm"":10.0}"
2025/12/01 20:34:07:897231,Front,KeyLog,KeyboardUI/Update,"{""c"":""Z"",""position"":{""x"":0.0,""y"":0.0},""angle"":3.1415927410125734,""size_dots"":{""x"":0.0,""y"":0.0},""size_mm"":10.0}"
2025/12/01 20:34:07:899254,Front,KeyLog,KeyboardUI/Update,"{""c"":""X"",""position"":{""x"":0.0,""y"":0.0},""angle"":3.1415927410125734,""size_dots"":{""x"":0.0,""y"":0.0},""size_mm"":10.0}"
2025/12/01 20:34:07:900270,Front,KeyLog,KeyboardUI/Update,"{""c"":""C"",""position"":{""x"":0.0,""y"":0.0},""angle"":3.1415927410125734,""size_dots"":{""x"":0.0,""y"":0.0},""size_mm"":10.0}"
2025/12/01 20:34:07:900270,Front,KeyLog,KeyboardUI/Update,"{""c"":""V"",""position"":{""x"":0.0,""y"":0.0},""angle"":3.1415927410125734,""size_dots"":{""x"":0.0,""y"":0.0},""size_mm"":10.0}"
2025/12/01 20:34:07:901281,Front,KeyLog,KeyboardUI/Update,"{""c"":""B"",""position"":{""x"":0.0,""y"":0.0},""angle"":3.1415927410125734,""size_dots"":{""x"":0.0,""y"":0.0},""size_mm"":10.0}"
2025/12/01 20:34:07:903301,Front,KeyLog,KeyboardUI/Update,"{""c"":""N"",""position"":{""x"":0.0,""y"":0.0},""angle"":3.1415927410125734,""size_dots"":{""x"":0.0,""y"":0.0},""size_mm"":10.0}"
2025/12/01 20:34:07:905323,Front,KeyLog,KeyboardUI/Update,"{""c"":""M"",""position"":{""x"":0.0,""y"":0.0},""angle"":3.1415927410125734,""size_dots"":{""x"":0.0,""y"":0.0},""size_mm"":10.0}"
2025/12/01 20:34:07:908418,Front,KeyLog,KeyboardUI/Update,"{""c"":""#"",""position"":{""x"":0.0,""y"":0.0},""angle"":3.1415927410125734,""size_dots"":{""x"":0.0,""y"":0.0},""size_mm"":13.800000190734864}"
2025/12/01 20:34:07:910442,Front,KeyLog,KeyboardUI/Update,"{""c"":""&"",""position"":{""x"":0.0,""y"":0.0},""angle"":3.1415927410125734,""size_dots"":{""x"":0.0,""y"":0.0},""size_mm"":13.800000190734864}"
2025/12/01 20:34:07:910442,Front,KeyLog,KeyboardUI/Update,"{""c"":""%"",""position"":{""x"":0.0,""y"":0.0},""angle"":3.1415927410125734,""size_dots"":{""x"":0.0,""y"":0.0},""size_mm"":13.800000190734864}"
2025/12/01 20:34:07:958099,Front,ARMarkerLog,ARMarkerDetector/Update,"{""position"":[0.0,0.0],""angle"":0.0}"
2025/12/01 20:34:07:966190,Front,KeyLog,KeyboardUI/Update,"{""c"":""Q"",""position"":{""x"":0.0,""y"":0.0},""angle"":3.1415927410125734,""size_dots"":{""x"":0.0,""y"":0.0},""size_mm"":10.0}"
2025/12/01 20:34:07:966703,Front,KeyLog,KeyboardUI/Update,"{""c"":""W"",""position"":{""x"":0.0,""y"":0.0},""angle"":3.1415927410125734,""size_dots"":{""x"":0.0,""y"":0.0},""size_mm"":10.0}"
2025/12/01 20:34:07:966703,Front,KeyLog,KeyboardUI/Update,"{""c"":""E"",""position"":{""x"":0.0,""y"":0.0},""angle"":3.1415927410125734,""size_dots"":{""x"":0.0,""y"":0.0},""size_mm"":10.0}"
2025/12/01 20:34:07:966703,Front,KeyLog,KeyboardUI/Update,"{""c"":""R"",""position"":{""x"":0.0,""y"":0.0},""angle"":3.1415927410125734,""size_dots"":{""x"":0.0,""y"":0.0},""size_mm"":10.0}"
2025/12/01 20:34:07:966703,Front,KeyLog,KeyboardUI/Update,"{""c"":""T"",""position"":{""x"":0.0,""y"":0.0},""angle"":3.1415927410125734,""size_dots"":{""x"":0.0,""y"":0.0},""size_mm"":10.0}"
2025/12/01 20:34:07:966703,Front,KeyLog,KeyboardUI/Update,"{""c"":""Y"",""position"":{""x"":0.0,""y"":0.0},""angle"":3.1415927410125734,""size_dots"":{""x"":0.0,""y"":0.0},""size_mm"":10.0}"
2025/12/01 20:34:07:966703,Front,KeyLog,KeyboardUI/Update,"{""c"":""U"",""position"":{""x"":0.0,""y"":0.0},""angle"":3.1415927410125734,""size_dots"":{""x"":0.0,""y"":0.0},""size_mm"":10.0}"
2025/12/01 20:34:07:966703,Front,KeyLog,KeyboardUI/Update,"{""c"":""I"",""position"":{""x"":0.0,""y"":0.0},""angle"":3.1415927410125734,""size_dots"":{""x"":0.0,""y"":0.0},""size_mm"":10.0}"
2025/12/01 20:34:07:966703,Front,KeyLog,KeyboardUI/Update,"{""c"":""O"",""position"":{""x"":0.0,""y"":0.0},""angle"":3.1415927410125734,""size_dots"":{""x"":0.0,""y"":0.0},""size_mm"":10.0}"
2025/12/01 20:34:07:966703,Front,KeyLog,KeyboardUI/Update,"{""c"":""P"",""position"":{""x"":0.0,""y"":0.0},""angle"":3.1415927410125734,""size_dots"":{""x"":0.0,""y"":0.0},""size_mm"":10.0}"
2025/12/01 20:34:07:966703,Front,KeyLog,KeyboardUI/Update,"{""c"":""A"",""position"":{""x"":0.0,""y"":0.0},""angle"":3.1415927410125734,""size_dots"":{""x"":0.0,""y"":0.0},""size_mm"":10.0}"
2025/12/01 20:34:07:966703,Front,KeyLog,KeyboardUI/Update,"{""c"":""S"",""position"":{""x"":0.0,""y"":0.0},""angle"":3.1415927410125734,""size_dots"":{""x"":0.0,""y"":0.0},""size_mm"":10.0}"
2025/12/01 20:34:07:966703,Front,KeyLog,KeyboardUI/Update,"{""c"":""D"",""position"":{""x"":0.0,""y"":0.0},""angle"":3.1415927410125734,""size_dots"":{""x"":0.0,""y"":0.0},""size_mm"":10.0}"
2025/12/01 20:34:07:966703,Front,KeyLog,KeyboardUI/Update,"{""c"":""F"",""position"":{""x"":0.0,""y"":0.0},""angle"":3.1415927410125734,""size_dots"":{""x"":0.0,""y"":0.0},""size_mm"":10.0}"
2025/12/01 20:34:07:967213,Front,KeyLog,KeyboardUI/Update,"{""c"":""G"",""position"":{""x"":0.0,""y"":0.0},""angle"":3.1415927410125734,""size_dots"":{""x"":0.0,""y"":0.0},""size_mm"":10.0}"
2025/12/01 20:34:07:968222,Front,KeyLog,KeyboardUI/Update,"{""c"":""H"",""position"":{""x"":0.0,""y"":0.0},""angle"":3.1415927410125734,""size_dots"":{""x"":0.0,""y"":0.0},""size_mm"":10.0}"
2025/12/01 20:34:07:969264,Front,KeyLog,KeyboardUI/Update,"{""c"":""J"",""position"":{""x"":0.0,""y"":0.0},""angle"":3.1415927410125734,""size_dots"":{""x"":0.0,""y"":0.0},""size_mm"":10.0}"
2025/12/01 20:34:07:970276,Front,KeyLog,KeyboardUI/Update,"{""c"":""K"",""position"":{""x"":0.0,""y"":0.0},""angle"":3.1415927410125734,""size_dots"":{""x"":0.0,""y"":0.0},""size_mm"":10.0}"
2025/12/01 20:34:07:971285,Front,KeyLog,KeyboardUI/Update,"{""c"":""L"",""position"":{""x"":0.0,""y"":0.0},""angle"":3.1415927410125734,""size_dots"":{""x"":0.0,""y"":0.0},""size_mm"":10.0}"
2025/12/01 20:34:07:972294,Front,KeyLog,KeyboardUI/Update,"{""c"":""Z"",""position"":{""x"":0.0,""y"":0.0},""angle"":3.1415927410125734,""size_dots"":{""x"":0.0,""y"":0.0},""size_mm"":10.0}"
2025/12/01 20:34:07:972294,Front,KeyLog,KeyboardUI/Update,"{""c"":""X"",""position"":{""x"":0.0,""y"":0.0},""angle"":3.1415927410125734,""size_dots"":{""x"":0.0,""y"":0.0},""size_mm"":10.0}"
2025/12/01 20:34:07:972294,Front,KeyLog,KeyboardUI/Update,"{""c"":""C"",""position"":{""x"":0.0,""y"":0.0},""angle"":3.1415927410125734,""size_dots"":{""x"":0.0,""y"":0.0},""size_mm"":10.0}"
2025/12/01 20:34:07:974313,Front,KeyLog,KeyboardUI/Update,"{""c"":""V"",""position"":{""x"":0.0,""y"":0.0},""angle"":3.1415927410125734,""size_dots"":{""x"":0.0,""y"":0.0},""size_mm"":10.0}"
2025/12/01 20:34:07:975320,Front,KeyLog,KeyboardUI/Update,"{""c"":""B"",""position"":{""x"":0.0,""y"":0.0},""angle"":3.1415927410125734,""size_dots"":{""x"":0.0,""y"":0.0},""size_mm"":10.0}"
2025/12/01 20:34:07:976329,Front,KeyLog,KeyboardUI/Update,"{""c"":""N"",""position"":{""x"":0.0,""y"":0.0},""angle"":3.1415927410125734,""size_dots"":{""x"":0.0,""y"":0.0},""size_mm"":10.0}"
2025/12/01 20:34:07:977342,Front,KeyLog,KeyboardUI/Update,"{""c"":""M"",""position"":{""x"":0.0,""y"":0.0},""angle"":3.1415927410125734,""size_dots"":{""x"":0.0,""y"":0.0},""size_mm"":10.0}"
2025/12/01 20:34:07:977342,Front,KeyLog,KeyboardUI/Update,"{""c"":""#"",""position"":{""x"":0.0,""y"":0.0},""angle"":3.1415927410125734,""size_dots"":{""x"":0.0,""y"":0.0},""size_mm"":13.800000190734864}"
2025/12/01 20:34:07:978356,Front,KeyLog,KeyboardUI/Update,"{""c"":""&"",""position"":{""x"":0.0,""y"":0.0},""angle"":3.1415927410125734,""size_dots"":{""x"":0.0,""y"":0.0},""size_mm"":13.800000190734864}"
2025/12/01 20:34:07:978356,Front,KeyLog,KeyboardUI/Update,"{""c"":""%"",""position"":{""x"":0.0,""y"":0.0},""angle"":3.1415927410125734,""size_dots"":{""x"":0.0,""y"":0.0},""size_mm"":13.800000190734864}"
2025/12/01 20:34:07:998070,Front,ARMarkerLog,ARMarkerDetector/Update,"{""position"":[0.0,0.0],""angle"":0.0}"
2025/12/01 20:34:08:013283,Front,KeyLog,KeyboardUI/Update,"{""c"":""Q"",""position"":{""x"":0.0,""y"":0.0},""angle"":3.1415927410125734,""size_dots"":{""x"":0.0,""y"":0.0},""size_mm"":10.0}"
2025/12/01 20:34:08:014292,Front,KeyLog,KeyboardUI/Update,"{""c"":""W"",""position"":{""x"":0.0,""y"":0.0},""angle"":3.1415927410125734,""size_dots"":{""x"":0.0,""y"":0.0},""size_mm"":10.0}"
2025/12/01 20:34:08:015318,Front,KeyLog,KeyboardUI/Update,"{""c"":""E"",""position"":{""x"":0.0,""y"":0.0},""angle"":3.1415927410125734,""size_dots"":{""x"":0.0,""y"":0.0},""size_mm"":10.0}"
2025/12/01 20:34:08:016327,Front,KeyLog,KeyboardUI/Update,"{""c"":""R"",""position"":{""x"":0.0,""y"":0.0},""angle"":3.1415927410125734,""size_dots"":{""x"":0.0,""y"":0.0},""size_mm"":10.0}"
2025/12/01 20:34:08:017344,Front,KeyLog,KeyboardUI/Update,"{""c"":""T"",""position"":{""x"":0.0,""y"":0.0},""angle"":3.1415927410125734,""size_dots"":{""x"":0.0,""y"":0.0},""size_mm"":10.0}"
2025/12/01 20:34:08:018356,Front,KeyLog,KeyboardUI/Update,"{""c"":""Y"",""position"":{""x"":0.0,""y"":0.0},""angle"":3.1415927410125734,""size_dots"":{""x"":0.0,""y"":0.0},""size_mm"":10.0}"
2025/12/01 20:34:08:018356,Front,KeyLog,KeyboardUI/Update,"{""c"":""U"",""position"":{""x"":0.0,""y"":0.0},""angle"":3.1415927410125734,""size_dots"":{""x"":0.0,""y"":0.0},""size_mm"":10.0}"
2025/12/01 20:34:08:018356,Front,KeyLog,KeyboardUI/Update,"{""c"":""I"",""position"":{""x"":0.0,""y"":0.0},""angle"":3.1415927410125734,""size_dots"":{""x"":0.0,""y"":0.0},""size_mm"":10.0}"
2025/12/01 20:34:08:019370,Front,KeyLog,KeyboardUI/Update,"{""c"":""O"",""position"":{""x"":0.0,""y"":0.0},""angle"":3.1415927410125734,""size_dots"":{""x"":0.0,""y"":0.0},""size_mm"":10.0}"
2025/12/01 20:34:08:020385,Front,KeyLog,KeyboardUI/Update,"{""c"":""P"",""position"":{""x"":0.0,""y"":0.0},""angle"":3.1415927410125734,""size_dots"":{""x"":0.0,""y"":0.0},""size_mm"":10.0}"
2025/12/01 20:34:08:021394,Front,KeyLog,KeyboardUI/Update,"{""c"":""A"",""position"":{""x"":0.0,""y"":0.0},""angle"":3.1415927410125734,""size_dots"":{""x"":0.0,""y"":0.0},""size_mm"":10.0}"
2025/12/01 20:34:08:021394,Front,KeyLog,KeyboardUI/Update,"{""c"":""S"",""position"":{""x"":0.0,""y"":0.0},""angle"":3.1415927410125734,""size_dots"":{""x"":0.0,""y"":0.0},""size_mm"":10.0}"
2025/12/01 20:34:08:022405,Front,KeyLog,KeyboardUI/Update,"{""c"":""D"",""position"":{""x"":0.0,""y"":0.0},""angle"":3.1415927410125734,""size_dots"":{""x"":0.0,""y"":0.0},""size_mm"":10.0}"
2025/12/01 20:34:08:023415,Front,KeyLog,KeyboardUI/Update,"{""c"":""F"",""position"":{""x"":0.0,""y"":0.0},""angle"":3.1415927410125734,""size_dots"":{""x"":0.0,""y"":0.0},""size_mm"":10.0}"
2025/12/01 20:34:08:024425,Front,KeyLog,KeyboardUI/Update,"{""c"":""G"",""position"":{""x"":0.0,""y"":0.0},""angle"":3.1415927410125734,""size_dots"":{""x"":0.0,""y"":0.0},""size_mm"":10.0}"
2025/12/01 20:34:08:024425,Front,KeyLog,KeyboardUI/Update,"{""c"":""H"",""position"":{""x"":0.0,""y"":0.0},""angle"":3.1415927410125734,""size_dots"":{""x"":0.0,""y"":0.0},""size_mm"":10.0}"
2025/12/01 20:34:08:025435,Front,KeyLog,KeyboardUI/Update,"{""c"":""J"",""position"":{""x"":0.0,""y"":0.0},""angle"":3.1415927410125734,""size_dots"":{""x"":0.0,""y"":0.0},""size_mm"":10.0}"
2025/12/01 20:34:08:026444,Front,KeyLog,KeyboardUI/Update,"{""c"":""K"",""position"":{""x"":0.0,""y"":0.0},""angle"":3.1415927410125734,""size_dots"":{""x"":0.0,""y"":0.0},""size_mm"":10.0}"
2025/12/01 20:34:08:026953,Front,KeyLog,KeyboardUI/Update,"{""c"":""L"",""position"":{""x"":0.0,""y"":0.0},""angle"":3.1415927410125734,""size_dots"":{""x"":0.0,""y"":0.0},""size_mm"":10.0}"
2025/12/01 20:34:08:028472,Front,KeyLog,KeyboardUI/Update,"{""c"":""Z"",""position"":{""x"":0.0,""y"":0.0},""angle"":3.1415927410125734,""size_dots"":{""x"":0.0,""y"":0.0},""size_mm"":10.0}"
2025/12/01 20:34:08:029480,Front,KeyLog,KeyboardUI/Update,"{""c"":""X"",""position"":{""x"":0.0,""y"":0.0},""angle"":3.1415927410125734,""size_dots"":{""x"":0.0,""y"":0.0},""size_mm"":10.0}"
2025/12/01 20:34:08:030516,Front,KeyLog,KeyboardUI/Update,"{""c"":""C"",""position"":{""x"":0.0,""y"":0.0},""angle"":3.1415927410125734,""size_dots"":{""x"":0.0,""y"":0.0},""size_mm"":10.0}"
2025/12/01 20:34:08:031526,Front,KeyLog,KeyboardUI/Update,"{""c"":""V"",""position"":{""x"":0.0,""y"":0.0},""angle"":3.1415927410125734,""size_dots"":{""x"":0.0,""y"":0.0},""size_mm"":10.0}"
2025/12/01 20:34:08:032537,Front,KeyLog,KeyboardUI/Update,"{""c"":""B"",""position"":{""x"":0.0,""y"":0.0},""angle"":3.1415927410125734,""size_dots"":{""x"":0.0,""y"":0.0},""size_mm"":10.0}"
2025/12/01 20:34:08:032537,Front,KeyLog,KeyboardUI/Update,"{""c"":""N"",""position"":{""x"":0.0,""y"":0.0},""angle"":3.1415927410125734,""size_dots"":{""x"":0.0,""y"":0.0},""size_mm"":10.0}"
2025/12/01 20:34:08:032537,Front,KeyLog,KeyboardUI/Update,"{""c"":""M"",""position"":{""x"":0.0,""y"":0.0},""angle"":3.1415927410125734,""size_dots"":{""x"":0.0,""y"":0.0},""size_mm"":10.0}"
2025/12/01 20:34:08:033548,Front,KeyLog,KeyboardUI/Update,"{""c"":""#"",""position"":{""x"":0.0,""y"":0.0},""angle"":3.1415927410125734,""size_dots"":{""x"":0.0,""y"":0.0},""size_mm"":13.800000190734864}"
2025/12/01 20:34:08:034558,Front,KeyLog,KeyboardUI/Update,"{""c"":""&"",""position"":{""x"":0.0,""y"":0.0},""angle"":3.1415927410125734,""size_dots"":{""x"":0.0,""y"":0.0},""size_mm"":13.800000190734864}"
2025/12/01 20:34:08:035567,Front,KeyLog,KeyboardUI/Update,"{""c"":""%"",""position"":{""x"":0.0,""y"":0.0},""angle"":3.1415927410125734,""size_dots"":{""x"":0.0,""y"":0.0},""size_mm"":13.800000190734864}"
2025/12/01 20:34:08:066912,Front,ARMarkerLog,ARMarkerDetector/Update,"{""position"":[0.0,0.0],""angle"":0.0}"
2025/12/01 20:34:08:077016,Front,KeyLog,KeyboardUI/Update,"{""c"":""Q"",""position"":{""x"":0.0,""y"":0.0},""angle"":3.1415927410125734,""size_dots"":{""x"":0.0,""y"":0.0},""size_mm"":10.0}"
2025/12/01 20:34:08:079036,Front,KeyLog,KeyboardUI/Update,"{""c"":""W"",""position"":{""x"":0.0,""y"":0.0},""angle"":3.1415927410125734,""size_dots"":{""x"":0.0,""y"":0.0},""size_mm"":10.0}"
2025/12/01 20:34:08:080045,Front,KeyLog,KeyboardUI/Update,"{""c"":""E"",""position"":{""x"":0.0,""y"":0.0},""angle"":3.1415927410125734,""size_dots"":{""x"":0.0,""y"":0.0},""size_mm"":10.0}"
2025/12/01 20:34:08:081053,Front,KeyLog,KeyboardUI/Update,"{""c"":""R"",""position"":{""x"":0.0,""y"":0.0},""angle"":3.1415927410125734,""size_dots"":{""x"":0.0,""y"":0.0},""size_mm"":10.0}"
2025/12/01 20:34:08:081053,Front,KeyLog,KeyboardUI/Update,"{""c"":""T"",""position"":{""x"":0.0,""y"":0.0},""angle"":3.1415927410125734,""size_dots"":{""x"":0.0,""y"":0.0},""size_mm"":10.0}"
2025/12/01 20:34:08:082064,Front,KeyLog,KeyboardUI/Update,"{""c"":""Y"",""position"":{""x"":0.0,""y"":0.0},""angle"":3.1415927410125734,""size_dots"":{""x"":0.0,""y"":0.0},""size_mm"":10.0}"
2025/12/01 20:34:08:083074,Front,KeyLog,KeyboardUI/Update,"{""c"":""U"",""position"":{""x"":0.0,""y"":0.0},""angle"":3.1415927410125734,""size_dots"":{""x"":0.0,""y"":0.0},""size_mm"":10.0}"
2025/12/01 20:34:08:084083,Front,KeyLog,KeyboardUI/Update,"{""c"":""I"",""position"":{""x"":0.0,""y"":0.0},""angle"":3.1415927410125734,""size_dots"":{""x"":0.0,""y"":0.0},""size_mm"":10.0}"
2025/12/01 20:34:08:085096,Front,KeyLog,KeyboardUI/Update,"{""c"":""O"",""position"":{""x"":0.0,""y"":0.0},""angle"":3.1415927410125734,""size_dots"":{""x"":0.0,""y"":0.0},""size_mm"":10.0}"
2025/12/01 20:34:08:086620,Front,KeyLog,KeyboardUI/Update,"{""c"":""P"",""position"":{""x"":0.0,""y"":0.0},""angle"":3.1415927410125734,""size_dots"":{""x"":0.0,""y"":0.0},""size_mm"":10.0}"
2025/12/01 20:34:08:087128,Front,KeyLog,KeyboardUI/Update,"{""c"":""A"",""position"":{""x"":0.0,""y"":0.0},""angle"":3.1415927410125734,""size_dots"":{""x"":0.0,""y"":0.0},""size_mm"":10.0}"
2025/12/01 20:34:08:087128,Front,KeyLog,KeyboardUI/Update,"{""c"":""S"",""position"":{""x"":0.0,""y"":0.0},""angle"":3.1415927410125734,""size_dots"":{""x"":0.0,""y"":0.0},""size_mm"":10.0}"
2025/12/01 20:34:08:087128,Front,KeyLog,KeyboardUI/Update,"{""c"":""D"",""position"":{""x"":0.0,""y"":0.0},""angle"":3.1415927410125734,""size_dots"":{""x"":0.0,""y"":0.0},""size_mm"":10.0}"
2025/12/01 20:34:08:088138,Front,KeyLog,KeyboardUI/Update,"{""c"":""F"",""position"":{""x"":0.0,""y"":0.0},""angle"":3.1415927410125734,""size_dots"":{""x"":0.0,""y"":0.0},""size_mm"":10.0}"
2025/12/01 20:34:08:089151,Front,KeyLog,KeyboardUI/Update,"{""c"":""G"",""position"":{""x"":0.0,""y"":0.0},""angle"":3.1415927410125734,""size_dots"":{""x"":0.0,""y"":0.0},""size_mm"":10.0}"
2025/12/01 20:34:08:090159,Front,KeyLog,KeyboardUI/Update,"{""c"":""H"",""position"":{""x"":0.0,""y"":0.0},""angle"":3.1415927410125734,""size_dots"":{""x"":0.0,""y"":0.0},""size_mm"":10.0}"
2025/12/01 20:34:08:092244,Front,KeyLog,KeyboardUI/Update,"{""c"":""J"",""position"":{""x"":0.0,""y"":0.0},""angle"":3.1415927410125734,""size_dots"":{""x"":0.0,""y"":0.0},""size_mm"":10.0}"
2025/12/01 20:34:08:093257,Front,KeyLog,KeyboardUI/Update,"{""c"":""K"",""position"":{""x"":0.0,""y"":0.0},""angle"":3.1415927410125734,""size_dots"":{""x"":0.0,""y"":0.0},""size_mm"":10.0}"
2025/12/01 20:34:08:094267,Front,KeyLog,KeyboardUI/Update,"{""c"":""L"",""position"":{""x"":0.0,""y"":0.0},""angle"":3.1415927410125734,""size_dots"":{""x"":0.0,""y"":0.0},""size_mm"":10.0}"
2025/12/01 20:34:08:095278,Front,KeyLog,KeyboardUI/Update,"{""c"":""Z"",""position"":{""x"":0.0,""y"":0.0},""angle"":3.1415927410125734,""size_dots"":{""x"":0.0,""y"":0.0},""size_mm"":10.0}"
2025/12/01 20:34:08:096287,Front,KeyLog,KeyboardUI/Update,"{""c"":""X"",""position"":{""x"":0.0,""y"":0.0},""angle"":3.1415927410125734,""size_dots"":{""x"":0.0,""y"":0.0},""size_mm"":10.0}"
2025/12/01 20:34:08:097307,Front,KeyLog,KeyboardUI/Update,"{""c"":""C"",""position"":{""x"":0.0,""y"":0.0},""angle"":3.1415927410125734,""size_dots"":{""x"":0.0,""y"":0.0},""size_mm"":10.0}"
2025/12/01 20:34:08:098319,Front,KeyLog,KeyboardUI/Update,"{""c"":""V"",""position"":{""x"":0.0,""y"":0.0},""angle"":3.1415927410125734,""size_dots"":{""x"":0.0,""y"":0.0},""size_mm"":10.0}"
2025/12/01 20:34:08:099331,Front,KeyLog,KeyboardUI/Update,"{""c"":""B"",""position"":{""x"":0.0,""y"":0.0},""angle"":3.1415927410125734,""size_dots"":{""x"":0.0,""y"":0.0},""size_mm"":10.0}"
2025/12/01 20:34:08:100340,Front,KeyLog,KeyboardUI/Update,"{""c"":""N"",""position"":{""x"":0.0,""y"":0.0},""angle"":3.1415927410125734,""size_dots"":{""x"":0.0,""y"":0.0},""size_mm"":10.0}"
2025/12/01 20:34:08:101351,Front,KeyLog,KeyboardUI/Update,"{""c"":""M"",""position"":{""x"":0.0,""y"":0.0},""angle"":3.1415927410125734,""size_dots"":{""x"":0.0,""y"":0.0},""size_mm"":10.0}"
2025/12/01 20:34:08:101351,Front,KeyLog,KeyboardUI/Update,"{""c"":""#"",""position"":{""x"":0.0,""y"":0.0},""angle"":3.1415927410125734,""size_dots"":{""x"":0.0,""y"":0.0},""size_mm"":13.800000190734864}"
2025/12/01 20:34:08:102364,Front,KeyLog,KeyboardUI/Update,"{""c"":""&"",""position"":{""x"":0.0,""y"":0.0},""angle"":3.1415927410125734,""size_dots"":{""x"":0.0,""y"":0.0},""size_mm"":13.800000190734864}"
2025/12/01 20:34:08:103373,Front,KeyLog,KeyboardUI/Update,"{""c"":""%"",""position"":{""x"":0.0,""y"":0.0},""angle"":3.1415927410125734,""size_dots"":{""x"":0.0,""y"":0.0},""size_mm"":13.800000190734864}"
2025/12/01 20:34:08:133240,Front,ARMarkerLog,ARMarkerDetector/Update,"{""position"":[0.0,0.0],""angle"":0.0}"
2025/12/01 20:34:08:151042,Front,KeyLog,KeyboardUI/Update,"{""c"":""Q"",""position"":{""x"":0.0,""y"":0.0},""angle"":3.1415927410125734,""size_dots"":{""x"":0.0,""y"":0.0},""size_mm"":10.0}"
2025/12/01 20:34:08:152051,Front,KeyLog,KeyboardUI/Update,"{""c"":""W"",""position"":{""x"":0.0,""y"":0.0},""angle"":3.1415927410125734,""size_dots"":{""x"":0.0,""y"":0.0},""size_mm"":10.0}"
2025/12/01 20:34:08:154178,Front,KeyLog,KeyboardUI/Update,"{""c"":""E"",""position"":{""x"":0.0,""y"":0.0},""angle"":3.1415927410125734,""size_dots"":{""x"":0.0,""y"":0.0},""size_mm"":10.0}"
2025/12/01 20:34:08:155695,Front,KeyLog,KeyboardUI/Update,"{""c"":""R"",""position"":{""x"":0.0,""y"":0.0},""angle"":3.1415927410125734,""size_dots"":{""x"":0.0,""y"":0.0},""size_mm"":10.0}"
2025/12/01 20:34:08:158238,Front,KeyLog,KeyboardUI/Update,"{""c"":""T"",""position"":{""x"":0.0,""y"":0.0},""angle"":3.1415927410125734,""size_dots"":{""x"":0.0,""y"":0.0},""size_mm"":10.0}"
2025/12/01 20:34:08:159251,Front,KeyLog,KeyboardUI/Update,"{""c"":""Y"",""position"":{""x"":0.0,""y"":0.0},""angle"":3.1415927410125734,""size_dots"":{""x"":0.0,""y"":0.0},""size_mm"":10.0}"
2025/12/01 20:34:08:161275,Front,KeyLog,KeyboardUI/Update,"{""c"":""U"",""position"":{""x"":0.0,""y"":0.0},""angle"":3.1415927410125734,""size_dots"":{""x"":0.0,""y"":0.0},""size_mm"":10.0}"
2025/12/01 20:34:08:163297,Front,KeyLog,KeyboardUI/Update,"{""c"":""I"",""position"":{""x"":0.0,""y"":0.0},""angle"":3.1415927410125734,""size_dots"":{""x"":0.0,""y"":0.0},""size_mm"":10.0}"
2025/12/01 20:34:08:164321,Front,KeyLog,KeyboardUI/Update,"{""c"":""O"",""position"":{""x"":0.0,""y"":0.0},""angle"":3.1415927410125734,""size_dots"":{""x"":0.0,""y"":0.0},""size_mm"":10.0}"
2025/12/01 20:34:08:166855,Front,KeyLog,KeyboardUI/Update,"{""c"":""P"",""position"":{""x"":0.0,""y"":0.0},""angle"":3.1415927410125734,""size_dots"":{""x"":0.0,""y"":0.0},""size_mm"":10.0}"
2025/12/01 20:34:08:168388,Front,KeyLog,KeyboardUI/Update,"{""c"":""A"",""position"":{""x"":0.0,""y"":0.0},""angle"":3.1415927410125734,""size_dots"":{""x"":0.0,""y"":0.0},""size_mm"":10.0}"
2025/12/01 20:34:08:169435,Front,KeyLog,KeyboardUI/Update,"{""c"":""S"",""position"":{""x"":0.0,""y"":0.0},""angle"":3.1415927410125734,""size_dots"":{""x"":0.0,""y"":0.0},""size_mm"":10.0}"
2025/12/01 20:34:08:170444,Front,KeyLog,KeyboardUI/Update,"{""c"":""D"",""position"":{""x"":0.0,""y"":0.0},""angle"":3.1415927410125734,""size_dots"":{""x"":0.0,""y"":0.0},""size_mm"":10.0}"
2025/12/01 20:34:08:171455,Front,KeyLog,KeyboardUI/Update,"{""c"":""F"",""position"":{""x"":0.0,""y"":0.0},""angle"":3.1415927410125734,""size_dots"":{""x"":0.0,""y"":0.0},""size_mm"":10.0}"
2025/12/01 20:34:08:172467,Front,KeyLog,KeyboardUI/Update,"{""c"":""G"",""position"":{""x"":0.0,""y"":0.0},""angle"":3.1415927410125734,""size_dots"":{""x"":0.0,""y"":0.0},""size_mm"":10.0}"
2025/12/01 20:34:08:173478,Front,KeyLog,KeyboardUI/Update,"{""c"":""H"",""position"":{""x"":0.0,""y"":0.0},""angle"":3.1415927410125734,""size_dots"":{""x"":0.0,""y"":0.0},""size_mm"":10.0}"
2025/12/01 20:34:08:175522,Front,KeyLog,KeyboardUI/Update,"{""c"":""J"",""position"":{""x"":0.0,""y"":0.0},""angle"":3.1415927410125734,""size_dots"":{""x"":0.0,""y"":0.0},""size_mm"":10.0}"
2025/12/01 20:34:08:177026,Front,KeyLog,KeyboardUI/Update,"{""c"":""K"",""position"":{""x"":0.0,""y"":0.0},""angle"":3.1415927410125734,""size_dots"":{""x"":0.0,""y"":0.0},""size_mm"":10.0}"
2025/12/01 20:34:08:177026,Front,KeyLog,KeyboardUI/Update,"{""c"":""L"",""position"":{""x"":0.0,""y"":0.0},""angle"":3.1415927410125734,""size_dots"":{""x"":0.0,""y"":0.0},""size_mm"":10.0}"
2025/12/01 20:34:08:179049,Front,KeyLog,KeyboardUI/Update,"{""c"":""Z"",""position"":{""x"":0.0,""y"":0.0},""angle"":3.1415927410125734,""size_dots"":{""x"":0.0,""y"":0.0},""size_mm"":10.0}"
2025/12/01 20:34:08:180060,Front,KeyLog,KeyboardUI/Update,"{""c"":""X"",""position"":{""x"":0.0,""y"":0.0},""angle"":3.1415927410125734,""size_dots"":{""x"":0.0,""y"":0.0},""size_mm"":10.0}"
2025/12/01 20:34:08:180060,Front,KeyLog,KeyboardUI/Update,"{""c"":""C"",""position"":{""x"":0.0,""y"":0.0},""angle"":3.1415927410125734,""size_dots"":{""x"":0.0,""y"":0.0},""size_mm"":10.0}"
2025/12/01 20:34:08:180060,Front,KeyLog,KeyboardUI/Update,"{""c"":""V"",""position"":{""x"":0.0,""y"":0.0},""angle"":3.1415927410125734,""size_dots"":{""x"":0.0,""y"":0.0},""size_mm"":10.0}"
2025/12/01 20:34:08:180060,Front,KeyLog,KeyboardUI/Update,"{""c"":""B"",""position"":{""x"":0.0,""y"":0.0},""angle"":3.1415927410125734,""size_dots"":{""x"":0.0,""y"":0.0},""size_mm"":10.0}"
2025/12/01 20:34:08:180060,Front,KeyLog,KeyboardUI/Update,"{""c"":""N"",""position"":{""x"":0.0,""y"":0.0},""angle"":3.1415927410125734,""size_dots"":{""x"":0.0,""y"":0.0},""size_mm"":10.0}"
2025/12/01 20:34:08:180060,Front,KeyLog,KeyboardUI/Update,"{""c"":""M"",""position"":{""x"":0.0,""y"":0.0},""angle"":3.1415927410125734,""size_dots"":{""x"":0.0,""y"":0.0},""size_mm"":10.0}"
2025/12/01 20:34:08:180060,Front,KeyLog,KeyboardUI/Update,"{""c"":""#"",""position"":{""x"":0.0,""y"":0.0},""angle"":3.1415927410125734,""size_dots"":{""x"":0.0,""y"":0.0},""size_mm"":13.800000190734864}"
2025/12/01 20:34:08:181095,Front,KeyLog,KeyboardUI/Update,"{""c"":""&"",""position"":{""x"":0.0,""y"":0.0},""angle"":3.1415927410125734,""size_dots"":{""x"":0.0,""y"":0.0},""size_mm"":13.800000190734864}"
2025/12/01 20:34:08:182106,Front,KeyLog,KeyboardUI/Update,"{""c"":""%"",""position"":{""x"":0.0,""y"":0.0},""angle"":3.1415927410125734,""size_dots"":{""x"":0.0,""y"":0.0},""size_mm"":13.800000190734864}"
2025/12/01 20:34:08:224279,Front,ARMarkerLog,ARMarkerDetector/Update,"{""position"":[0.0,0.0],""angle"":0.0}"
2025/12/01 20:34:08:245171,Front,KeyLog,KeyboardUI/Update,"{""c"":""Q"",""position"":{""x"":0.0,""y"":0.0},""angle"":3.1415927410125734,""size_dots"":{""x"":0.0,""y"":0.0},""size_mm"":10.0}"
2025/12/01 20:34:08:247228,Front,KeyLog,KeyboardUI/Update,"{""c"":""W"",""position"":{""x"":0.0,""y"":0.0},""angle"":3.1415927410125734,""size_dots"":{""x"":0.0,""y"":0.0},""size_mm"":10.0}"
2025/12/01 20:34:08:249254,Front,KeyLog,KeyboardUI/Update,"{""c"":""E"",""position"":{""x"":0.0,""y"":0.0},""angle"":3.1415927410125734,""size_dots"":{""x"":0.0,""y"":0.0},""size_mm"":10.0}"
2025/12/01 20:34:08:250265,Front,KeyLog,KeyboardUI/Update,"{""c"":""R"",""position"":{""x"":0.0,""y"":0.0},""angle"":3.1415927410125734,""size_dots"":{""x"":0.0,""y"":0.0},""size_mm"":10.0}"
2025/12/01 20:34:08:251277,Front,KeyLog,KeyboardUI/Update,"{""c"":""T"",""position"":{""x"":0.0,""y"":0.0},""angle"":3.1415927410125734,""size_dots"":{""x"":0.0,""y"":0.0},""size_mm"":10.0}"
2025/12/01 20:34:08:251277,Front,KeyLog,KeyboardUI/Update,"{""c"":""Y"",""position"":{""x"":0.0,""y"":0.0},""angle"":3.1415927410125734,""size_dots"":{""x"":0.0,""y"":0.0},""size_mm"":10.0}"
2025/12/01 20:34:08:251277,Front,KeyLog,KeyboardUI/Update,"{""c"":""U"",""position"":{""x"":0.0,""y"":0.0},""angle"":3.1415927410125734,""size_dots"":{""x"":0.0,""y"":0.0},""size_mm"":10.0}"
2025/12/01 20:34:08:251277,Front,KeyLog,KeyboardUI/Update,"{""c"":""I"",""position"":{""x"":0.0,""y"":0.0},""angle"":3.1415927410125734,""size_dots"":{""x"":0.0,""y"":0.0},""size_mm"":10.0}"
2025/12/01 20:34:08:253303,Front,KeyLog,KeyboardUI/Update,"{""c"":""O"",""position"":{""x"":0.0,""y"":0.0},""angle"":3.1415927410125734,""size_dots"":{""x"":0.0,""y"":0.0},""size_mm"":10.0}"
2025/12/01 20:34:08:254316,Front,KeyLog,KeyboardUI/Update,"{""c"":""P"",""position"":{""x"":0.0,""y"":0.0},""angle"":3.1415927410125734,""size_dots"":{""x"":0.0,""y"":0.0},""size_mm"":10.0}"
2025/12/01 20:34:08:255317,Front,KeyLog,KeyboardUI/Update,"{""c"":""A"",""position"":{""x"":0.0,""y"":0.0},""angle"":3.1415927410125734,""size_dots"":{""x"":0.0,""y"":0.0},""size_mm"":10.0}"
2025/12/01 20:34:08:257325,Front,KeyLog,KeyboardUI/Update,"{""c"":""S"",""position"":{""x"":0.0,""y"":0.0},""angle"":3.1415927410125734,""size_dots"":{""x"":0.0,""y"":0.0},""size_mm"":10.0}"
2025/12/01 20:34:08:257325,Front,KeyLog,KeyboardUI/Update,"{""c"":""D"",""position"":{""x"":0.0,""y"":0.0},""angle"":3.1415927410125734,""size_dots"":{""x"":0.0,""y"":0.0},""size_mm"":10.0}"
2025/12/01 20:34:08:257325,Front,KeyLog,KeyboardUI/Update,"{""c"":""F"",""position"":{""x"":0.0,""y"":0.0},""angle"":3.1415927410125734,""size_dots"":{""x"":0.0,""y"":0.0},""size_mm"":10.0}"
2025/12/01 20:34:08:258340,Front,KeyLog,KeyboardUI/Update,"{""c"":""G"",""position"":{""x"":0.0,""y"":0.0},""angle"":3.1415927410125734,""size_dots"":{""x"":0.0,""y"":0.0},""size_mm"":10.0}"
2025/12/01 20:34:08:259360,Front,KeyLog,KeyboardUI/Update,"{""c"":""H"",""position"":{""x"":0.0,""y"":0.0},""angle"":3.1415927410125734,""size_dots"":{""x"":0.0,""y"":0.0},""size_mm"":10.0}"
2025/12/01 20:34:08:260372,Front,KeyLog,KeyboardUI/Update,"{""c"":""J"",""position"":{""x"":0.0,""y"":0.0},""angle"":3.1415927410125734,""size_dots"":{""x"":0.0,""y"":0.0},""size_mm"":10.0}"
2025/12/01 20:34:08:261382,Front,KeyLog,KeyboardUI/Update,"{""c"":""K"",""position"":{""x"":0.0,""y"":0.0},""angle"":3.1415927410125734,""size_dots"":{""x"":0.0,""y"":0.0},""size_mm"":10.0}"
2025/12/01 20:34:08:263442,Front,KeyLog,KeyboardUI/Update,"{""c"":""L"",""position"":{""x"":0.0,""y"":0.0},""angle"":3.1415927410125734,""size_dots"":{""x"":0.0,""y"":0.0},""size_mm"":10.0}"
2025/12/01 20:34:08:265467,Front,KeyLog,KeyboardUI/Update,"{""c"":""Z"",""position"":{""x"":0.0,""y"":0.0},""angle"":3.1415927410125734,""size_dots"":{""x"":0.0,""y"":0.0},""size_mm"":10.0}"
2025/12/01 20:34:08:267491,Front,KeyLog,KeyboardUI/Update,"{""c"":""X"",""position"":{""x"":0.0,""y"":0.0},""angle"":3.1415927410125734,""size_dots"":{""x"":0.0,""y"":0.0},""size_mm"":10.0}"
2025/12/01 20:34:08:268516,Front,KeyLog,KeyboardUI/Update,"{""c"":""C"",""position"":{""x"":0.0,""y"":0.0},""angle"":3.1415927410125734,""size_dots"":{""x"":0.0,""y"":0.0},""size_mm"":10.0}"
2025/12/01 20:34:08:270539,Front,KeyLog,KeyboardUI/Update,"{""c"":""V"",""position"":{""x"":0.0,""y"":0.0},""angle"":3.1415927410125734,""size_dots"":{""x"":0.0,""y"":0.0},""size_mm"":10.0}"
2025/12/01 20:34:08:272564,Front,KeyLog,KeyboardUI/Update,"{""c"":""B"",""position"":{""x"":0.0,""y"":0.0},""angle"":3.1415927410125734,""size_dots"":{""x"":0.0,""y"":0.0},""size_mm"":10.0}"
2025/12/01 20:34:08:274648,Front,KeyLog,KeyboardUI/Update,"{""c"":""N"",""position"":{""x"":0.0,""y"":0.0},""angle"":3.1415927410125734,""size_dots"":{""x"":0.0,""y"":0.0},""size_mm"":10.0}"
2025/12/01 20:34:08:275653,Front,KeyLog,KeyboardUI/Update,"{""c"":""M"",""position"":{""x"":0.0,""y"":0.0},""angle"":3.1415927410125734,""size_dots"":{""x"":0.0,""y"":0.0},""size_mm"":10.0}"
2025/12/01 20:34:08:278166,Front,KeyLog,KeyboardUI/Update,"{""c"":""#"",""position"":{""x"":0.0,""y"":0.0},""angle"":3.1415927410125734,""size_dots"":{""x"":0.0,""y"":0.0},""size_mm"":13.800000190734864}"
2025/12/01 20:34:08:280198,Front,KeyLog,KeyboardUI/Update,"{""c"":""&"",""position"":{""x"":0.0,""y"":0.0},""angle"":3.1415927410125734,""size_dots"":{""x"":0.0,""y"":0.0},""size_mm"":13.800000190734864}"
2025/12/01 20:34:08:281210,Front,KeyLog,KeyboardUI/Update,"{""c"":""%"",""position"":{""x"":0.0,""y"":0.0},""angle"":3.1415927410125734,""size_dots"":{""x"":0.0,""y"":0.0},""size_mm"":13.800000190734864}"
2025/12/01 20:34:08:322242,Front,ARMarkerLog,ARMarkerDetector/Update,"{""position"":[0.0,0.0],""angle"":0.0}"
2025/12/01 20:34:08:331412,Front,KeyLog,KeyboardUI/Update,"{""c"":""Q"",""position"":{""x"":0.0,""y"":0.0},""angle"":3.1415927410125734,""size_dots"":{""x"":0.0,""y"":0.0},""size_mm"":10.0}"
2025/12/01 20:34:08:333437,Front,KeyLog,KeyboardUI/Update,"{""c"":""W"",""position"":{""x"":0.0,""y"":0.0},""angle"":3.1415927410125734,""size_dots"":{""x"":0.0,""y"":0.0},""size_mm"":10.0}"
2025/12/01 20:34:08:334448,Front,KeyLog,KeyboardUI/Update,"{""c"":""E"",""position"":{""x"":0.0,""y"":0.0},""angle"":3.1415927410125734,""size_dots"":{""x"":0.0,""y"":0.0},""size_mm"":10.0}"
2025/12/01 20:34:08:335456,Front,KeyLog,KeyboardUI/Update,"{""c"":""R"",""position"":{""x"":0.0,""y"":0.0},""angle"":3.1415927410125734,""size_dots"":{""x"":0.0,""y"":0.0},""size_mm"":10.0}"
2025/12/01 20:34:08:336465,Front,KeyLog,KeyboardUI/Update,"{""c"":""T"",""position"":{""x"":0.0,""y"":0.0},""angle"":3.1415927410125734,""size_dots"":{""x"":0.0,""y"":0.0},""size_mm"":10.0}"
2025/12/01 20:34:08:336465,Front,KeyLog,KeyboardUI/Update,"{""c"":""Y"",""position"":{""x"":0.0,""y"":0.0},""angle"":3.1415927410125734,""size_dots"":{""x"":0.0,""y"":0.0},""size_mm"":10.0}"
2025/12/01 20:34:08:336465,Front,KeyLog,KeyboardUI/Update,"{""c"":""U"",""position"":{""x"":0.0,""y"":0.0},""angle"":3.1415927410125734,""size_dots"":{""x"":0.0,""y"":0.0},""size_mm"":10.0}"
2025/12/01 20:34:08:337479,Front,KeyLog,KeyboardUI/Update,"{""c"":""I"",""position"":{""x"":0.0,""y"":0.0},""angle"":3.1415927410125734,""size_dots"":{""x"":0.0,""y"":0.0},""size_mm"":10.0}"
2025/12/01 20:34:08:339519,Front,KeyLog,KeyboardUI/Update,"{""c"":""O"",""position"":{""x"":0.0,""y"":0.0},""angle"":3.1415927410125734,""size_dots"":{""x"":0.0,""y"":0.0},""size_mm"":10.0}"
2025/12/01 20:34:08:340570,Front,KeyLog,KeyboardUI/Update,"{""c"":""P"",""position"":{""x"":0.0,""y"":0.0},""angle"":3.1415927410125734,""size_dots"":{""x"":0.0,""y"":0.0},""size_mm"":10.0}"
2025/12/01 20:34:08:341580,Front,KeyLog,KeyboardUI/Update,"{""c"":""A"",""position"":{""x"":0.0,""y"":0.0},""angle"":3.1415927410125734,""size_dots"":{""x"":0.0,""y"":0.0},""size_mm"":10.0}"
2025/12/01 20:34:08:342592,Front,KeyLog,KeyboardUI/Update,"{""c"":""S"",""position"":{""x"":0.0,""y"":0.0},""angle"":3.1415927410125734,""size_dots"":{""x"":0.0,""y"":0.0},""size_mm"":10.0}"
2025/12/01 20:34:08:343601,Front,KeyLog,KeyboardUI/Update,"{""c"":""D"",""position"":{""x"":0.0,""y"":0.0},""angle"":3.1415927410125734,""size_dots"":{""x"":0.0,""y"":0.0},""size_mm"":10.0}"
2025/12/01 20:34:08:343601,Front,KeyLog,KeyboardUI/Update,"{""c"":""F"",""position"":{""x"":0.0,""y"":0.0},""angle"":3.1415927410125734,""size_dots"":{""x"":0.0,""y"":0.0},""size_mm"":10.0}"
2025/12/01 20:34:08:344600,Front,KeyLog,KeyboardUI/Update,"{""c"":""G"",""position"":{""x"":0.0,""y"":0.0},""angle"":3.1415927410125734,""size_dots"":{""x"":0.0,""y"":0.0},""size_mm"":10.0}"
2025/12/01 20:34:08:344600,Front,KeyLog,KeyboardUI/Update,"{""c"":""H"",""position"":{""x"":0.0,""y"":0.0},""angle"":3.1415927410125734,""size_dots"":{""x"":0.0,""y"":0.0},""size_mm"":10.0}"
2025/12/01 20:34:08:345103,Front,KeyLog,KeyboardUI/Update,"{""c"":""J"",""position"":{""x"":0.0,""y"":0.0},""angle"":3.1415927410125734,""size_dots"":{""x"":0.0,""y"":0.0},""size_mm"":10.0}"
2025/12/01 20:34:08:346621,Front,KeyLog,KeyboardUI/Update,"{""c"":""K"",""position"":{""x"":0.0,""y"":0.0},""angle"":3.1415927410125734,""size_dots"":{""x"":0.0,""y"":0.0},""size_mm"":10.0}"
2025/12/01 20:34:08:347131,Front,KeyLog,KeyboardUI/Update,"{""c"":""L"",""position"":{""x"":0.0,""y"":0.0},""angle"":3.1415927410125734,""size_dots"":{""x"":0.0,""y"":0.0},""size_mm"":10.0}"
2025/12/01 20:34:08:348141,Front,KeyLog,KeyboardUI/Update,"{""c"":""Z"",""position"":{""x"":0.0,""y"":0.0},""angle"":3.1415927410125734,""size_dots"":{""x"":0.0,""y"":0.0},""size_mm"":10.0}"
2025/12/01 20:34:08:348141,Front,KeyLog,KeyboardUI/Update,"{""c"":""X"",""position"":{""x"":0.0,""y"":0.0},""angle"":3.1415927410125734,""size_dots"":{""x"":0.0,""y"":0.0},""size_mm"":10.0}"
2025/12/01 20:34:08:349151,Front,KeyLog,KeyboardUI/Update,"{""c"":""C"",""position"":{""x"":0.0,""y"":0.0},""angle"":3.1415927410125734,""size_dots"":{""x"":0.0,""y"":0.0},""size_mm"":10.0}"
2025/12/01 20:34:08:350160,Front,KeyLog,KeyboardUI/Update,"{""c"":""V"",""position"":{""x"":0.0,""y"":0.0},""angle"":3.1415927410125734,""size_dots"":{""x"":0.0,""y"":0.0},""size_mm"":10.0}"
2025/12/01 20:34:08:351174,Front,KeyLog,KeyboardUI/Update,"{""c"":""B"",""position"":{""x"":0.0,""y"":0.0},""angle"":3.1415927410125734,""size_dots"":{""x"":0.0,""y"":0.0},""size_mm"":10.0}"
2025/12/01 20:34:08:351174,Front,KeyLog,KeyboardUI/Update,"{""c"":""N"",""position"":{""x"":0.0,""y"":0.0},""angle"":3.1415927410125734,""size_dots"":{""x"":0.0,""y"":0.0},""size_mm"":10.0}"
2025/12/01 20:34:08:351174,Front,KeyLog,KeyboardUI/Update,"{""c"":""M"",""position"":{""x"":0.0,""y"":0.0},""angle"":3.1415927410125734,""size_dots"":{""x"":0.0,""y"":0.0},""size_mm"":10.0}"
2025/12/01 20:34:08:351174,Front,KeyLog,KeyboardUI/Update,"{""c"":""#"",""position"":{""x"":0.0,""y"":0.0},""angle"":3.1415927410125734,""size_dots"":{""x"":0.0,""y"":0.0},""size_mm"":13.800000190734864}"
2025/12/01 20:34:08:352188,Front,KeyLog,KeyboardUI/Update,"{""c"":""&"",""position"":{""x"":0.0,""y"":0.0},""angle"":3.1415927410125734,""size_dots"":{""x"":0.0,""y"":0.0},""size_mm"":13.800000190734864}"
2025/12/01 20:34:08:353200,Front,KeyLog,KeyboardUI/Update,"{""c"":""%"",""position"":{""x"":0.0,""y"":0.0},""angle"":3.1415927410125734,""size_dots"":{""x"":0.0,""y"":0.0},""size_mm"":13.800000190734864}"
2025/12/01 20:34:08:381015,Front,ARMarkerLog,ARMarkerDetector/Update,"{""position"":[0.0,0.0],""angle"":0.0}"
2025/12/01 20:34:08:397231,Front,KeyLog,KeyboardUI/Update,"{""c"":""Q"",""position"":{""x"":0.0,""y"":0.0},""angle"":3.1415927410125734,""size_dots"":{""x"":0.0,""y"":0.0},""size_mm"":10.0}"
2025/12/01 20:34:08:398245,Front,KeyLog,KeyboardUI/Update,"{""c"":""W"",""position"":{""x"":0.0,""y"":0.0},""angle"":3.1415927410125734,""size_dots"":{""x"":0.0,""y"":0.0},""size_mm"":10.0}"
2025/12/01 20:34:08:400265,Front,KeyLog,KeyboardUI/Update,"{""c"":""E"",""position"":{""x"":0.0,""y"":0.0},""angle"":3.1415927410125734,""size_dots"":{""x"":0.0,""y"":0.0},""size_mm"":10.0}"
2025/12/01 20:34:08:401290,Front,KeyLog,KeyboardUI/Update,"{""c"":""R"",""position"":{""x"":0.0,""y"":0.0},""angle"":3.1415927410125734,""size_dots"":{""x"":0.0,""y"":0.0},""size_mm"":10.0}"
2025/12/01 20:34:08:402306,Front,KeyLog,KeyboardUI/Update,"{""c"":""T"",""position"":{""x"":0.0,""y"":0.0},""angle"":3.1415927410125734,""size_dots"":{""x"":0.0,""y"":0.0},""size_mm"":10.0}"
2025/12/01 20:34:08:403317,Front,KeyLog,KeyboardUI/Update,"{""c"":""Y"",""position"":{""x"":0.0,""y"":0.0},""angle"":3.1415927410125734,""size_dots"":{""x"":0.0,""y"":0.0},""size_mm"":10.0}"
2025/12/01 20:34:08:404329,Front,KeyLog,KeyboardUI/Update,"{""c"":""U"",""position"":{""x"":0.0,""y"":0.0},""angle"":3.1415927410125734,""size_dots"":{""x"":0.0,""y"":0.0},""size_mm"":10.0}"
2025/12/01 20:34:08:404329,Front,KeyLog,KeyboardUI/Update,"{""c"":""I"",""position"":{""x"":0.0,""y"":0.0},""angle"":3.1415927410125734,""size_dots"":{""x"":0.0,""y"":0.0},""size_mm"":10.0}"
2025/12/01 20:34:08:405339,Front,KeyLog,KeyboardUI/Update,"{""c"":""O"",""position"":{""x"":0.0,""y"":0.0},""angle"":3.1415927410125734,""size_dots"":{""x"":0.0,""y"":0.0},""size_mm"":10.0}"
2025/12/01 20:34:08:406861,Front,KeyLog,KeyboardUI/Update,"{""c"":""P"",""position"":{""x"":0.0,""y"":0.0},""angle"":3.1415927410125734,""size_dots"":{""x"":0.0,""y"":0.0},""size_mm"":10.0}"
2025/12/01 20:34:08:407372,Front,KeyLog,KeyboardUI/Update,"{""c"":""A"",""position"":{""x"":0.0,""y"":0.0},""angle"":3.1415927410125734,""size_dots"":{""x"":0.0,""y"":0.0},""size_mm"":10.0}"
2025/12/01 20:34:08:408386,Front,KeyLog,KeyboardUI/Update,"{""c"":""S"",""position"":{""x"":0.0,""y"":0.0},""angle"":3.1415927410125734,""size_dots"":{""x"":0.0,""y"":0.0},""size_mm"":10.0}"
2025/12/01 20:34:08:409395,Front,KeyLog,KeyboardUI/Update,"{""c"":""D"",""position"":{""x"":0.0,""y"":0.0},""angle"":3.1415927410125734,""size_dots"":{""x"":0.0,""y"":0.0},""size_mm"":10.0}"
2025/12/01 20:34:08:410403,Front,KeyLog,KeyboardUI/Update,"{""c"":""F"",""position"":{""x"":0.0,""y"":0.0},""angle"":3.1415927410125734,""size_dots"":{""x"":0.0,""y"":0.0},""size_mm"":10.0}"
2025/12/01 20:34:08:411411,Front,KeyLog,KeyboardUI/Update,"{""c"":""G"",""position"":{""x"":0.0,""y"":0.0},""angle"":3.1415927410125734,""size_dots"":{""x"":0.0,""y"":0.0},""size_mm"":10.0}"
2025/12/01 20:34:08:412424,Front,KeyLog,KeyboardUI/Update,"{""c"":""H"",""position"":{""x"":0.0,""y"":0.0},""angle"":3.1415927410125734,""size_dots"":{""x"":0.0,""y"":0.0},""size_mm"":10.0}"
2025/12/01 20:34:08:413435,Front,KeyLog,KeyboardUI/Update,"{""c"":""J"",""position"":{""x"":0.0,""y"":0.0},""angle"":3.1415927410125734,""size_dots"":{""x"":0.0,""y"":0.0},""size_mm"":10.0}"
2025/12/01 20:34:08:414445,Front,KeyLog,KeyboardUI/Update,"{""c"":""K"",""position"":{""x"":0.0,""y"":0.0},""angle"":3.1415927410125734,""size_dots"":{""x"":0.0,""y"":0.0},""size_mm"":10.0}"
2025/12/01 20:34:08:414445,Front,KeyLog,KeyboardUI/Update,"{""c"":""L"",""position"":{""x"":0.0,""y"":0.0},""angle"":3.1415927410125734,""size_dots"":{""x"":0.0,""y"":0.0},""size_mm"":10.0}"
2025/12/01 20:34:08:414445,Front,KeyLog,KeyboardUI/Update,"{""c"":""Z"",""position"":{""x"":0.0,""y"":0.0},""angle"":3.1415927410125734,""size_dots"":{""x"":0.0,""y"":0.0},""size_mm"":10.0}"
2025/12/01 20:34:08:415453,Front,KeyLog,KeyboardUI/Update,"{""c"":""X"",""position"":{""x"":0.0,""y"":0.0},""angle"":3.1415927410125734,""size_dots"":{""x"":0.0,""y"":0.0},""size_mm"":10.0}"
2025/12/01 20:34:08:416475,Front,KeyLog,KeyboardUI/Update,"{""c"":""C"",""position"":{""x"":0.0,""y"":0.0},""angle"":3.1415927410125734,""size_dots"":{""x"":0.0,""y"":0.0},""size_mm"":10.0}"
2025/12/01 20:34:08:417484,Front,KeyLog,KeyboardUI/Update,"{""c"":""V"",""position"":{""x"":0.0,""y"":0.0},""angle"":3.1415927410125734,""size_dots"":{""x"":0.0,""y"":0.0},""size_mm"":10.0}"
2025/12/01 20:34:08:418494,Front,KeyLog,KeyboardUI/Update,"{""c"":""B"",""position"":{""x"":0.0,""y"":0.0},""angle"":3.1415927410125734,""size_dots"":{""x"":0.0,""y"":0.0},""size_mm"":10.0}"
2025/12/01 20:34:08:419506,Front,KeyLog,KeyboardUI/Update,"{""c"":""N"",""position"":{""x"":0.0,""y"":0.0},""angle"":3.1415927410125734,""size_dots"":{""x"":0.0,""y"":0.0},""size_mm"":10.0}"
2025/12/01 20:34:08:419506,Front,KeyLog,KeyboardUI/Update,"{""c"":""M"",""position"":{""x"":0.0,""y"":0.0},""angle"":3.1415927410125734,""size_dots"":{""x"":0.0,""y"":0.0},""size_mm"":10.0}"
2025/12/01 20:34:08:419506,Front,KeyLog,KeyboardUI/Update,"{""c"":""#"",""position"":{""x"":0.0,""y"":0.0},""angle"":3.1415927410125734,""size_dots"":{""x"":0.0,""y"":0.0},""size_mm"":13.800000190734864}"
2025/12/01 20:34:08:420516,Front,KeyLog,KeyboardUI/Update,"{""c"":""&"",""position"":{""x"":0.0,""y"":0.0},""angle"":3.1415927410125734,""size_dots"":{""x"":0.0,""y"":0.0},""size_mm"":13.800000190734864}"
2025/12/01 20:34:08:421525,Front,KeyLog,KeyboardUI/Update,"{""c"":""%"",""position"":{""x"":0.0,""y"":0.0},""angle"":3.1415927410125734,""size_dots"":{""x"":0.0,""y"":0.0},""size_mm"":13.800000190734864}"
2025/12/01 20:34:08:455866,Front,ARMarkerLog,ARMarkerDetector/Update,"{""position"":[0.0,0.0],""angle"":0.0}"
2025/12/01 20:34:08:475089,Front,KeyLog,KeyboardUI/Update,"{""c"":""Q"",""position"":{""x"":0.0,""y"":0.0},""angle"":3.1415927410125734,""size_dots"":{""x"":0.0,""y"":0.0},""size_mm"":10.0}"
2025/12/01 20:34:08:476128,Front,KeyLog,KeyboardUI/Update,"{""c"":""W"",""position"":{""x"":0.0,""y"":0.0},""angle"":3.1415927410125734,""size_dots"":{""x"":0.0,""y"":0.0},""size_mm"":10.0}"
2025/12/01 20:34:08:476128,Front,KeyLog,KeyboardUI/Update,"{""c"":""E"",""position"":{""x"":0.0,""y"":0.0},""angle"":3.1415927410125734,""size_dots"":{""x"":0.0,""y"":0.0},""size_mm"":10.0}"
2025/12/01 20:34:08:476643,Front,KeyLog,KeyboardUI/Update,"{""c"":""R"",""position"":{""x"":0.0,""y"":0.0},""angle"":3.1415927410125734,""size_dots"":{""x"":0.0,""y"":0.0},""size_mm"":10.0}"
2025/12/01 20:34:08:476643,Front,KeyLog,KeyboardUI/Update,"{""c"":""T"",""position"":{""x"":0.0,""y"":0.0},""angle"":3.1415927410125734,""size_dots"":{""x"":0.0,""y"":0.0},""size_mm"":10.0}"
2025/12/01 20:34:08:478228,Front,KeyLog,KeyboardUI/Update,"{""c"":""Y"",""position"":{""x"":0.0,""y"":0.0},""angle"":3.1415927410125734,""size_dots"":{""x"":0.0,""y"":0.0},""size_mm"":10.0}"
2025/12/01 20:34:08:480247,Front,KeyLog,KeyboardUI/Update,"{""c"":""U"",""position"":{""x"":0.0,""y"":0.0},""angle"":3.1415927410125734,""size_dots"":{""x"":0.0,""y"":0.0},""size_mm"":10.0}"
2025/12/01 20:34:08:480247,Front,KeyLog,KeyboardUI/Update,"{""c"":""I"",""position"":{""x"":0.0,""y"":0.0},""angle"":3.1415927410125734,""size_dots"":{""x"":0.0,""y"":0.0},""size_mm"":10.0}"
2025/12/01 20:34:08:481257,Front,KeyLog,KeyboardUI/Update,"{""c"":""O"",""position"":{""x"":0.0,""y"":0.0},""angle"":3.1415927410125734,""size_dots"":{""x"":0.0,""y"":0.0},""size_mm"":10.0}"
2025/12/01 20:34:08:482264,Front,KeyLog,KeyboardUI/Update,"{""c"":""P"",""position"":{""x"":0.0,""y"":0.0},""angle"":3.1415927410125734,""size_dots"":{""x"":0.0,""y"":0.0},""size_mm"":10.0}"
2025/12/01 20:34:08:483277,Front,KeyLog,KeyboardUI/Update,"{""c"":""A"",""position"":{""x"":0.0,""y"":0.0},""angle"":3.1415927410125734,""size_dots"":{""x"":0.0,""y"":0.0},""size_mm"":10.0}"
2025/12/01 20:34:08:484299,Front,KeyLog,KeyboardUI/Update,"{""c"":""S"",""position"":{""x"":0.0,""y"":0.0},""angle"":3.1415927410125734,""size_dots"":{""x"":0.0,""y"":0.0},""size_mm"":10.0}"
2025/12/01 20:34:08:485309,Front,KeyLog,KeyboardUI/Update,"{""c"":""D"",""position"":{""x"":0.0,""y"":0.0},""angle"":3.1415927410125734,""size_dots"":{""x"":0.0,""y"":0.0},""size_mm"":10.0}"
2025/12/01 20:34:08:486829,Front,KeyLog,KeyboardUI/Update,"{""c"":""F"",""position"":{""x"":0.0,""y"":0.0},""angle"":3.1415927410125734,""size_dots"":{""x"":0.0,""y"":0.0},""size_mm"":10.0}"
2025/12/01 20:34:08:487335,Front,KeyLog,KeyboardUI/Update,"{""c"":""G"",""position"":{""x"":0.0,""y"":0.0},""angle"":3.1415927410125734,""size_dots"":{""x"":0.0,""y"":0.0},""size_mm"":10.0}"
2025/12/01 20:34:08:488379,Front,KeyLog,KeyboardUI/Update,"{""c"":""H"",""position"":{""x"":0.0,""y"":0.0},""angle"":3.1415927410125734,""size_dots"":{""x"":0.0,""y"":0.0},""size_mm"":10.0}"
2025/12/01 20:34:08:489389,Front,KeyLog,KeyboardUI/Update,"{""c"":""J"",""position"":{""x"":0.0,""y"":0.0},""angle"":3.1415927410125734,""size_dots"":{""x"":0.0,""y"":0.0},""size_mm"":10.0}"
2025/12/01 20:34:08:490398,Front,KeyLog,KeyboardUI/Update,"{""c"":""K"",""position"":{""x"":0.0,""y"":0.0},""angle"":3.1415927410125734,""size_dots"":{""x"":0.0,""y"":0.0},""size_mm"":10.0}"
2025/12/01 20:34:08:491408,Front,KeyLog,KeyboardUI/Update,"{""c"":""L"",""position"":{""x"":0.0,""y"":0.0},""angle"":3.1415927410125734,""size_dots"":{""x"":0.0,""y"":0.0},""size_mm"":10.0}"
2025/12/01 20:34:08:491408,Front,KeyLog,KeyboardUI/Update,"{""c"":""Z"",""position"":{""x"":0.0,""y"":0.0},""angle"":3.1415927410125734,""size_dots"":{""x"":0.0,""y"":0.0},""size_mm"":10.0}"
2025/12/01 20:34:08:492416,Front,KeyLog,KeyboardUI/Update,"{""c"":""X"",""position"":{""x"":0.0,""y"":0.0},""angle"":3.1415927410125734,""size_dots"":{""x"":0.0,""y"":0.0},""size_mm"":10.0}"
2025/12/01 20:34:08:493426,Front,KeyLog,KeyboardUI/Update,"{""c"":""C"",""position"":{""x"":0.0,""y"":0.0},""angle"":3.1415927410125734,""size_dots"":{""x"":0.0,""y"":0.0},""size_mm"":10.0}"
2025/12/01 20:34:08:494465,Front,KeyLog,KeyboardUI/Update,"{""c"":""V"",""position"":{""x"":0.0,""y"":0.0},""angle"":3.1415927410125734,""size_dots"":{""x"":0.0,""y"":0.0},""size_mm"":10.0}"
2025/12/01 20:34:08:495479,Front,KeyLog,KeyboardUI/Update,"{""c"":""B"",""position"":{""x"":0.0,""y"":0.0},""angle"":3.1415927410125734,""size_dots"":{""x"":0.0,""y"":0.0},""size_mm"":10.0}"
2025/12/01 20:34:08:496480,Front,KeyLog,KeyboardUI/Update,"{""c"":""N"",""position"":{""x"":0.0,""y"":0.0},""angle"":3.1415927410125734,""size_dots"":{""x"":0.0,""y"":0.0},""size_mm"":10.0}"
2025/12/01 20:34:08:496983,Front,KeyLog,KeyboardUI/Update,"{""c"":""M"",""position"":{""x"":0.0,""y"":0.0},""angle"":3.1415927410125734,""size_dots"":{""x"":0.0,""y"":0.0},""size_mm"":10.0}"
2025/12/01 20:34:08:497992,Front,KeyLog,KeyboardUI/Update,"{""c"":""#"",""position"":{""x"":0.0,""y"":0.0},""angle"":3.1415927410125734,""size_dots"":{""x"":0.0,""y"":0.0},""size_mm"":13.800000190734864}"
2025/12/01 20:34:08:499005,Front,KeyLog,KeyboardUI/Update,"{""c"":""&"",""position"":{""x"":0.0,""y"":0.0},""angle"":3.1415927410125734,""size_dots"":{""x"":0.0,""y"":0.0},""size_mm"":13.800000190734864}"
2025/12/01 20:34:08:500018,Front,KeyLog,KeyboardUI/Update,"{""c"":""%"",""position"":{""x"":0.0,""y"":0.0},""angle"":3.1415927410125734,""size_dots"":{""x"":0.0,""y"":0.0},""size_mm"":13.800000190734864}"
2025/12/01 20:34:08:529477,Front,ARMarkerLog,ARMarkerDetector/Update,"{""position"":[0.0,0.0],""angle"":0.0}"
2025/12/01 20:34:08:541120,Front,KeyLog,KeyboardUI/Update,"{""c"":""Q"",""position"":{""x"":0.0,""y"":0.0},""angle"":3.1415927410125734,""size_dots"":{""x"":0.0,""y"":0.0},""size_mm"":10.0}"
2025/12/01 20:34:08:542167,Front,KeyLog,KeyboardUI/Update,"{""c"":""W"",""position"":{""x"":0.0,""y"":0.0},""angle"":3.1415927410125734,""size_dots"":{""x"":0.0,""y"":0.0},""size_mm"":10.0}"
2025/12/01 20:34:08:543175,Front,KeyLog,KeyboardUI/Update,"{""c"":""E"",""position"":{""x"":0.0,""y"":0.0},""angle"":3.1415927410125734,""size_dots"":{""x"":0.0,""y"":0.0},""size_mm"":10.0}"
2025/12/01 20:34:08:544677,Front,KeyLog,KeyboardUI/Update,"{""c"":""R"",""position"":{""x"":0.0,""y"":0.0},""angle"":3.1415927410125734,""size_dots"":{""x"":0.0,""y"":0.0},""size_mm"":10.0}"
2025/12/01 20:34:08:544677,Front,KeyLog,KeyboardUI/Update,"{""c"":""T"",""position"":{""x"":0.0,""y"":0.0},""angle"":3.1415927410125734,""size_dots"":{""x"":0.0,""y"":0.0},""size_mm"":10.0}"
2025/12/01 20:34:08:545690,Front,KeyLog,KeyboardUI/Update,"{""c"":""Y"",""position"":{""x"":0.0,""y"":0.0},""angle"":3.1415927410125734,""size_dots"":{""x"":0.0,""y"":0.0},""size_mm"":10.0}"
2025/12/01 20:34:08:547193,Front,KeyLog,KeyboardUI/Update,"{""c"":""U"",""position"":{""x"":0.0,""y"":0.0},""angle"":3.1415927410125734,""size_dots"":{""x"":0.0,""y"":0.0},""size_mm"":10.0}"
2025/12/01 20:34:08:547193,Front,KeyLog,KeyboardUI/Update,"{""c"":""I"",""position"":{""x"":0.0,""y"":0.0},""angle"":3.1415927410125734,""size_dots"":{""x"":0.0,""y"":0.0},""size_mm"":10.0}"
2025/12/01 20:34:08:548206,Front,KeyLog,KeyboardUI/Update,"{""c"":""O"",""position"":{""x"":0.0,""y"":0.0},""angle"":3.1415927410125734,""size_dots"":{""x"":0.0,""y"":0.0},""size_mm"":10.0}"
2025/12/01 20:34:08:548206,Front,KeyLog,KeyboardUI/Update,"{""c"":""P"",""position"":{""x"":0.0,""y"":0.0},""angle"":3.1415927410125734,""size_dots"":{""x"":0.0,""y"":0.0},""size_mm"":10.0}"
2025/12/01 20:34:08:549218,Front,KeyLog,KeyboardUI/Update,"{""c"":""A"",""position"":{""x"":0.0,""y"":0.0},""angle"":3.1415927410125734,""size_dots"":{""x"":0.0,""y"":0.0},""size_mm"":10.0}"
2025/12/01 20:34:08:550228,Front,KeyLog,KeyboardUI/Update,"{""c"":""S"",""position"":{""x"":0.0,""y"":0.0},""angle"":3.1415927410125734,""size_dots"":{""x"":0.0,""y"":0.0},""size_mm"":10.0}"
2025/12/01 20:34:08:550228,Front,KeyLog,KeyboardUI/Update,"{""c"":""D"",""position"":{""x"":0.0,""y"":0.0},""angle"":3.1415927410125734,""size_dots"":{""x"":0.0,""y"":0.0},""size_mm"":10.0}"
2025/12/01 20:34:08:551237,Front,KeyLog,KeyboardUI/Update,"{""c"":""F"",""position"":{""x"":0.0,""y"":0.0},""angle"":3.1415927410125734,""size_dots"":{""x"":0.0,""y"":0.0},""size_mm"":10.0}"
2025/12/01 20:34:08:552244,Front,KeyLog,KeyboardUI/Update,"{""c"":""G"",""position"":{""x"":0.0,""y"":0.0},""angle"":3.1415927410125734,""size_dots"":{""x"":0.0,""y"":0.0},""size_mm"":10.0}"
2025/12/01 20:34:08:553253,Front,KeyLog,KeyboardUI/Update,"{""c"":""H"",""position"":{""x"":0.0,""y"":0.0},""angle"":3.1415927410125734,""size_dots"":{""x"":0.0,""y"":0.0},""size_mm"":10.0}"
2025/12/01 20:34:08:553253,Front,KeyLog,KeyboardUI/Update,"{""c"":""J"",""position"":{""x"":0.0,""y"":0.0},""angle"":3.1415927410125734,""size_dots"":{""x"":0.0,""y"":0.0},""size_mm"":10.0}"
2025/12/01 20:34:08:553253,Front,KeyLog,KeyboardUI/Update,"{""c"":""K"",""position"":{""x"":0.0,""y"":0.0},""angle"":3.1415927410125734,""size_dots"":{""x"":0.0,""y"":0.0},""size_mm"":10.0}"
2025/12/01 20:34:08:554265,Front,KeyLog,KeyboardUI/Update,"{""c"":""L"",""position"":{""x"":0.0,""y"":0.0},""angle"":3.1415927410125734,""size_dots"":{""x"":0.0,""y"":0.0},""size_mm"":10.0}"
2025/12/01 20:34:08:555265,Front,KeyLog,KeyboardUI/Update,"{""c"":""Z"",""position"":{""x"":0.0,""y"":0.0},""angle"":3.1415927410125734,""size_dots"":{""x"":0.0,""y"":0.0},""size_mm"":10.0}"
2025/12/01 20:34:08:555768,Front,KeyLog,KeyboardUI/Update,"{""c"":""X"",""position"":{""x"":0.0,""y"":0.0},""angle"":3.1415927410125734,""size_dots"":{""x"":0.0,""y"":0.0},""size_mm"":10.0}"
2025/12/01 20:34:08:557271,Front,KeyLog,KeyboardUI/Update,"{""c"":""C"",""position"":{""x"":0.0,""y"":0.0},""angle"":3.1415927410125734,""size_dots"":{""x"":0.0,""y"":0.0},""size_mm"":10.0}"
2025/12/01 20:34:08:558283,Front,KeyLog,KeyboardUI/Update,"{""c"":""V"",""position"":{""x"":0.0,""y"":0.0},""angle"":3.1415927410125734,""size_dots"":{""x"":0.0,""y"":0.0},""size_mm"":10.0}"
2025/12/01 20:34:08:559295,Front,KeyLog,KeyboardUI/Update,"{""c"":""B"",""position"":{""x"":0.0,""y"":0.0},""angle"":3.1415927410125734,""size_dots"":{""x"":0.0,""y"":0.0},""size_mm"":10.0}"
2025/12/01 20:34:08:559295,Front,KeyLog,KeyboardUI/Update,"{""c"":""N"",""position"":{""x"":0.0,""y"":0.0},""angle"":3.1415927410125734,""size_dots"":{""x"":0.0,""y"":0.0},""size_mm"":10.0}"
2025/12/01 20:34:08:560304,Front,KeyLog,KeyboardUI/Update,"{""c"":""M"",""position"":{""x"":0.0,""y"":0.0},""angle"":3.1415927410125734,""size_dots"":{""x"":0.0,""y"":0.0},""size_mm"":10.0}"
2025/12/01 20:34:08:561317,Front,KeyLog,KeyboardUI/Update,"{""c"":""#"",""position"":{""x"":0.0,""y"":0.0},""angle"":3.1415927410125734,""size_dots"":{""x"":0.0,""y"":0.0},""size_mm"":13.800000190734864}"
2025/12/01 20:34:08:562332,Front,KeyLog,KeyboardUI/Update,"{""c"":""&"",""position"":{""x"":0.0,""y"":0.0},""angle"":3.1415927410125734,""size_dots"":{""x"":0.0,""y"":0.0},""size_mm"":13.800000190734864}"
2025/12/01 20:34:08:563341,Front,KeyLog,KeyboardUI/Update,"{""c"":""%"",""position"":{""x"":0.0,""y"":0.0},""angle"":3.1415927410125734,""size_dots"":{""x"":0.0,""y"":0.0},""size_mm"":13.800000190734864}"
2025/12/01 20:34:08:596249,Front,ARMarkerLog,ARMarkerDetector/Update,"{""position"":[0.0,0.0],""angle"":0.0}"
2025/12/01 20:34:08:614473,Front,KeyLog,KeyboardUI/Update,"{""c"":""Q"",""position"":{""x"":0.0,""y"":0.0},""angle"":3.1415927410125734,""size_dots"":{""x"":0.0,""y"":0.0},""size_mm"":10.0}"
2025/12/01 20:34:08:616988,Front,KeyLog,KeyboardUI/Update,"{""c"":""W"",""position"":{""x"":0.0,""y"":0.0},""angle"":3.1415927410125734,""size_dots"":{""x"":0.0,""y"":0.0},""size_mm"":10.0}"
2025/12/01 20:34:08:619012,Front,KeyLog,KeyboardUI/Update,"{""c"":""E"",""position"":{""x"":0.0,""y"":0.0},""angle"":3.1415927410125734,""size_dots"":{""x"":0.0,""y"":0.0},""size_mm"":10.0}"
2025/12/01 20:34:08:620026,Front,KeyLog,KeyboardUI/Update,"{""c"":""R"",""position"":{""x"":0.0,""y"":0.0},""angle"":3.1415927410125734,""size_dots"":{""x"":0.0,""y"":0.0},""size_mm"":10.0}"
2025/12/01 20:34:08:621036,Front,KeyLog,KeyboardUI/Update,"{""c"":""T"",""position"":{""x"":0.0,""y"":0.0},""angle"":3.1415927410125734,""size_dots"":{""x"":0.0,""y"":0.0},""size_mm"":10.0}"
2025/12/01 20:34:08:621036,Front,KeyLog,KeyboardUI/Update,"{""c"":""Y"",""position"":{""x"":0.0,""y"":0.0},""angle"":3.1415927410125734,""size_dots"":{""x"":0.0,""y"":0.0},""size_mm"":10.0}"
2025/12/01 20:34:08:622044,Front,KeyLog,KeyboardUI/Update,"{""c"":""U"",""position"":{""x"":0.0,""y"":0.0},""angle"":3.1415927410125734,""size_dots"":{""x"":0.0,""y"":0.0},""size_mm"":10.0}"
2025/12/01 20:34:08:623053,Front,KeyLog,KeyboardUI/Update,"{""c"":""I"",""position"":{""x"":0.0,""y"":0.0},""angle"":3.1415927410125734,""size_dots"":{""x"":0.0,""y"":0.0},""size_mm"":10.0}"
2025/12/01 20:34:08:624065,Front,KeyLog,KeyboardUI/Update,"{""c"":""O"",""position"":{""x"":0.0,""y"":0.0},""angle"":3.1415927410125734,""size_dots"":{""x"":0.0,""y"":0.0},""size_mm"":10.0}"
2025/12/01 20:34:08:624065,Front,KeyLog,KeyboardUI/Update,"{""c"":""P"",""position"":{""x"":0.0,""y"":0.0},""angle"":3.1415927410125734,""size_dots"":{""x"":0.0,""y"":0.0},""size_mm"":10.0}"
2025/12/01 20:34:08:625075,Front,KeyLog,KeyboardUI/Update,"{""c"":""A"",""position"":{""x"":0.0,""y"":0.0},""angle"":3.1415927410125734,""size_dots"":{""x"":0.0,""y"":0.0},""size_mm"":10.0}"
2025/12/01 20:34:08:626083,Front,KeyLog,KeyboardUI/Update,"{""c"":""S"",""position"":{""x"":0.0,""y"":0.0},""angle"":3.1415927410125734,""size_dots"":{""x"":0.0,""y"":0.0},""size_mm"":10.0}"
2025/12/01 20:34:08:626592,Front,KeyLog,KeyboardUI/Update,"{""c"":""D"",""position"":{""x"":0.0,""y"":0.0},""angle"":3.1415927410125734,""size_dots"":{""x"":0.0,""y"":0.0},""size_mm"":10.0}"
2025/12/01 20:34:08:627107,Front,KeyLog,KeyboardUI/Update,"{""c"":""F"",""position"":{""x"":0.0,""y"":0.0},""angle"":3.1415927410125734,""size_dots"":{""x"":0.0,""y"":0.0},""size_mm"":10.0}"
2025/12/01 20:34:08:628119,Front,KeyLog,KeyboardUI/Update,"{""c"":""G"",""position"":{""x"":0.0,""y"":0.0},""angle"":3.1415927410125734,""size_dots"":{""x"":0.0,""y"":0.0},""size_mm"":10.0}"
2025/12/01 20:34:08:628119,Front,KeyLog,KeyboardUI/Update,"{""c"":""H"",""position"":{""x"":0.0,""y"":0.0},""angle"":3.1415927410125734,""size_dots"":{""x"":0.0,""y"":0.0},""size_mm"":10.0}"
2025/12/01 20:34:08:629132,Front,KeyLog,KeyboardUI/Update,"{""c"":""J"",""position"":{""x"":0.0,""y"":0.0},""angle"":3.1415927410125734,""size_dots"":{""x"":0.0,""y"":0.0},""size_mm"":10.0}"
2025/12/01 20:34:08:630141,Front,KeyLog,KeyboardUI/Update,"{""c"":""K"",""position"":{""x"":0.0,""y"":0.0},""angle"":3.1415927410125734,""size_dots"":{""x"":0.0,""y"":0.0},""size_mm"":10.0}"
2025/12/01 20:34:08:630141,Front,KeyLog,KeyboardUI/Update,"{""c"":""L"",""position"":{""x"":0.0,""y"":0.0},""angle"":3.1415927410125734,""size_dots"":{""x"":0.0,""y"":0.0},""size_mm"":10.0}"
2025/12/01 20:34:08:631154,Front,KeyLog,KeyboardUI/Update,"{""c"":""Z"",""position"":{""x"":0.0,""y"":0.0},""angle"":3.1415927410125734,""size_dots"":{""x"":0.0,""y"":0.0},""size_mm"":10.0}"
2025/12/01 20:34:08:632168,Front,KeyLog,KeyboardUI/Update,"{""c"":""X"",""position"":{""x"":0.0,""y"":0.0},""angle"":3.1415927410125734,""size_dots"":{""x"":0.0,""y"":0.0},""size_mm"":10.0}"
2025/12/01 20:34:08:633200,Front,KeyLog,KeyboardUI/Update,"{""c"":""C"",""position"":{""x"":0.0,""y"":0.0},""angle"":3.1415927410125734,""size_dots"":{""x"":0.0,""y"":0.0},""size_mm"":10.0}"
2025/12/01 20:34:08:633200,Front,KeyLog,KeyboardUI/Update,"{""c"":""V"",""position"":{""x"":0.0,""y"":0.0},""angle"":3.1415927410125734,""size_dots"":{""x"":0.0,""y"":0.0},""size_mm"":10.0}"
2025/12/01 20:34:08:634209,Front,KeyLog,KeyboardUI/Update,"{""c"":""B"",""position"":{""x"":0.0,""y"":0.0},""angle"":3.1415927410125734,""size_dots"":{""x"":0.0,""y"":0.0},""size_mm"":10.0}"
2025/12/01 20:34:08:635217,Front,KeyLog,KeyboardUI/Update,"{""c"":""N"",""position"":{""x"":0.0,""y"":0.0},""angle"":3.1415927410125734,""size_dots"":{""x"":0.0,""y"":0.0},""size_mm"":10.0}"
2025/12/01 20:34:08:635217,Front,KeyLog,KeyboardUI/Update,"{""c"":""M"",""position"":{""x"":0.0,""y"":0.0},""angle"":3.1415927410125734,""size_dots"":{""x"":0.0,""y"":0.0},""size_mm"":10.0}"
2025/12/01 20:34:08:636736,Front,KeyLog,KeyboardUI/Update,"{""c"":""#"",""position"":{""x"":0.0,""y"":0.0},""angle"":3.1415927410125734,""size_dots"":{""x"":0.0,""y"":0.0},""size_mm"":13.800000190734864}"
2025/12/01 20:34:08:637250,Front,KeyLog,KeyboardUI/Update,"{""c"":""&"",""position"":{""x"":0.0,""y"":0.0},""angle"":3.1415927410125734,""size_dots"":{""x"":0.0,""y"":0.0},""size_mm"":13.800000190734864}"
2025/12/01 20:34:08:637250,Front,KeyLog,KeyboardUI/Update,"{""c"":""%"",""position"":{""x"":0.0,""y"":0.0},""angle"":3.1415927410125734,""size_dots"":{""x"":0.0,""y"":0.0},""size_mm"":13.800000190734864}"
2025/12/01 20:34:08:649412,Front,ARMarkerLog,ARMarkerDetector/Update,"{""position"":[0.0,0.0],""angle"":0.0}"
2025/12/01 20:34:08:663610,Front,KeyLog,KeyboardUI/Update,"{""c"":""Q"",""position"":{""x"":0.0,""y"":0.0},""angle"":3.1415927410125734,""size_dots"":{""x"":0.0,""y"":0.0},""size_mm"":10.0}"
2025/12/01 20:34:08:665631,Front,KeyLog,KeyboardUI/Update,"{""c"":""W"",""position"":{""x"":0.0,""y"":0.0},""angle"":3.1415927410125734,""size_dots"":{""x"":0.0,""y"":0.0},""size_mm"":10.0}"
2025/12/01 20:34:08:665631,Front,KeyLog,KeyboardUI/Update,"{""c"":""E"",""position"":{""x"":0.0,""y"":0.0},""angle"":3.1415927410125734,""size_dots"":{""x"":0.0,""y"":0.0},""size_mm"":10.0}"
2025/12/01 20:34:08:665631,Front,KeyLog,KeyboardUI/Update,"{""c"":""R"",""position"":{""x"":0.0,""y"":0.0},""angle"":3.1415927410125734,""size_dots"":{""x"":0.0,""y"":0.0},""size_mm"":10.0}"
2025/12/01 20:34:08:668144,Front,KeyLog,KeyboardUI/Update,"{""c"":""T"",""position"":{""x"":0.0,""y"":0.0},""angle"":3.1415927410125734,""size_dots"":{""x"":0.0,""y"":0.0},""size_mm"":10.0}"
2025/12/01 20:34:08:668144,Front,KeyLog,KeyboardUI/Update,"{""c"":""Y"",""position"":{""x"":0.0,""y"":0.0},""angle"":3.1415927410125734,""size_dots"":{""x"":0.0,""y"":0.0},""size_mm"":10.0}"
2025/12/01 20:34:08:669169,Front,KeyLog,KeyboardUI/Update,"{""c"":""U"",""position"":{""x"":0.0,""y"":0.0},""angle"":3.1415927410125734,""size_dots"":{""x"":0.0,""y"":0.0},""size_mm"":10.0}"
2025/12/01 20:34:08:669169,Front,KeyLog,KeyboardUI/Update,"{""c"":""I"",""position"":{""x"":0.0,""y"":0.0},""angle"":3.1415927410125734,""size_dots"":{""x"":0.0,""y"":0.0},""size_mm"":10.0}"
2025/12/01 20:34:08:670184,Front,KeyLog,KeyboardUI/Update,"{""c"":""O"",""position"":{""x"":0.0,""y"":0.0},""angle"":3.1415927410125734,""size_dots"":{""x"":0.0,""y"":0.0},""size_mm"":10.0}"
2025/12/01 20:34:08:671194,Front,KeyLog,KeyboardUI/Update,"{""c"":""P"",""position"":{""x"":0.0,""y"":0.0},""angle"":3.1415927410125734,""size_dots"":{""x"":0.0,""y"":0.0},""size_mm"":10.0}"
2025/12/01 20:34:08:672209,Front,KeyLog,KeyboardUI/Update,"{""c"":""A"",""position"":{""x"":0.0,""y"":0.0},""angle"":3.1415927410125734,""size_dots"":{""x"":0.0,""y"":0.0},""size_mm"":10.0}"
2025/12/01 20:34:08:672209,Front,KeyLog,KeyboardUI/Update,"{""c"":""S"",""position"":{""x"":0.0,""y"":0.0},""angle"":3.1415927410125734,""size_dots"":{""x"":0.0,""y"":0.0},""size_mm"":10.0}"
2025/12/01 20:34:08:673220,Front,KeyLog,KeyboardUI/Update,"{""c"":""D"",""position"":{""x"":0.0,""y"":0.0},""angle"":3.1415927410125734,""size_dots"":{""x"":0.0,""y"":0.0},""size_mm"":10.0}"
2025/12/01 20:34:08:675261,Front,KeyLog,KeyboardUI/Update,"{""c"":""F"",""position"":{""x"":0.0,""y"":0.0},""angle"":3.1415927410125734,""size_dots"":{""x"":0.0,""y"":0.0},""size_mm"":10.0}"
2025/12/01 20:34:08:676270,Front,KeyLog,KeyboardUI/Update,"{""c"":""G"",""position"":{""x"":0.0,""y"":0.0},""angle"":3.1415927410125734,""size_dots"":{""x"":0.0,""y"":0.0},""size_mm"":10.0}"
2025/12/01 20:34:08:676778,Front,KeyLog,KeyboardUI/Update,"{""c"":""H"",""position"":{""x"":0.0,""y"":0.0},""angle"":3.1415927410125734,""size_dots"":{""x"":0.0,""y"":0.0},""size_mm"":10.0}"
2025/12/01 20:34:08:677286,Front,KeyLog,KeyboardUI/Update,"{""c"":""J"",""position"":{""x"":0.0,""y"":0.0},""angle"":3.1415927410125734,""size_dots"":{""x"":0.0,""y"":0.0},""size_mm"":10.0}"
2025/12/01 20:34:08:677286,Front,KeyLog,KeyboardUI/Update,"{""c"":""K"",""position"":{""x"":0.0,""y"":0.0},""angle"":3.1415927410125734,""size_dots"":{""x"":0.0,""y"":0.0},""size_mm"":10.0}"
2025/12/01 20:34:08:677286,Front,KeyLog,KeyboardUI/Update,"{""c"":""L"",""position"":{""x"":0.0,""y"":0.0},""angle"":3.1415927410125734,""size_dots"":{""x"":0.0,""y"":0.0},""size_mm"":10.0}"
2025/12/01 20:34:08:677286,Front,KeyLog,KeyboardUI/Update,"{""c"":""Z"",""position"":{""x"":0.0,""y"":0.0},""angle"":3.1415927410125734,""size_dots"":{""x"":0.0,""y"":0.0},""size_mm"":10.0}"
2025/12/01 20:34:08:677286,Front,KeyLog,KeyboardUI/Update,"{""c"":""X"",""position"":{""x"":0.0,""y"":0.0},""angle"":3.1415927410125734,""size_dots"":{""x"":0.0,""y"":0.0},""size_mm"":10.0}"
2025/12/01 20:34:08:678299,Front,KeyLog,KeyboardUI/Update,"{""c"":""C"",""position"":{""x"":0.0,""y"":0.0},""angle"":3.1415927410125734,""size_dots"":{""x"":0.0,""y"":0.0},""size_mm"":10.0}"
2025/12/01 20:34:08:678299,Front,KeyLog,KeyboardUI/Update,"{""c"":""V"",""position"":{""x"":0.0,""y"":0.0},""angle"":3.1415927410125734,""size_dots"":{""x"":0.0,""y"":0.0},""size_mm"":10.0}"
2025/12/01 20:34:08:678299,Front,KeyLog,KeyboardUI/Update,"{""c"":""B"",""position"":{""x"":0.0,""y"":0.0},""angle"":3.1415927410125734,""size_dots"":{""x"":0.0,""y"":0.0},""size_mm"":10.0}"
2025/12/01 20:34:08:678299,Front,KeyLog,KeyboardUI/Update,"{""c"":""N"",""position"":{""x"":0.0,""y"":0.0},""angle"":3.1415927410125734,""size_dots"":{""x"":0.0,""y"":0.0},""size_mm"":10.0}"
2025/12/01 20:34:08:678299,Front,KeyLog,KeyboardUI/Update,"{""c"":""M"",""position"":{""x"":0.0,""y"":0.0},""angle"":3.1415927410125734,""size_dots"":{""x"":0.0,""y"":0.0},""size_mm"":10.0}"
2025/12/01 20:34:08:678299,Front,KeyLog,KeyboardUI/Update,"{""c"":""#"",""position"":{""x"":0.0,""y"":0.0},""angle"":3.1415927410125734,""size_dots"":{""x"":0.0,""y"":0.0},""size_mm"":13.800000190734864}"
2025/12/01 20:34:08:678299,Front,KeyLog,KeyboardUI/Update,"{""c"":""&"",""position"":{""x"":0.0,""y"":0.0},""angle"":3.1415927410125734,""size_dots"":{""x"":0.0,""y"":0.0},""size_mm"":13.800000190734864}"
2025/12/01 20:34:08:678299,Front,KeyLog,KeyboardUI/Update,"{""c"":""%"",""position"":{""x"":0.0,""y"":0.0},""angle"":3.1415927410125734,""size_dots"":{""x"":0.0,""y"":0.0},""size_mm"":13.800000190734864}"
2025/12/01 20:34:08:688451,Front,ARMarkerLog,ARMarkerDetector/Update,"{""position"":[0.0,0.0],""angle"":0.0}"
2025/12/01 20:34:08:699081,Front,KeyLog,KeyboardUI/Update,"{""c"":""Q"",""position"":{""x"":0.0,""y"":0.0},""angle"":3.1415927410125734,""size_dots"":{""x"":0.0,""y"":0.0},""size_mm"":10.0}"
2025/12/01 20:34:08:700127,Front,KeyLog,KeyboardUI/Update,"{""c"":""W"",""position"":{""x"":0.0,""y"":0.0},""angle"":3.1415927410125734,""size_dots"":{""x"":0.0,""y"":0.0},""size_mm"":10.0}"
2025/12/01 20:34:08:701136,Front,KeyLog,KeyboardUI/Update,"{""c"":""E"",""position"":{""x"":0.0,""y"":0.0},""angle"":3.1415927410125734,""size_dots"":{""x"":0.0,""y"":0.0},""size_mm"":10.0}"
2025/12/01 20:34:08:701136,Front,KeyLog,KeyboardUI/Update,"{""c"":""R"",""position"":{""x"":0.0,""y"":0.0},""angle"":3.1415927410125734,""size_dots"":{""x"":0.0,""y"":0.0},""size_mm"":10.0}"
2025/12/01 20:34:08:701136,Front,KeyLog,KeyboardUI/Update,"{""c"":""T"",""position"":{""x"":0.0,""y"":0.0},""angle"":3.1415927410125734,""size_dots"":{""x"":0.0,""y"":0.0},""size_mm"":10.0}"
2025/12/01 20:34:08:701136,Front,KeyLog,KeyboardUI/Update,"{""c"":""Y"",""position"":{""x"":0.0,""y"":0.0},""angle"":3.1415927410125734,""size_dots"":{""x"":0.0,""y"":0.0},""size_mm"":10.0}"
2025/12/01 20:34:08:701136,Front,KeyLog,KeyboardUI/Update,"{""c"":""U"",""position"":{""x"":0.0,""y"":0.0},""angle"":3.1415927410125734,""size_dots"":{""x"":0.0,""y"":0.0},""size_mm"":10.0}"
2025/12/01 20:34:08:702175,Front,KeyLog,KeyboardUI/Update,"{""c"":""I"",""position"":{""x"":0.0,""y"":0.0},""angle"":3.1415927410125734,""size_dots"":{""x"":0.0,""y"":0.0},""size_mm"":10.0}"
2025/12/01 20:34:08:702175,Front,KeyLog,KeyboardUI/Update,"{""c"":""O"",""position"":{""x"":0.0,""y"":0.0},""angle"":3.1415927410125734,""size_dots"":{""x"":0.0,""y"":0.0},""size_mm"":10.0}"
2025/12/01 20:34:08:702175,Front,KeyLog,KeyboardUI/Update,"{""c"":""P"",""position"":{""x"":0.0,""y"":0.0},""angle"":3.1415927410125734,""size_dots"":{""x"":0.0,""y"":0.0},""size_mm"":10.0}"
2025/12/01 20:34:08:702175,Front,KeyLog,KeyboardUI/Update,"{""c"":""A"",""position"":{""x"":0.0,""y"":0.0},""angle"":3.1415927410125734,""size_dots"":{""x"":0.0,""y"":0.0},""size_mm"":10.0}"
2025/12/01 20:34:08:702175,Front,KeyLog,KeyboardUI/Update,"{""c"":""S"",""position"":{""x"":0.0,""y"":0.0},""angle"":3.1415927410125734,""size_dots"":{""x"":0.0,""y"":0.0},""size_mm"":10.0}"
2025/12/01 20:34:08:702175,Front,KeyLog,KeyboardUI/Update,"{""c"":""D"",""position"":{""x"":0.0,""y"":0.0},""angle"":3.1415927410125734,""size_dots"":{""x"":0.0,""y"":0.0},""size_mm"":10.0}"
2025/12/01 20:34:08:702175,Front,KeyLog,KeyboardUI/Update,"{""c"":""F"",""position"":{""x"":0.0,""y"":0.0},""angle"":3.1415927410125734,""size_dots"":{""x"":0.0,""y"":0.0},""size_mm"":10.0}"
2025/12/01 20:34:08:702175,Front,KeyLog,KeyboardUI/Update,"{""c"":""G"",""position"":{""x"":0.0,""y"":0.0},""angle"":3.1415927410125734,""size_dots"":{""x"":0.0,""y"":0.0},""size_mm"":10.0}"
2025/12/01 20:34:08:702175,Front,KeyLog,KeyboardUI/Update,"{""c"":""H"",""position"":{""x"":0.0,""y"":0.0},""angle"":3.1415927410125734,""size_dots"":{""x"":0.0,""y"":0.0},""size_mm"":10.0}"
2025/12/01 20:34:08:702175,Front,KeyLog,KeyboardUI/Update,"{""c"":""J"",""position"":{""x"":0.0,""y"":0.0},""angle"":3.1415927410125734,""size_dots"":{""x"":0.0,""y"":0.0},""size_mm"":10.0}"
2025/12/01 20:34:08:702175,Front,KeyLog,KeyboardUI/Update,"{""c"":""K"",""position"":{""x"":0.0,""y"":0.0},""angle"":3.1415927410125734,""size_dots"":{""x"":0.0,""y"":0.0},""size_mm"":10.0}"
2025/12/01 20:34:08:702175,Front,KeyLog,KeyboardUI/Update,"{""c"":""L"",""position"":{""x"":0.0,""y"":0.0},""angle"":3.1415927410125734,""size_dots"":{""x"":0.0,""y"":0.0},""size_mm"":10.0}"
2025/12/01 20:34:08:702175,Front,KeyLog,KeyboardUI/Update,"{""c"":""Z"",""position"":{""x"":0.0,""y"":0.0},""angle"":3.1415927410125734,""size_dots"":{""x"":0.0,""y"":0.0},""size_mm"":10.0}"
2025/12/01 20:34:08:702175,Front,KeyLog,KeyboardUI/Update,"{""c"":""X"",""position"":{""x"":0.0,""y"":0.0},""angle"":3.1415927410125734,""size_dots"":{""x"":0.0,""y"":0.0},""size_mm"":10.0}"
2025/12/01 20:34:08:702175,Front,KeyLog,KeyboardUI/Update,"{""c"":""C"",""position"":{""x"":0.0,""y"":0.0},""angle"":3.1415927410125734,""size_dots"":{""x"":0.0,""y"":0.0},""size_mm"":10.0}"
2025/12/01 20:34:08:702175,Front,KeyLog,KeyboardUI/Update,"{""c"":""V"",""position"":{""x"":0.0,""y"":0.0},""angle"":3.1415927410125734,""size_dots"":{""x"":0.0,""y"":0.0},""size_mm"":10.0}"
2025/12/01 20:34:08:702175,Front,KeyLog,KeyboardUI/Update,"{""c"":""B"",""position"":{""x"":0.0,""y"":0.0},""angle"":3.1415927410125734,""size_dots"":{""x"":0.0,""y"":0.0},""size_mm"":10.0}"
2025/12/01 20:34:08:703187,Front,KeyLog,KeyboardUI/Update,"{""c"":""N"",""position"":{""x"":0.0,""y"":0.0},""angle"":3.1415927410125734,""size_dots"":{""x"":0.0,""y"":0.0},""size_mm"":10.0}"
2025/12/01 20:34:08:704196,Front,KeyLog,KeyboardUI/Update,"{""c"":""M"",""position"":{""x"":0.0,""y"":0.0},""angle"":3.1415927410125734,""size_dots"":{""x"":0.0,""y"":0.0},""size_mm"":10.0}"
2025/12/01 20:34:08:704196,Front,KeyLog,KeyboardUI/Update,"{""c"":""#"",""position"":{""x"":0.0,""y"":0.0},""angle"":3.1415927410125734,""size_dots"":{""x"":0.0,""y"":0.0},""size_mm"":13.800000190734864}"
2025/12/01 20:34:08:704196,Front,KeyLog,KeyboardUI/Update,"{""c"":""&"",""position"":{""x"":0.0,""y"":0.0},""angle"":3.1415927410125734,""size_dots"":{""x"":0.0,""y"":0.0},""size_mm"":13.800000190734864}"
2025/12/01 20:34:08:704196,Front,KeyLog,KeyboardUI/Update,"{""c"":""%"",""position"":{""x"":0.0,""y"":0.0},""angle"":3.1415927410125734,""size_dots"":{""x"":0.0,""y"":0.0},""size_mm"":13.800000190734864}"
2025/12/01 20:34:08:710325,Front,ARMarkerLog,ARMarkerDetector/Update,"{""position"":[0.0,0.0],""angle"":0.0}"
2025/12/01 20:34:08:725553,Front,KeyLog,KeyboardUI/Update,"{""c"":""Q"",""position"":{""x"":0.0,""y"":0.0},""angle"":3.1415927410125734,""size_dots"":{""x"":0.0,""y"":0.0},""size_mm"":10.0}"
2025/12/01 20:34:08:726553,Front,KeyLog,KeyboardUI/Update,"{""c"":""W"",""position"":{""x"":0.0,""y"":0.0},""angle"":3.1415927410125734,""size_dots"":{""x"":0.0,""y"":0.0},""size_mm"":10.0}"
2025/12/01 20:34:08:726553,Front,KeyLog,KeyboardUI/Update,"{""c"":""E"",""position"":{""x"":0.0,""y"":0.0},""angle"":3.1415927410125734,""size_dots"":{""x"":0.0,""y"":0.0},""size_mm"":10.0}"
2025/12/01 20:34:08:727056,Front,KeyLog,KeyboardUI/Update,"{""c"":""R"",""position"":{""x"":0.0,""y"":0.0},""angle"":3.1415927410125734,""size_dots"":{""x"":0.0,""y"":0.0},""size_mm"":10.0}"
2025/12/01 20:34:08:727056,Front,KeyLog,KeyboardUI/Update,"{""c"":""T"",""position"":{""x"":0.0,""y"":0.0},""angle"":3.1415927410125734,""size_dots"":{""x"":0.0,""y"":0.0},""size_mm"":10.0}"
2025/12/01 20:34:08:728065,Front,KeyLog,KeyboardUI/Update,"{""c"":""Y"",""position"":{""x"":0.0,""y"":0.0},""angle"":3.1415927410125734,""size_dots"":{""x"":0.0,""y"":0.0},""size_mm"":10.0}"
2025/12/01 20:34:08:728065,Front,KeyLog,KeyboardUI/Update,"{""c"":""U"",""position"":{""x"":0.0,""y"":0.0},""angle"":3.1415927410125734,""size_dots"":{""x"":0.0,""y"":0.0},""size_mm"":10.0}"
2025/12/01 20:34:08:729076,Front,KeyLog,KeyboardUI/Update,"{""c"":""I"",""position"":{""x"":0.0,""y"":0.0},""angle"":3.1415927410125734,""size_dots"":{""x"":0.0,""y"":0.0},""size_mm"":10.0}"
2025/12/01 20:34:08:730086,Front,KeyLog,KeyboardUI/Update,"{""c"":""O"",""position"":{""x"":0.0,""y"":0.0},""angle"":3.1415927410125734,""size_dots"":{""x"":0.0,""y"":0.0},""size_mm"":10.0}"
2025/12/01 20:34:08:730086,Front,KeyLog,KeyboardUI/Update,"{""c"":""P"",""position"":{""x"":0.0,""y"":0.0},""angle"":3.1415927410125734,""size_dots"":{""x"":0.0,""y"":0.0},""size_mm"":10.0}"
2025/12/01 20:34:08:731104,Front,KeyLog,KeyboardUI/Update,"{""c"":""A"",""position"":{""x"":0.0,""y"":0.0},""angle"":3.1415927410125734,""size_dots"":{""x"":0.0,""y"":0.0},""size_mm"":10.0}"
2025/12/01 20:34:08:732113,Front,KeyLog,KeyboardUI/Update,"{""c"":""S"",""position"":{""x"":0.0,""y"":0.0},""angle"":3.1415927410125734,""size_dots"":{""x"":0.0,""y"":0.0},""size_mm"":10.0}"
2025/12/01 20:34:08:733122,Front,KeyLog,KeyboardUI/Update,"{""c"":""D"",""position"":{""x"":0.0,""y"":0.0},""angle"":3.1415927410125734,""size_dots"":{""x"":0.0,""y"":0.0},""size_mm"":10.0}"
2025/12/01 20:34:08:733122,Front,KeyLog,KeyboardUI/Update,"{""c"":""F"",""position"":{""x"":0.0,""y"":0.0},""angle"":3.1415927410125734,""size_dots"":{""x"":0.0,""y"":0.0},""size_mm"":10.0}"
2025/12/01 20:34:08:734130,Front,KeyLog,KeyboardUI/Update,"{""c"":""G"",""position"":{""x"":0.0,""y"":0.0},""angle"":3.1415927410125734,""size_dots"":{""x"":0.0,""y"":0.0},""size_mm"":10.0}"
2025/12/01 20:34:08:735140,Front,KeyLog,KeyboardUI/Update,"{""c"":""H"",""position"":{""x"":0.0,""y"":0.0},""angle"":3.1415927410125734,""size_dots"":{""x"":0.0,""y"":0.0},""size_mm"":10.0}"
2025/12/01 20:34:08:735140,Front,KeyLog,KeyboardUI/Update,"{""c"":""J"",""position"":{""x"":0.0,""y"":0.0},""angle"":3.1415927410125734,""size_dots"":{""x"":0.0,""y"":0.0},""size_mm"":10.0}"
2025/12/01 20:34:08:735140,Front,KeyLog,KeyboardUI/Update,"{""c"":""K"",""position"":{""x"":0.0,""y"":0.0},""angle"":3.1415927410125734,""size_dots"":{""x"":0.0,""y"":0.0},""size_mm"":10.0}"
2025/12/01 20:34:08:736658,Front,KeyLog,KeyboardUI/Update,"{""c"":""L"",""position"":{""x"":0.0,""y"":0.0},""angle"":3.1415927410125734,""size_dots"":{""x"":0.0,""y"":0.0},""size_mm"":10.0}"
2025/12/01 20:34:08:737166,Front,KeyLog,KeyboardUI/Update,"{""c"":""Z"",""position"":{""x"":0.0,""y"":0.0},""angle"":3.1415927410125734,""size_dots"":{""x"":0.0,""y"":0.0},""size_mm"":10.0}"
2025/12/01 20:34:08:738173,Front,KeyLog,KeyboardUI/Update,"{""c"":""X"",""position"":{""x"":0.0,""y"":0.0},""angle"":3.1415927410125734,""size_dots"":{""x"":0.0,""y"":0.0},""size_mm"":10.0}"
2025/12/01 20:34:08:740194,Front,KeyLog,KeyboardUI/Update,"{""c"":""C"",""position"":{""x"":0.0,""y"":0.0},""angle"":3.1415927410125734,""size_dots"":{""x"":0.0,""y"":0.0},""size_mm"":10.0}"
2025/12/01 20:34:08:741229,Front,KeyLog,KeyboardUI/Update,"{""c"":""V"",""position"":{""x"":0.0,""y"":0.0},""angle"":3.1415927410125734,""size_dots"":{""x"":0.0,""y"":0.0},""size_mm"":10.0}"
2025/12/01 20:34:08:741229,Front,KeyLog,KeyboardUI/Update,"{""c"":""B"",""position"":{""x"":0.0,""y"":0.0},""angle"":3.1415927410125734,""size_dots"":{""x"":0.0,""y"":0.0},""size_mm"":10.0}"
2025/12/01 20:34:08:741229,Front,KeyLog,KeyboardUI/Update,"{""c"":""N"",""position"":{""x"":0.0,""y"":0.0},""angle"":3.1415927410125734,""size_dots"":{""x"":0.0,""y"":0.0},""size_mm"":10.0}"
2025/12/01 20:34:08:741229,Front,KeyLog,KeyboardUI/Update,"{""c"":""M"",""position"":{""x"":0.0,""y"":0.0},""angle"":3.1415927410125734,""size_dots"":{""x"":0.0,""y"":0.0},""size_mm"":10.0}"
2025/12/01 20:34:08:741229,Front,KeyLog,KeyboardUI/Update,"{""c"":""#"",""position"":{""x"":0.0,""y"":0.0},""angle"":3.1415927410125734,""size_dots"":{""x"":0.0,""y"":0.0},""size_mm"":13.800000190734864}"
2025/12/01 20:34:08:741229,Front,KeyLog,KeyboardUI/Update,"{""c"":""&"",""position"":{""x"":0.0,""y"":0.0},""angle"":3.1415927410125734,""size_dots"":{""x"":0.0,""y"":0.0},""size_mm"":13.800000190734864}"
2025/12/01 20:34:08:741229,Front,KeyLog,KeyboardUI/Update,"{""c"":""%"",""position"":{""x"":0.0,""y"":0.0},""angle"":3.1415927410125734,""size_dots"":{""x"":0.0,""y"":0.0},""size_mm"":13.800000190734864}"
2025/12/01 20:34:08:747298,Front,ARMarkerLog,ARMarkerDetector/Update,"{""position"":[0.0,0.0],""angle"":0.0}"
2025/12/01 20:34:08:764518,Front,KeyLog,KeyboardUI/Update,"{""c"":""Q"",""position"":{""x"":0.0,""y"":0.0},""angle"":3.1415927410125734,""size_dots"":{""x"":0.0,""y"":0.0},""size_mm"":10.0}"
2025/12/01 20:34:08:765527,Front,KeyLog,KeyboardUI/Update,"{""c"":""W"",""position"":{""x"":0.0,""y"":0.0},""angle"":3.1415927410125734,""size_dots"":{""x"":0.0,""y"":0.0},""size_mm"":10.0}"
2025/12/01 20:34:08:766526,Front,KeyLog,KeyboardUI/Update,"{""c"":""E"",""position"":{""x"":0.0,""y"":0.0},""angle"":3.1415927410125734,""size_dots"":{""x"":0.0,""y"":0.0},""size_mm"":10.0}"
2025/12/01 20:34:08:767030,Front,KeyLog,KeyboardUI/Update,"{""c"":""R"",""position"":{""x"":0.0,""y"":0.0},""angle"":3.1415927410125734,""size_dots"":{""x"":0.0,""y"":0.0},""size_mm"":10.0}"
2025/12/01 20:34:08:768039,Front,KeyLog,KeyboardUI/Update,"{""c"":""T"",""position"":{""x"":0.0,""y"":0.0},""angle"":3.1415927410125734,""size_dots"":{""x"":0.0,""y"":0.0},""size_mm"":10.0}"
2025/12/01 20:34:08:769056,Front,KeyLog,KeyboardUI/Update,"{""c"":""Y"",""position"":{""x"":0.0,""y"":0.0},""angle"":3.1415927410125734,""size_dots"":{""x"":0.0,""y"":0.0},""size_mm"":10.0}"
2025/12/01 20:34:08:770063,Front,KeyLog,KeyboardUI/Update,"{""c"":""U"",""position"":{""x"":0.0,""y"":0.0},""angle"":3.1415927410125734,""size_dots"":{""x"":0.0,""y"":0.0},""size_mm"":10.0}"
2025/12/01 20:34:08:771072,Front,KeyLog,KeyboardUI/Update,"{""c"":""I"",""position"":{""x"":0.0,""y"":0.0},""angle"":3.1415927410125734,""size_dots"":{""x"":0.0,""y"":0.0},""size_mm"":10.0}"
2025/12/01 20:34:08:772113,Front,KeyLog,KeyboardUI/Update,"{""c"":""O"",""position"":{""x"":0.0,""y"":0.0},""angle"":3.1415927410125734,""size_dots"":{""x"":0.0,""y"":0.0},""size_mm"":10.0}"
2025/12/01 20:34:08:773123,Front,KeyLog,KeyboardUI/Update,"{""c"":""P"",""position"":{""x"":0.0,""y"":0.0},""angle"":3.1415927410125734,""size_dots"":{""x"":0.0,""y"":0.0},""size_mm"":10.0}"
2025/12/01 20:34:08:774132,Front,KeyLog,KeyboardUI/Update,"{""c"":""A"",""position"":{""x"":0.0,""y"":0.0},""angle"":3.1415927410125734,""size_dots"":{""x"":0.0,""y"":0.0},""size_mm"":10.0}"
2025/12/01 20:34:08:775142,Front,KeyLog,KeyboardUI/Update,"{""c"":""S"",""position"":{""x"":0.0,""y"":0.0},""angle"":3.1415927410125734,""size_dots"":{""x"":0.0,""y"":0.0},""size_mm"":10.0}"
2025/12/01 20:34:08:776153,Front,KeyLog,KeyboardUI/Update,"{""c"":""D"",""position"":{""x"":0.0,""y"":0.0},""angle"":3.1415927410125734,""size_dots"":{""x"":0.0,""y"":0.0},""size_mm"":10.0}"
2025/12/01 20:34:08:777166,Front,KeyLog,KeyboardUI/Update,"{""c"":""F"",""position"":{""x"":0.0,""y"":0.0},""angle"":3.1415927410125734,""size_dots"":{""x"":0.0,""y"":0.0},""size_mm"":10.0}"
2025/12/01 20:34:08:778174,Front,KeyLog,KeyboardUI/Update,"{""c"":""G"",""position"":{""x"":0.0,""y"":0.0},""angle"":3.1415927410125734,""size_dots"":{""x"":0.0,""y"":0.0},""size_mm"":10.0}"
2025/12/01 20:34:08:779184,Front,KeyLog,KeyboardUI/Update,"{""c"":""H"",""position"":{""x"":0.0,""y"":0.0},""angle"":3.1415927410125734,""size_dots"":{""x"":0.0,""y"":0.0},""size_mm"":10.0}"
2025/12/01 20:34:08:779184,Front,KeyLog,KeyboardUI/Update,"{""c"":""J"",""position"":{""x"":0.0,""y"":0.0},""angle"":3.1415927410125734,""size_dots"":{""x"":0.0,""y"":0.0},""size_mm"":10.0}"
2025/12/01 20:34:08:780194,Front,KeyLog,KeyboardUI/Update,"{""c"":""K"",""position"":{""x"":0.0,""y"":0.0},""angle"":3.1415927410125734,""size_dots"":{""x"":0.0,""y"":0.0},""size_mm"":10.0}"
2025/12/01 20:34:08:781202,Front,KeyLog,KeyboardUI/Update,"{""c"":""L"",""position"":{""x"":0.0,""y"":0.0},""angle"":3.1415927410125734,""size_dots"":{""x"":0.0,""y"":0.0},""size_mm"":10.0}"
2025/12/01 20:34:08:782218,Front,KeyLog,KeyboardUI/Update,"{""c"":""Z"",""position"":{""x"":0.0,""y"":0.0},""angle"":3.1415927410125734,""size_dots"":{""x"":0.0,""y"":0.0},""size_mm"":10.0}"
2025/12/01 20:34:08:783226,Front,KeyLog,KeyboardUI/Update,"{""c"":""X"",""position"":{""x"":0.0,""y"":0.0},""angle"":3.1415927410125734,""size_dots"":{""x"":0.0,""y"":0.0},""size_mm"":10.0}"
2025/12/01 20:34:08:783226,Front,KeyLog,KeyboardUI/Update,"{""c"":""C"",""position"":{""x"":0.0,""y"":0.0},""angle"":3.1415927410125734,""size_dots"":{""x"":0.0,""y"":0.0},""size_mm"":10.0}"
2025/12/01 20:34:08:784236,Front,KeyLog,KeyboardUI/Update,"{""c"":""V"",""position"":{""x"":0.0,""y"":0.0},""angle"":3.1415927410125734,""size_dots"":{""x"":0.0,""y"":0.0},""size_mm"":10.0}"
2025/12/01 20:34:08:785244,Front,KeyLog,KeyboardUI/Update,"{""c"":""B"",""position"":{""x"":0.0,""y"":0.0},""angle"":3.1415927410125734,""size_dots"":{""x"":0.0,""y"":0.0},""size_mm"":10.0}"
2025/12/01 20:34:08:786252,Front,KeyLog,KeyboardUI/Update,"{""c"":""N"",""position"":{""x"":0.0,""y"":0.0},""angle"":3.1415927410125734,""size_dots"":{""x"":0.0,""y"":0.0},""size_mm"":10.0}"
2025/12/01 20:34:08:787293,Front,KeyLog,KeyboardUI/Update,"{""c"":""M"",""position"":{""x"":0.0,""y"":0.0},""angle"":3.1415927410125734,""size_dots"":{""x"":0.0,""y"":0.0},""size_mm"":10.0}"
2025/12/01 20:34:08:788303,Front,KeyLog,KeyboardUI/Update,"{""c"":""#"",""position"":{""x"":0.0,""y"":0.0},""angle"":3.1415927410125734,""size_dots"":{""x"":0.0,""y"":0.0},""size_mm"":13.800000190734864}"
2025/12/01 20:34:08:788303,Front,KeyLog,KeyboardUI/Update,"{""c"":""&"",""position"":{""x"":0.0,""y"":0.0},""angle"":3.1415927410125734,""size_dots"":{""x"":0.0,""y"":0.0},""size_mm"":13.800000190734864}"
2025/12/01 20:34:08:788303,Front,KeyLog,KeyboardUI/Update,"{""c"":""%"",""position"":{""x"":0.0,""y"":0.0},""angle"":3.1415927410125734,""size_dots"":{""x"":0.0,""y"":0.0},""size_mm"":13.800000190734864}"
2025/12/01 20:34:08:804526,Front,ARMarkerLog,ARMarkerDetector/Update,"{""position"":[0.0,0.0],""angle"":0.0}"
2025/12/01 20:34:08:819255,Front,KeyLog,KeyboardUI/Update,"{""c"":""Q"",""position"":{""x"":0.0,""y"":0.0},""angle"":3.1415927410125734,""size_dots"":{""x"":0.0,""y"":0.0},""size_mm"":10.0}"
2025/12/01 20:34:08:819255,Front,KeyLog,KeyboardUI/Update,"{""c"":""W"",""position"":{""x"":0.0,""y"":0.0},""angle"":3.1415927410125734,""size_dots"":{""x"":0.0,""y"":0.0},""size_mm"":10.0}"
2025/12/01 20:34:08:819255,Front,KeyLog,KeyboardUI/Update,"{""c"":""E"",""position"":{""x"":0.0,""y"":0.0},""angle"":3.1415927410125734,""size_dots"":{""x"":0.0,""y"":0.0},""size_mm"":10.0}"
2025/12/01 20:34:08:819255,Front,KeyLog,KeyboardUI/Update,"{""c"":""R"",""position"":{""x"":0.0,""y"":0.0},""angle"":3.1415927410125734,""size_dots"":{""x"":0.0,""y"":0.0},""size_mm"":10.0}"
2025/12/01 20:34:08:819255,Front,KeyLog,KeyboardUI/Update,"{""c"":""T"",""position"":{""x"":0.0,""y"":0.0},""angle"":3.1415927410125734,""size_dots"":{""x"":0.0,""y"":0.0},""size_mm"":10.0}"
2025/12/01 20:34:08:820264,Front,KeyLog,KeyboardUI/Update,"{""c"":""Y"",""position"":{""x"":0.0,""y"":0.0},""angle"":3.1415927410125734,""size_dots"":{""x"":0.0,""y"":0.0},""size_mm"":10.0}"
2025/12/01 20:34:08:820264,Front,KeyLog,KeyboardUI/Update,"{""c"":""U"",""position"":{""x"":0.0,""y"":0.0},""angle"":3.1415927410125734,""size_dots"":{""x"":0.0,""y"":0.0},""size_mm"":10.0}"
2025/12/01 20:34:08:820264,Front,KeyLog,KeyboardUI/Update,"{""c"":""I"",""position"":{""x"":0.0,""y"":0.0},""angle"":3.1415927410125734,""size_dots"":{""x"":0.0,""y"":0.0},""size_mm"":10.0}"
2025/12/01 20:34:08:820264,Front,KeyLog,KeyboardUI/Update,"{""c"":""O"",""position"":{""x"":0.0,""y"":0.0},""angle"":3.1415927410125734,""size_dots"":{""x"":0.0,""y"":0.0},""size_mm"":10.0}"
2025/12/01 20:34:08:820264,Front,KeyLog,KeyboardUI/Update,"{""c"":""P"",""position"":{""x"":0.0,""y"":0.0},""angle"":3.1415927410125734,""size_dots"":{""x"":0.0,""y"":0.0},""size_mm"":10.0}"
2025/12/01 20:34:08:820264,Front,KeyLog,KeyboardUI/Update,"{""c"":""A"",""position"":{""x"":0.0,""y"":0.0},""angle"":3.1415927410125734,""size_dots"":{""x"":0.0,""y"":0.0},""size_mm"":10.0}"
2025/12/01 20:34:08:820264,Front,KeyLog,KeyboardUI/Update,"{""c"":""S"",""position"":{""x"":0.0,""y"":0.0},""angle"":3.1415927410125734,""size_dots"":{""x"":0.0,""y"":0.0},""size_mm"":10.0}"
2025/12/01 20:34:08:820264,Front,KeyLog,KeyboardUI/Update,"{""c"":""D"",""position"":{""x"":0.0,""y"":0.0},""angle"":3.1415927410125734,""size_dots"":{""x"":0.0,""y"":0.0},""size_mm"":10.0}"
2025/12/01 20:34:08:820264,Front,KeyLog,KeyboardUI/Update,"{""c"":""F"",""position"":{""x"":0.0,""y"":0.0},""angle"":3.1415927410125734,""size_dots"":{""x"":0.0,""y"":0.0},""size_mm"":10.0}"
2025/12/01 20:34:08:820264,Front,KeyLog,KeyboardUI/Update,"{""c"":""G"",""position"":{""x"":0.0,""y"":0.0},""angle"":3.1415927410125734,""size_dots"":{""x"":0.0,""y"":0.0},""size_mm"":10.0}"
2025/12/01 20:34:08:822286,Front,KeyLog,KeyboardUI/Update,"{""c"":""H"",""position"":{""x"":0.0,""y"":0.0},""angle"":3.1415927410125734,""size_dots"":{""x"":0.0,""y"":0.0},""size_mm"":10.0}"
2025/12/01 20:34:08:822286,Front,KeyLog,KeyboardUI/Update,"{""c"":""J"",""position"":{""x"":0.0,""y"":0.0},""angle"":3.1415927410125734,""size_dots"":{""x"":0.0,""y"":0.0},""size_mm"":10.0}"
2025/12/01 20:34:08:822286,Front,KeyLog,KeyboardUI/Update,"{""c"":""K"",""position"":{""x"":0.0,""y"":0.0},""angle"":3.1415927410125734,""size_dots"":{""x"":0.0,""y"":0.0},""size_mm"":10.0}"
2025/12/01 20:34:08:822286,Front,KeyLog,KeyboardUI/Update,"{""c"":""L"",""position"":{""x"":0.0,""y"":0.0},""angle"":3.1415927410125734,""size_dots"":{""x"":0.0,""y"":0.0},""size_mm"":10.0}"
2025/12/01 20:34:08:822286,Front,KeyLog,KeyboardUI/Update,"{""c"":""Z"",""position"":{""x"":0.0,""y"":0.0},""angle"":3.1415927410125734,""size_dots"":{""x"":0.0,""y"":0.0},""size_mm"":10.0}"
2025/12/01 20:34:08:822286,Front,KeyLog,KeyboardUI/Update,"{""c"":""X"",""position"":{""x"":0.0,""y"":0.0},""angle"":3.1415927410125734,""size_dots"":{""x"":0.0,""y"":0.0},""size_mm"":10.0}"
2025/12/01 20:34:08:822286,Front,KeyLog,KeyboardUI/Update,"{""c"":""C"",""position"":{""x"":0.0,""y"":0.0},""angle"":3.1415927410125734,""size_dots"":{""x"":0.0,""y"":0.0},""size_mm"":10.0}"
2025/12/01 20:34:08:822286,Front,KeyLog,KeyboardUI/Update,"{""c"":""V"",""position"":{""x"":0.0,""y"":0.0},""angle"":3.1415927410125734,""size_dots"":{""x"":0.0,""y"":0.0},""size_mm"":10.0}"
2025/12/01 20:34:08:822286,Front,KeyLog,KeyboardUI/Update,"{""c"":""B"",""position"":{""x"":0.0,""y"":0.0},""angle"":3.1415927410125734,""size_dots"":{""x"":0.0,""y"":0.0},""size_mm"":10.0}"
2025/12/01 20:34:08:822286,Front,KeyLog,KeyboardUI/Update,"{""c"":""N"",""position"":{""x"":0.0,""y"":0.0},""angle"":3.1415927410125734,""size_dots"":{""x"":0.0,""y"":0.0},""size_mm"":10.0}"
2025/12/01 20:34:08:822286,Front,KeyLog,KeyboardUI/Update,"{""c"":""M"",""position"":{""x"":0.0,""y"":0.0},""angle"":3.1415927410125734,""size_dots"":{""x"":0.0,""y"":0.0},""size_mm"":10.0}"
2025/12/01 20:34:08:822286,Front,KeyLog,KeyboardUI/Update,"{""c"":""#"",""position"":{""x"":0.0,""y"":0.0},""angle"":3.1415927410125734,""size_dots"":{""x"":0.0,""y"":0.0},""size_mm"":13.800000190734864}"
2025/12/01 20:34:08:822286,Front,KeyLog,KeyboardUI/Update,"{""c"":""&"",""position"":{""x"":0.0,""y"":0.0},""angle"":3.1415927410125734,""size_dots"":{""x"":0.0,""y"":0.0},""size_mm"":13.800000190734864}"
2025/12/01 20:34:08:822286,Front,KeyLog,KeyboardUI/Update,"{""c"":""%"",""position"":{""x"":0.0,""y"":0.0},""angle"":3.1415927410125734,""size_dots"":{""x"":0.0,""y"":0.0},""size_mm"":13.800000190734864}"
2025/12/01 20:34:08:828392,Front,ARMarkerLog,ARMarkerDetector/Update,"{""position"":[0.0,0.0],""angle"":0.0}"
2025/12/01 20:34:08:842069,Front,KeyLog,KeyboardUI/Update,"{""c"":""Q"",""position"":{""x"":0.0,""y"":0.0},""angle"":3.1415927410125734,""size_dots"":{""x"":0.0,""y"":0.0},""size_mm"":10.0}"
2025/12/01 20:34:08:843084,Front,KeyLog,KeyboardUI/Update,"{""c"":""W"",""position"":{""x"":0.0,""y"":0.0},""angle"":3.1415927410125734,""size_dots"":{""x"":0.0,""y"":0.0},""size_mm"":10.0}"
2025/12/01 20:34:08:844108,Front,KeyLog,KeyboardUI/Update,"{""c"":""E"",""position"":{""x"":0.0,""y"":0.0},""angle"":3.1415927410125734,""size_dots"":{""x"":0.0,""y"":0.0},""size_mm"":10.0}"
2025/12/01 20:34:08:844108,Front,KeyLog,KeyboardUI/Update,"{""c"":""R"",""position"":{""x"":0.0,""y"":0.0},""angle"":3.1415927410125734,""size_dots"":{""x"":0.0,""y"":0.0},""size_mm"":10.0}"
2025/12/01 20:34:08:844108,Front,KeyLog,KeyboardUI/Update,"{""c"":""T"",""position"":{""x"":0.0,""y"":0.0},""angle"":3.1415927410125734,""size_dots"":{""x"":0.0,""y"":0.0},""size_mm"":10.0}"
2025/12/01 20:34:08:844108,Front,KeyLog,KeyboardUI/Update,"{""c"":""Y"",""position"":{""x"":0.0,""y"":0.0},""angle"":3.1415927410125734,""size_dots"":{""x"":0.0,""y"":0.0},""size_mm"":10.0}"
2025/12/01 20:34:08:844108,Front,KeyLog,KeyboardUI/Update,"{""c"":""U"",""position"":{""x"":0.0,""y"":0.0},""angle"":3.1415927410125734,""size_dots"":{""x"":0.0,""y"":0.0},""size_mm"":10.0}"
2025/12/01 20:34:08:845116,Front,KeyLog,KeyboardUI/Update,"{""c"":""I"",""position"":{""x"":0.0,""y"":0.0},""angle"":3.1415927410125734,""size_dots"":{""x"":0.0,""y"":0.0},""size_mm"":10.0}"
2025/12/01 20:34:08:846129,Front,KeyLog,KeyboardUI/Update,"{""c"":""O"",""position"":{""x"":0.0,""y"":0.0},""angle"":3.1415927410125734,""size_dots"":{""x"":0.0,""y"":0.0},""size_mm"":10.0}"
2025/12/01 20:34:08:847139,Front,KeyLog,KeyboardUI/Update,"{""c"":""P"",""position"":{""x"":0.0,""y"":0.0},""angle"":3.1415927410125734,""size_dots"":{""x"":0.0,""y"":0.0},""size_mm"":10.0}"
2025/12/01 20:34:08:847139,Front,KeyLog,KeyboardUI/Update,"{""c"":""A"",""position"":{""x"":0.0,""y"":0.0},""angle"":3.1415927410125734,""size_dots"":{""x"":0.0,""y"":0.0},""size_mm"":10.0}"
2025/12/01 20:34:08:847139,Front,KeyLog,KeyboardUI/Update,"{""c"":""S"",""position"":{""x"":0.0,""y"":0.0},""angle"":3.1415927410125734,""size_dots"":{""x"":0.0,""y"":0.0},""size_mm"":10.0}"
2025/12/01 20:34:08:847139,Front,KeyLog,KeyboardUI/Update,"{""c"":""D"",""position"":{""x"":0.0,""y"":0.0},""angle"":3.1415927410125734,""size_dots"":{""x"":0.0,""y"":0.0},""size_mm"":10.0}"
2025/12/01 20:34:08:848148,Front,KeyLog,KeyboardUI/Update,"{""c"":""F"",""position"":{""x"":0.0,""y"":0.0},""angle"":3.1415927410125734,""size_dots"":{""x"":0.0,""y"":0.0},""size_mm"":10.0}"
2025/12/01 20:34:08:848148,Front,KeyLog,KeyboardUI/Update,"{""c"":""G"",""position"":{""x"":0.0,""y"":0.0},""angle"":3.1415927410125734,""size_dots"":{""x"":0.0,""y"":0.0},""size_mm"":10.0}"
2025/12/01 20:34:08:848148,Front,KeyLog,KeyboardUI/Update,"{""c"":""H"",""position"":{""x"":0.0,""y"":0.0},""angle"":3.1415927410125734,""size_dots"":{""x"":0.0,""y"":0.0},""size_mm"":10.0}"
2025/12/01 20:34:08:849173,Front,KeyLog,KeyboardUI/Update,"{""c"":""J"",""position"":{""x"":0.0,""y"":0.0},""angle"":3.1415927410125734,""size_dots"":{""x"":0.0,""y"":0.0},""size_mm"":10.0}"
2025/12/01 20:34:08:849173,Front,KeyLog,KeyboardUI/Update,"{""c"":""K"",""position"":{""x"":0.0,""y"":0.0},""angle"":3.1415927410125734,""size_dots"":{""x"":0.0,""y"":0.0},""size_mm"":10.0}"
2025/12/01 20:34:08:849173,Front,KeyLog,KeyboardUI/Update,"{""c"":""L"",""position"":{""x"":0.0,""y"":0.0},""angle"":3.1415927410125734,""size_dots"":{""x"":0.0,""y"":0.0},""size_mm"":10.0}"
2025/12/01 20:34:08:849173,Front,KeyLog,KeyboardUI/Update,"{""c"":""Z"",""position"":{""x"":0.0,""y"":0.0},""angle"":3.1415927410125734,""size_dots"":{""x"":0.0,""y"":0.0},""size_mm"":10.0}"
2025/12/01 20:34:08:849173,Front,KeyLog,KeyboardUI/Update,"{""c"":""X"",""position"":{""x"":0.0,""y"":0.0},""angle"":3.1415927410125734,""size_dots"":{""x"":0.0,""y"":0.0},""size_mm"":10.0}"
2025/12/01 20:34:08:850212,Front,KeyLog,KeyboardUI/Update,"{""c"":""C"",""position"":{""x"":0.0,""y"":0.0},""angle"":3.1415927410125734,""size_dots"":{""x"":0.0,""y"":0.0},""size_mm"":10.0}"
2025/12/01 20:34:08:850212,Front,KeyLog,KeyboardUI/Update,"{""c"":""V"",""position"":{""x"":0.0,""y"":0.0},""angle"":3.1415927410125734,""size_dots"":{""x"":0.0,""y"":0.0},""size_mm"":10.0}"
2025/12/01 20:34:08:850212,Front,KeyLog,KeyboardUI/Update,"{""c"":""B"",""position"":{""x"":0.0,""y"":0.0},""angle"":3.1415927410125734,""size_dots"":{""x"":0.0,""y"":0.0},""size_mm"":10.0}"
2025/12/01 20:34:08:850212,Front,KeyLog,KeyboardUI/Update,"{""c"":""N"",""position"":{""x"":0.0,""y"":0.0},""angle"":3.1415927410125734,""size_dots"":{""x"":0.0,""y"":0.0},""size_mm"":10.0}"
2025/12/01 20:34:08:850212,Front,KeyLog,KeyboardUI/Update,"{""c"":""M"",""position"":{""x"":0.0,""y"":0.0},""angle"":3.1415927410125734,""size_dots"":{""x"":0.0,""y"":0.0},""size_mm"":10.0}"
2025/12/01 20:34:08:851223,Front,KeyLog,KeyboardUI/Update,"{""c"":""#"",""position"":{""x"":0.0,""y"":0.0},""angle"":3.1415927410125734,""size_dots"":{""x"":0.0,""y"":0.0},""size_mm"":13.800000190734864}"
2025/12/01 20:34:08:851223,Front,KeyLog,KeyboardUI/Update,"{""c"":""&"",""position"":{""x"":0.0,""y"":0.0},""angle"":3.1415927410125734,""size_dots"":{""x"":0.0,""y"":0.0},""size_mm"":13.800000190734864}"
2025/12/01 20:34:08:851223,Front,KeyLog,KeyboardUI/Update,"{""c"":""%"",""position"":{""x"":0.0,""y"":0.0},""angle"":3.1415927410125734,""size_dots"":{""x"":0.0,""y"":0.0},""size_mm"":13.800000190734864}"
2025/12/01 20:34:08:864914,Front,ARMarkerLog,ARMarkerDetector/Update,"{""position"":[0.0,0.0],""angle"":0.0}"
2025/12/01 20:34:08:882108,Front,KeyLog,KeyboardUI/Update,"{""c"":""Q"",""position"":{""x"":0.0,""y"":0.0},""angle"":3.1415927410125734,""size_dots"":{""x"":0.0,""y"":0.0},""size_mm"":10.0}"
2025/12/01 20:34:08:883119,Front,KeyLog,KeyboardUI/Update,"{""c"":""W"",""position"":{""x"":0.0,""y"":0.0},""angle"":3.1415927410125734,""size_dots"":{""x"":0.0,""y"":0.0},""size_mm"":10.0}"
2025/12/01 20:34:08:883119,Front,KeyLog,KeyboardUI/Update,"{""c"":""E"",""position"":{""x"":0.0,""y"":0.0},""angle"":3.1415927410125734,""size_dots"":{""x"":0.0,""y"":0.0},""size_mm"":10.0}"
2025/12/01 20:34:08:883119,Front,KeyLog,KeyboardUI/Update,"{""c"":""R"",""position"":{""x"":0.0,""y"":0.0},""angle"":3.1415927410125734,""size_dots"":{""x"":0.0,""y"":0.0},""size_mm"":10.0}"
2025/12/01 20:34:08:884133,Front,KeyLog,KeyboardUI/Update,"{""c"":""T"",""position"":{""x"":0.0,""y"":0.0},""angle"":3.1415927410125734,""size_dots"":{""x"":0.0,""y"":0.0},""size_mm"":10.0}"
2025/12/01 20:34:08:884133,Front,KeyLog,KeyboardUI/Update,"{""c"":""Y"",""position"":{""x"":0.0,""y"":0.0},""angle"":3.1415927410125734,""size_dots"":{""x"":0.0,""y"":0.0},""size_mm"":10.0}"
2025/12/01 20:34:08:884133,Front,KeyLog,KeyboardUI/Update,"{""c"":""U"",""position"":{""x"":0.0,""y"":0.0},""angle"":3.1415927410125734,""size_dots"":{""x"":0.0,""y"":0.0},""size_mm"":10.0}"
2025/12/01 20:34:08:884133,Front,KeyLog,KeyboardUI/Update,"{""c"":""I"",""position"":{""x"":0.0,""y"":0.0},""angle"":3.1415927410125734,""size_dots"":{""x"":0.0,""y"":0.0},""size_mm"":10.0}"
2025/12/01 20:34:08:884133,Front,KeyLog,KeyboardUI/Update,"{""c"":""O"",""position"":{""x"":0.0,""y"":0.0},""angle"":3.1415927410125734,""size_dots"":{""x"":0.0,""y"":0.0},""size_mm"":10.0}"
2025/12/01 20:34:08:885143,Front,KeyLog,KeyboardUI/Update,"{""c"":""P"",""position"":{""x"":0.0,""y"":0.0},""angle"":3.1415927410125734,""size_dots"":{""x"":0.0,""y"":0.0},""size_mm"":10.0}"
2025/12/01 20:34:08:886163,Front,KeyLog,KeyboardUI/Update,"{""c"":""A"",""position"":{""x"":0.0,""y"":0.0},""angle"":3.1415927410125734,""size_dots"":{""x"":0.0,""y"":0.0},""size_mm"":10.0}"
2025/12/01 20:34:08:886163,Front,KeyLog,KeyboardUI/Update,"{""c"":""S"",""position"":{""x"":0.0,""y"":0.0},""angle"":3.1415927410125734,""size_dots"":{""x"":0.0,""y"":0.0},""size_mm"":10.0}"
2025/12/01 20:34:08:886163,Front,KeyLog,KeyboardUI/Update,"{""c"":""D"",""position"":{""x"":0.0,""y"":0.0},""angle"":3.1415927410125734,""size_dots"":{""x"":0.0,""y"":0.0},""size_mm"":10.0}"
2025/12/01 20:34:08:886163,Front,KeyLog,KeyboardUI/Update,"{""c"":""F"",""position"":{""x"":0.0,""y"":0.0},""angle"":3.1415927410125734,""size_dots"":{""x"":0.0,""y"":0.0},""size_mm"":10.0}"
2025/12/01 20:34:08:886163,Front,KeyLog,KeyboardUI/Update,"{""c"":""G"",""position"":{""x"":0.0,""y"":0.0},""angle"":3.1415927410125734,""size_dots"":{""x"":0.0,""y"":0.0},""size_mm"":10.0}"
2025/12/01 20:34:08:886163,Front,KeyLog,KeyboardUI/Update,"{""c"":""H"",""position"":{""x"":0.0,""y"":0.0},""angle"":3.1415927410125734,""size_dots"":{""x"":0.0,""y"":0.0},""size_mm"":10.0}"
2025/12/01 20:34:08:887177,Front,KeyLog,KeyboardUI/Update,"{""c"":""J"",""position"":{""x"":0.0,""y"":0.0},""angle"":3.1415927410125734,""size_dots"":{""x"":0.0,""y"":0.0},""size_mm"":10.0}"
2025/12/01 20:34:08:887177,Front,KeyLog,KeyboardUI/Update,"{""c"":""K"",""position"":{""x"":0.0,""y"":0.0},""angle"":3.1415927410125734,""size_dots"":{""x"":0.0,""y"":0.0},""size_mm"":10.0}"
2025/12/01 20:34:08:888187,Front,KeyLog,KeyboardUI/Update,"{""c"":""L"",""position"":{""x"":0.0,""y"":0.0},""angle"":3.1415927410125734,""size_dots"":{""x"":0.0,""y"":0.0},""size_mm"":10.0}"
2025/12/01 20:34:08:888187,Front,KeyLog,KeyboardUI/Update,"{""c"":""Z"",""position"":{""x"":0.0,""y"":0.0},""angle"":3.1415927410125734,""size_dots"":{""x"":0.0,""y"":0.0},""size_mm"":10.0}"
2025/12/01 20:34:08:888187,Front,KeyLog,KeyboardUI/Update,"{""c"":""X"",""position"":{""x"":0.0,""y"":0.0},""angle"":3.1415927410125734,""size_dots"":{""x"":0.0,""y"":0.0},""size_mm"":10.0}"
2025/12/01 20:34:08:889199,Front,KeyLog,KeyboardUI/Update,"{""c"":""C"",""position"":{""x"":0.0,""y"":0.0},""angle"":3.1415927410125734,""size_dots"":{""x"":0.0,""y"":0.0},""size_mm"":10.0}"
2025/12/01 20:34:08:889199,Front,KeyLog,KeyboardUI/Update,"{""c"":""V"",""position"":{""x"":0.0,""y"":0.0},""angle"":3.1415927410125734,""size_dots"":{""x"":0.0,""y"":0.0},""size_mm"":10.0}"
2025/12/01 20:34:08:889199,Front,KeyLog,KeyboardUI/Update,"{""c"":""B"",""position"":{""x"":0.0,""y"":0.0},""angle"":3.1415927410125734,""size_dots"":{""x"":0.0,""y"":0.0},""size_mm"":10.0}"
2025/12/01 20:34:08:889199,Front,KeyLog,KeyboardUI/Update,"{""c"":""N"",""position"":{""x"":0.0,""y"":0.0},""angle"":3.1415927410125734,""size_dots"":{""x"":0.0,""y"":0.0},""size_mm"":10.0}"
2025/12/01 20:34:08:890209,Front,KeyLog,KeyboardUI/Update,"{""c"":""M"",""position"":{""x"":0.0,""y"":0.0},""angle"":3.1415927410125734,""size_dots"":{""x"":0.0,""y"":0.0},""size_mm"":10.0}"
2025/12/01 20:34:08:890209,Front,KeyLog,KeyboardUI/Update,"{""c"":""#"",""position"":{""x"":0.0,""y"":0.0},""angle"":3.1415927410125734,""size_dots"":{""x"":0.0,""y"":0.0},""size_mm"":13.800000190734864}"
2025/12/01 20:34:08:891218,Front,KeyLog,KeyboardUI/Update,"{""c"":""&"",""position"":{""x"":0.0,""y"":0.0},""angle"":3.1415927410125734,""size_dots"":{""x"":0.0,""y"":0.0},""size_mm"":13.800000190734864}"
2025/12/01 20:34:08:891218,Front,KeyLog,KeyboardUI/Update,"{""c"":""%"",""position"":{""x"":0.0,""y"":0.0},""angle"":3.1415927410125734,""size_dots"":{""x"":0.0,""y"":0.0},""size_mm"":13.800000190734864}"
2025/12/01 20:34:08:901347,Front,ARMarkerLog,ARMarkerDetector/Update,"{""position"":[0.0,0.0],""angle"":0.0}"
2025/12/01 20:34:08:918088,Front,KeyLog,KeyboardUI/Update,"{""c"":""Q"",""position"":{""x"":0.0,""y"":0.0},""angle"":3.1415927410125734,""size_dots"":{""x"":0.0,""y"":0.0},""size_mm"":10.0}"
2025/12/01 20:34:08:919102,Front,KeyLog,KeyboardUI/Update,"{""c"":""W"",""position"":{""x"":0.0,""y"":0.0},""angle"":3.1415927410125734,""size_dots"":{""x"":0.0,""y"":0.0},""size_mm"":10.0}"
2025/12/01 20:34:08:919102,Front,KeyLog,KeyboardUI/Update,"{""c"":""E"",""position"":{""x"":0.0,""y"":0.0},""angle"":3.1415927410125734,""size_dots"":{""x"":0.0,""y"":0.0},""size_mm"":10.0}"
2025/12/01 20:34:08:919102,Front,KeyLog,KeyboardUI/Update,"{""c"":""R"",""position"":{""x"":0.0,""y"":0.0},""angle"":3.1415927410125734,""size_dots"":{""x"":0.0,""y"":0.0},""size_mm"":10.0}"
2025/12/01 20:34:08:920111,Front,KeyLog,KeyboardUI/Update,"{""c"":""T"",""position"":{""x"":0.0,""y"":0.0},""angle"":3.1415927410125734,""size_dots"":{""x"":0.0,""y"":0.0},""size_mm"":10.0}"
2025/12/01 20:34:08:920111,Front,KeyLog,KeyboardUI/Update,"{""c"":""Y"",""position"":{""x"":0.0,""y"":0.0},""angle"":3.1415927410125734,""size_dots"":{""x"":0.0,""y"":0.0},""size_mm"":10.0}"
2025/12/01 20:34:08:921124,Front,KeyLog,KeyboardUI/Update,"{""c"":""U"",""position"":{""x"":0.0,""y"":0.0},""angle"":3.1415927410125734,""size_dots"":{""x"":0.0,""y"":0.0},""size_mm"":10.0}"
2025/12/01 20:34:08:921124,Front,KeyLog,KeyboardUI/Update,"{""c"":""I"",""position"":{""x"":0.0,""y"":0.0},""angle"":3.1415927410125734,""size_dots"":{""x"":0.0,""y"":0.0},""size_mm"":10.0}"
2025/12/01 20:34:08:921124,Front,KeyLog,KeyboardUI/Update,"{""c"":""O"",""position"":{""x"":0.0,""y"":0.0},""angle"":3.1415927410125734,""size_dots"":{""x"":0.0,""y"":0.0},""size_mm"":10.0}"
2025/12/01 20:34:08:922131,Front,KeyLog,KeyboardUI/Update,"{""c"":""P"",""position"":{""x"":0.0,""y"":0.0},""angle"":3.1415927410125734,""size_dots"":{""x"":0.0,""y"":0.0},""size_mm"":10.0}"
2025/12/01 20:34:08:922131,Front,KeyLog,KeyboardUI/Update,"{""c"":""A"",""position"":{""x"":0.0,""y"":0.0},""angle"":3.1415927410125734,""size_dots"":{""x"":0.0,""y"":0.0},""size_mm"":10.0}"
2025/12/01 20:34:08:922131,Front,KeyLog,KeyboardUI/Update,"{""c"":""S"",""position"":{""x"":0.0,""y"":0.0},""angle"":3.1415927410125734,""size_dots"":{""x"":0.0,""y"":0.0},""size_mm"":10.0}"
2025/12/01 20:34:08:924151,Front,KeyLog,KeyboardUI/Update,"{""c"":""D"",""position"":{""x"":0.0,""y"":0.0},""angle"":3.1415927410125734,""size_dots"":{""x"":0.0,""y"":0.0},""size_mm"":10.0}"
2025/12/01 20:34:08:925164,Front,KeyLog,KeyboardUI/Update,"{""c"":""F"",""position"":{""x"":0.0,""y"":0.0},""angle"":3.1415927410125734,""size_dots"":{""x"":0.0,""y"":0.0},""size_mm"":10.0}"
2025/12/01 20:34:08:925164,Front,KeyLog,KeyboardUI/Update,"{""c"":""G"",""position"":{""x"":0.0,""y"":0.0},""angle"":3.1415927410125734,""size_dots"":{""x"":0.0,""y"":0.0},""size_mm"":10.0}"
2025/12/01 20:34:08:925164,Front,KeyLog,KeyboardUI/Update,"{""c"":""H"",""position"":{""x"":0.0,""y"":0.0},""angle"":3.1415927410125734,""size_dots"":{""x"":0.0,""y"":0.0},""size_mm"":10.0}"
2025/12/01 20:34:08:925164,Front,KeyLog,KeyboardUI/Update,"{""c"":""J"",""position"":{""x"":0.0,""y"":0.0},""angle"":3.1415927410125734,""size_dots"":{""x"":0.0,""y"":0.0},""size_mm"":10.0}"
2025/12/01 20:34:08:926193,Front,KeyLog,KeyboardUI/Update,"{""c"":""K"",""position"":{""x"":0.0,""y"":0.0},""angle"":3.1415927410125734,""size_dots"":{""x"":0.0,""y"":0.0},""size_mm"":10.0}"
2025/12/01 20:34:08:926193,Front,KeyLog,KeyboardUI/Update,"{""c"":""L"",""position"":{""x"":0.0,""y"":0.0},""angle"":3.1415927410125734,""size_dots"":{""x"":0.0,""y"":0.0},""size_mm"":10.0}"
2025/12/01 20:34:08:927232,Front,KeyLog,KeyboardUI/Update,"{""c"":""Z"",""position"":{""x"":0.0,""y"":0.0},""angle"":3.1415927410125734,""size_dots"":{""x"":0.0,""y"":0.0},""size_mm"":10.0}"
2025/12/01 20:34:08:928245,Front,KeyLog,KeyboardUI/Update,"{""c"":""X"",""position"":{""x"":0.0,""y"":0.0},""angle"":3.1415927410125734,""size_dots"":{""x"":0.0,""y"":0.0},""size_mm"":10.0}"
2025/12/01 20:34:08:928245,Front,KeyLog,KeyboardUI/Update,"{""c"":""C"",""position"":{""x"":0.0,""y"":0.0},""angle"":3.1415927410125734,""size_dots"":{""x"":0.0,""y"":0.0},""size_mm"":10.0}"
2025/12/01 20:34:08:929260,Front,KeyLog,KeyboardUI/Update,"{""c"":""V"",""position"":{""x"":0.0,""y"":0.0},""angle"":3.1415927410125734,""size_dots"":{""x"":0.0,""y"":0.0},""size_mm"":10.0}"
2025/12/01 20:34:08:929260,Front,KeyLog,KeyboardUI/Update,"{""c"":""B"",""position"":{""x"":0.0,""y"":0.0},""angle"":3.1415927410125734,""size_dots"":{""x"":0.0,""y"":0.0},""size_mm"":10.0}"
2025/12/01 20:34:08:929260,Front,KeyLog,KeyboardUI/Update,"{""c"":""N"",""position"":{""x"":0.0,""y"":0.0},""angle"":3.1415927410125734,""size_dots"":{""x"":0.0,""y"":0.0},""size_mm"":10.0}"
2025/12/01 20:34:08:929260,Front,KeyLog,KeyboardUI/Update,"{""c"":""M"",""position"":{""x"":0.0,""y"":0.0},""angle"":3.1415927410125734,""size_dots"":{""x"":0.0,""y"":0.0},""size_mm"":10.0}"
2025/12/01 20:34:08:929260,Front,KeyLog,KeyboardUI/Update,"{""c"":""#"",""position"":{""x"":0.0,""y"":0.0},""angle"":3.1415927410125734,""size_dots"":{""x"":0.0,""y"":0.0},""size_mm"":13.800000190734864}"
2025/12/01 20:34:08:929260,Front,KeyLog,KeyboardUI/Update,"{""c"":""&"",""position"":{""x"":0.0,""y"":0.0},""angle"":3.1415927410125734,""size_dots"":{""x"":0.0,""y"":0.0},""size_mm"":13.800000190734864}"
2025/12/01 20:34:08:930270,Front,KeyLog,KeyboardUI/Update,"{""c"":""%"",""position"":{""x"":0.0,""y"":0.0},""angle"":3.1415927410125734,""size_dots"":{""x"":0.0,""y"":0.0},""size_mm"":13.800000190734864}"
2025/12/01 20:34:08:943470,Front,ARMarkerLog,ARMarkerDetector/Update,"{""position"":[0.0,0.0],""angle"":0.0}"
2025/12/01 20:34:08:957640,Front,KeyLog,KeyboardUI/Update,"{""c"":""Q"",""position"":{""x"":0.0,""y"":0.0},""angle"":3.1415927410125734,""size_dots"":{""x"":0.0,""y"":0.0},""size_mm"":10.0}"
2025/12/01 20:34:08:959662,Front,KeyLog,KeyboardUI/Update,"{""c"":""W"",""position"":{""x"":0.0,""y"":0.0},""angle"":3.1415927410125734,""size_dots"":{""x"":0.0,""y"":0.0},""size_mm"":10.0}"
2025/12/01 20:34:08:961681,Front,KeyLog,KeyboardUI/Update,"{""c"":""E"",""position"":{""x"":0.0,""y"":0.0},""angle"":3.1415927410125734,""size_dots"":{""x"":0.0,""y"":0.0},""size_mm"":10.0}"
2025/12/01 20:34:08:961681,Front,KeyLog,KeyboardUI/Update,"{""c"":""R"",""position"":{""x"":0.0,""y"":0.0},""angle"":3.1415927410125734,""size_dots"":{""x"":0.0,""y"":0.0},""size_mm"":10.0}"
2025/12/01 20:34:08:961681,Front,KeyLog,KeyboardUI/Update,"{""c"":""T"",""position"":{""x"":0.0,""y"":0.0},""angle"":3.1415927410125734,""size_dots"":{""x"":0.0,""y"":0.0},""size_mm"":10.0}"
2025/12/01 20:34:08:962692,Front,KeyLog,KeyboardUI/Update,"{""c"":""Y"",""position"":{""x"":0.0,""y"":0.0},""angle"":3.1415927410125734,""size_dots"":{""x"":0.0,""y"":0.0},""size_mm"":10.0}"
2025/12/01 20:34:08:962692,Front,KeyLog,KeyboardUI/Update,"{""c"":""U"",""position"":{""x"":0.0,""y"":0.0},""angle"":3.1415927410125734,""size_dots"":{""x"":0.0,""y"":0.0},""size_mm"":10.0}"
2025/12/01 20:34:08:962692,Front,KeyLog,KeyboardUI/Update,"{""c"":""I"",""position"":{""x"":0.0,""y"":0.0},""angle"":3.1415927410125734,""size_dots"":{""x"":0.0,""y"":0.0},""size_mm"":10.0}"
2025/12/01 20:34:08:963700,Front,KeyLog,KeyboardUI/Update,"{""c"":""O"",""position"":{""x"":0.0,""y"":0.0},""angle"":3.1415927410125734,""size_dots"":{""x"":0.0,""y"":0.0},""size_mm"":10.0}"
2025/12/01 20:34:08:963700,Front,KeyLog,KeyboardUI/Update,"{""c"":""P"",""position"":{""x"":0.0,""y"":0.0},""angle"":3.1415927410125734,""size_dots"":{""x"":0.0,""y"":0.0},""size_mm"":10.0}"
2025/12/01 20:34:08:963700,Front,KeyLog,KeyboardUI/Update,"{""c"":""A"",""position"":{""x"":0.0,""y"":0.0},""angle"":3.1415927410125734,""size_dots"":{""x"":0.0,""y"":0.0},""size_mm"":10.0}"
2025/12/01 20:34:08:963700,Front,KeyLog,KeyboardUI/Update,"{""c"":""S"",""position"":{""x"":0.0,""y"":0.0},""angle"":3.1415927410125734,""size_dots"":{""x"":0.0,""y"":0.0},""size_mm"":10.0}"
2025/12/01 20:34:08:964715,Front,KeyLog,KeyboardUI/Update,"{""c"":""D"",""position"":{""x"":0.0,""y"":0.0},""angle"":3.1415927410125734,""size_dots"":{""x"":0.0,""y"":0.0},""size_mm"":10.0}"
2025/12/01 20:34:08:965724,Front,KeyLog,KeyboardUI/Update,"{""c"":""F"",""position"":{""x"":0.0,""y"":0.0},""angle"":3.1415927410125734,""size_dots"":{""x"":0.0,""y"":0.0},""size_mm"":10.0}"
2025/12/01 20:34:08:965724,Front,KeyLog,KeyboardUI/Update,"{""c"":""G"",""position"":{""x"":0.0,""y"":0.0},""angle"":3.1415927410125734,""size_dots"":{""x"":0.0,""y"":0.0},""size_mm"":10.0}"
2025/12/01 20:34:08:965724,Front,KeyLog,KeyboardUI/Update,"{""c"":""H"",""position"":{""x"":0.0,""y"":0.0},""angle"":3.1415927410125734,""size_dots"":{""x"":0.0,""y"":0.0},""size_mm"":10.0}"
2025/12/01 20:34:08:967226,Front,KeyLog,KeyboardUI/Update,"{""c"":""J"",""position"":{""x"":0.0,""y"":0.0},""angle"":3.1415927410125734,""size_dots"":{""x"":0.0,""y"":0.0},""size_mm"":10.0}"
2025/12/01 20:34:08:968236,Front,KeyLog,KeyboardUI/Update,"{""c"":""K"",""position"":{""x"":0.0,""y"":0.0},""angle"":3.1415927410125734,""size_dots"":{""x"":0.0,""y"":0.0},""size_mm"":10.0}"
2025/12/01 20:34:08:969243,Front,KeyLog,KeyboardUI/Update,"{""c"":""L"",""position"":{""x"":0.0,""y"":0.0},""angle"":3.1415927410125734,""size_dots"":{""x"":0.0,""y"":0.0},""size_mm"":10.0}"
2025/12/01 20:34:08:969243,Front,KeyLog,KeyboardUI/Update,"{""c"":""Z"",""position"":{""x"":0.0,""y"":0.0},""angle"":3.1415927410125734,""size_dots"":{""x"":0.0,""y"":0.0},""size_mm"":10.0}"
2025/12/01 20:34:08:970252,Front,KeyLog,KeyboardUI/Update,"{""c"":""X"",""position"":{""x"":0.0,""y"":0.0},""angle"":3.1415927410125734,""size_dots"":{""x"":0.0,""y"":0.0},""size_mm"":10.0}"
2025/12/01 20:34:08:971261,Front,KeyLog,KeyboardUI/Update,"{""c"":""C"",""position"":{""x"":0.0,""y"":0.0},""angle"":3.1415927410125734,""size_dots"":{""x"":0.0,""y"":0.0},""size_mm"":10.0}"
2025/12/01 20:34:08:972285,Front,KeyLog,KeyboardUI/Update,"{""c"":""V"",""position"":{""x"":0.0,""y"":0.0},""angle"":3.1415927410125734,""size_dots"":{""x"":0.0,""y"":0.0},""size_mm"":10.0}"
2025/12/01 20:34:08:973296,Front,KeyLog,KeyboardUI/Update,"{""c"":""B"",""position"":{""x"":0.0,""y"":0.0},""angle"":3.1415927410125734,""size_dots"":{""x"":0.0,""y"":0.0},""size_mm"":10.0}"
2025/12/01 20:34:08:974305,Front,KeyLog,KeyboardUI/Update,"{""c"":""N"",""position"":{""x"":0.0,""y"":0.0},""angle"":3.1415927410125734,""size_dots"":{""x"":0.0,""y"":0.0},""size_mm"":10.0}"
2025/12/01 20:34:08:975317,Front,KeyLog,KeyboardUI/Update,"{""c"":""M"",""position"":{""x"":0.0,""y"":0.0},""angle"":3.1415927410125734,""size_dots"":{""x"":0.0,""y"":0.0},""size_mm"":10.0}"
2025/12/01 20:34:08:976837,Front,KeyLog,KeyboardUI/Update,"{""c"":""#"",""position"":{""x"":0.0,""y"":0.0},""angle"":3.1415927410125734,""size_dots"":{""x"":0.0,""y"":0.0},""size_mm"":13.800000190734864}"
2025/12/01 20:34:08:977351,Front,KeyLog,KeyboardUI/Update,"{""c"":""&"",""position"":{""x"":0.0,""y"":0.0},""angle"":3.1415927410125734,""size_dots"":{""x"":0.0,""y"":0.0},""size_mm"":13.800000190734864}"
2025/12/01 20:34:08:978361,Front,KeyLog,KeyboardUI/Update,"{""c"":""%"",""position"":{""x"":0.0,""y"":0.0},""angle"":3.1415927410125734,""size_dots"":{""x"":0.0,""y"":0.0},""size_mm"":13.800000190734864}"
2025/12/01 20:34:09:012269,Front,ARMarkerLog,ARMarkerDetector/Update,"{""position"":[0.0,0.0],""angle"":0.0}"
2025/12/01 20:34:09:021434,Front,KeyLog,KeyboardUI/Update,"{""c"":""Q"",""position"":{""x"":0.0,""y"":0.0},""angle"":3.1415927410125734,""size_dots"":{""x"":0.0,""y"":0.0},""size_mm"":10.0}"
2025/12/01 20:34:09:023453,Front,KeyLog,KeyboardUI/Update,"{""c"":""W"",""position"":{""x"":0.0,""y"":0.0},""angle"":3.1415927410125734,""size_dots"":{""x"":0.0,""y"":0.0},""size_mm"":10.0}"
2025/12/01 20:34:09:024468,Front,KeyLog,KeyboardUI/Update,"{""c"":""E"",""position"":{""x"":0.0,""y"":0.0},""angle"":3.1415927410125734,""size_dots"":{""x"":0.0,""y"":0.0},""size_mm"":10.0}"
2025/12/01 20:34:09:025477,Front,KeyLog,KeyboardUI/Update,"{""c"":""R"",""position"":{""x"":0.0,""y"":0.0},""angle"":3.1415927410125734,""size_dots"":{""x"":0.0,""y"":0.0},""size_mm"":10.0}"
2025/12/01 20:34:09:025477,Front,KeyLog,KeyboardUI/Update,"{""c"":""T"",""position"":{""x"":0.0,""y"":0.0},""angle"":3.1415927410125734,""size_dots"":{""x"":0.0,""y"":0.0},""size_mm"":10.0}"
2025/12/01 20:34:09:026979,Front,KeyLog,KeyboardUI/Update,"{""c"":""Y"",""position"":{""x"":0.0,""y"":0.0},""angle"":3.1415927410125734,""size_dots"":{""x"":0.0,""y"":0.0},""size_mm"":10.0}"
2025/12/01 20:34:09:027988,Front,KeyLog,KeyboardUI/Update,"{""c"":""U"",""position"":{""x"":0.0,""y"":0.0},""angle"":3.1415927410125734,""size_dots"":{""x"":0.0,""y"":0.0},""size_mm"":10.0}"
2025/12/01 20:34:09:027988,Front,KeyLog,KeyboardUI/Update,"{""c"":""I"",""position"":{""x"":0.0,""y"":0.0},""angle"":3.1415927410125734,""size_dots"":{""x"":0.0,""y"":0.0},""size_mm"":10.0}"
2025/12/01 20:34:09:029008,Front,KeyLog,KeyboardUI/Update,"{""c"":""O"",""position"":{""x"":0.0,""y"":0.0},""angle"":3.1415927410125734,""size_dots"":{""x"":0.0,""y"":0.0},""size_mm"":10.0}"
2025/12/01 20:34:09:029008,Front,KeyLog,KeyboardUI/Update,"{""c"":""P"",""position"":{""x"":0.0,""y"":0.0},""angle"":3.1415927410125734,""size_dots"":{""x"":0.0,""y"":0.0},""size_mm"":10.0}"
2025/12/01 20:34:09:030017,Front,KeyLog,KeyboardUI/Update,"{""c"":""A"",""position"":{""x"":0.0,""y"":0.0},""angle"":3.1415927410125734,""size_dots"":{""x"":0.0,""y"":0.0},""size_mm"":10.0}"
2025/12/01 20:34:09:031026,Front,KeyLog,KeyboardUI/Update,"{""c"":""S"",""position"":{""x"":0.0,""y"":0.0},""angle"":3.1415927410125734,""size_dots"":{""x"":0.0,""y"":0.0},""size_mm"":10.0}"
2025/12/01 20:34:09:031026,Front,KeyLog,KeyboardUI/Update,"{""c"":""D"",""position"":{""x"":0.0,""y"":0.0},""angle"":3.1415927410125734,""size_dots"":{""x"":0.0,""y"":0.0},""size_mm"":10.0}"
2025/12/01 20:34:09:032038,Front,KeyLog,KeyboardUI/Update,"{""c"":""F"",""position"":{""x"":0.0,""y"":0.0},""angle"":3.1415927410125734,""size_dots"":{""x"":0.0,""y"":0.0},""size_mm"":10.0}"
2025/12/01 20:34:09:033068,Front,KeyLog,KeyboardUI/Update,"{""c"":""G"",""position"":{""x"":0.0,""y"":0.0},""angle"":3.1415927410125734,""size_dots"":{""x"":0.0,""y"":0.0},""size_mm"":10.0}"
2025/12/01 20:34:09:034078,Front,KeyLog,KeyboardUI/Update,"{""c"":""H"",""position"":{""x"":0.0,""y"":0.0},""angle"":3.1415927410125734,""size_dots"":{""x"":0.0,""y"":0.0},""size_mm"":10.0}"
2025/12/01 20:34:09:035090,Front,KeyLog,KeyboardUI/Update,"{""c"":""J"",""position"":{""x"":0.0,""y"":0.0},""angle"":3.1415927410125734,""size_dots"":{""x"":0.0,""y"":0.0},""size_mm"":10.0}"
2025/12/01 20:34:09:036099,Front,KeyLog,KeyboardUI/Update,"{""c"":""K"",""position"":{""x"":0.0,""y"":0.0},""angle"":3.1415927410125734,""size_dots"":{""x"":0.0,""y"":0.0},""size_mm"":10.0}"
2025/12/01 20:34:09:036609,Front,KeyLog,KeyboardUI/Update,"{""c"":""L"",""position"":{""x"":0.0,""y"":0.0},""angle"":3.1415927410125734,""size_dots"":{""x"":0.0,""y"":0.0},""size_mm"":10.0}"
2025/12/01 20:34:09:037115,Front,KeyLog,KeyboardUI/Update,"{""c"":""Z"",""position"":{""x"":0.0,""y"":0.0},""angle"":3.1415927410125734,""size_dots"":{""x"":0.0,""y"":0.0},""size_mm"":10.0}"
2025/12/01 20:34:09:038124,Front,KeyLog,KeyboardUI/Update,"{""c"":""X"",""position"":{""x"":0.0,""y"":0.0},""angle"":3.1415927410125734,""size_dots"":{""x"":0.0,""y"":0.0},""size_mm"":10.0}"
2025/12/01 20:34:09:038124,Front,KeyLog,KeyboardUI/Update,"{""c"":""C"",""position"":{""x"":0.0,""y"":0.0},""angle"":3.1415927410125734,""size_dots"":{""x"":0.0,""y"":0.0},""size_mm"":10.0}"
2025/12/01 20:34:09:039141,Front,KeyLog,KeyboardUI/Update,"{""c"":""V"",""position"":{""x"":0.0,""y"":0.0},""angle"":3.1415927410125734,""size_dots"":{""x"":0.0,""y"":0.0},""size_mm"":10.0}"
2025/12/01 20:34:09:040148,Front,KeyLog,KeyboardUI/Update,"{""c"":""B"",""position"":{""x"":0.0,""y"":0.0},""angle"":3.1415927410125734,""size_dots"":{""x"":0.0,""y"":0.0},""size_mm"":10.0}"
2025/12/01 20:34:09:040148,Front,KeyLog,KeyboardUI/Update,"{""c"":""N"",""position"":{""x"":0.0,""y"":0.0},""angle"":3.1415927410125734,""size_dots"":{""x"":0.0,""y"":0.0},""size_mm"":10.0}"
2025/12/01 20:34:09:041187,Front,KeyLog,KeyboardUI/Update,"{""c"":""M"",""position"":{""x"":0.0,""y"":0.0},""angle"":3.1415927410125734,""size_dots"":{""x"":0.0,""y"":0.0},""size_mm"":10.0}"
2025/12/01 20:34:09:041187,Front,KeyLog,KeyboardUI/Update,"{""c"":""#"",""position"":{""x"":0.0,""y"":0.0},""angle"":3.1415927410125734,""size_dots"":{""x"":0.0,""y"":0.0},""size_mm"":13.800000190734864}"
2025/12/01 20:34:09:042196,Front,KeyLog,KeyboardUI/Update,"{""c"":""&"",""position"":{""x"":0.0,""y"":0.0},""angle"":3.1415927410125734,""size_dots"":{""x"":0.0,""y"":0.0},""size_mm"":13.800000190734864}"
2025/12/01 20:34:09:043699,Front,KeyLog,KeyboardUI/Update,"{""c"":""%"",""position"":{""x"":0.0,""y"":0.0},""angle"":3.1415927410125734,""size_dots"":{""x"":0.0,""y"":0.0},""size_mm"":13.800000190734864}"
2025/12/01 20:34:09:067026,Front,ARMarkerLog,ARMarkerDetector/Update,"{""position"":[0.0,0.0],""angle"":0.0}"
2025/12/01 20:34:09:081216,Front,KeyLog,KeyboardUI/Update,"{""c"":""Q"",""position"":{""x"":0.0,""y"":0.0},""angle"":3.1415927410125734,""size_dots"":{""x"":0.0,""y"":0.0},""size_mm"":10.0}"
2025/12/01 20:34:09:082227,Front,KeyLog,KeyboardUI/Update,"{""c"":""W"",""position"":{""x"":0.0,""y"":0.0},""angle"":3.1415927410125734,""size_dots"":{""x"":0.0,""y"":0.0},""size_mm"":10.0}"
2025/12/01 20:34:09:082227,Front,KeyLog,KeyboardUI/Update,"{""c"":""E"",""position"":{""x"":0.0,""y"":0.0},""angle"":3.1415927410125734,""size_dots"":{""x"":0.0,""y"":0.0},""size_mm"":10.0}"
2025/12/01 20:34:09:082227,Front,KeyLog,KeyboardUI/Update,"{""c"":""R"",""position"":{""x"":0.0,""y"":0.0},""angle"":3.1415927410125734,""size_dots"":{""x"":0.0,""y"":0.0},""size_mm"":10.0}"
2025/12/01 20:34:09:082227,Front,KeyLog,KeyboardUI/Update,"{""c"":""T"",""position"":{""x"":0.0,""y"":0.0},""angle"":3.1415927410125734,""size_dots"":{""x"":0.0,""y"":0.0},""size_mm"":10.0}"
2025/12/01 20:34:09:083239,Front,KeyLog,KeyboardUI/Update,"{""c"":""Y"",""position"":{""x"":0.0,""y"":0.0},""angle"":3.1415927410125734,""size_dots"":{""x"":0.0,""y"":0.0},""size_mm"":10.0}"
2025/12/01 20:34:09:083239,Front,KeyLog,KeyboardUI/Update,"{""c"":""U"",""position"":{""x"":0.0,""y"":0.0},""angle"":3.1415927410125734,""size_dots"":{""x"":0.0,""y"":0.0},""size_mm"":10.0}"
2025/12/01 20:34:09:083239,Front,KeyLog,KeyboardUI/Update,"{""c"":""I"",""position"":{""x"":0.0,""y"":0.0},""angle"":3.1415927410125734,""size_dots"":{""x"":0.0,""y"":0.0},""size_mm"":10.0}"
2025/12/01 20:34:09:083239,Front,KeyLog,KeyboardUI/Update,"{""c"":""O"",""position"":{""x"":0.0,""y"":0.0},""angle"":3.1415927410125734,""size_dots"":{""x"":0.0,""y"":0.0},""size_mm"":10.0}"
2025/12/01 20:34:09:084249,Front,KeyLog,KeyboardUI/Update,"{""c"":""P"",""position"":{""x"":0.0,""y"":0.0},""angle"":3.1415927410125734,""size_dots"":{""x"":0.0,""y"":0.0},""size_mm"":10.0}"
2025/12/01 20:34:09:084249,Front,KeyLog,KeyboardUI/Update,"{""c"":""A"",""position"":{""x"":0.0,""y"":0.0},""angle"":3.1415927410125734,""size_dots"":{""x"":0.0,""y"":0.0},""size_mm"":10.0}"
2025/12/01 20:34:09:084249,Front,KeyLog,KeyboardUI/Update,"{""c"":""S"",""position"":{""x"":0.0,""y"":0.0},""angle"":3.1415927410125734,""size_dots"":{""x"":0.0,""y"":0.0},""size_mm"":10.0}"
2025/12/01 20:34:09:085260,Front,KeyLog,KeyboardUI/Update,"{""c"":""D"",""position"":{""x"":0.0,""y"":0.0},""angle"":3.1415927410125734,""size_dots"":{""x"":0.0,""y"":0.0},""size_mm"":10.0}"
2025/12/01 20:34:09:085260,Front,KeyLog,KeyboardUI/Update,"{""c"":""F"",""position"":{""x"":0.0,""y"":0.0},""angle"":3.1415927410125734,""size_dots"":{""x"":0.0,""y"":0.0},""size_mm"":10.0}"
2025/12/01 20:34:09:085260,Front,KeyLog,KeyboardUI/Update,"{""c"":""G"",""position"":{""x"":0.0,""y"":0.0},""angle"":3.1415927410125734,""size_dots"":{""x"":0.0,""y"":0.0},""size_mm"":10.0}"
2025/12/01 20:34:09:086778,Front,KeyLog,KeyboardUI/Update,"{""c"":""H"",""position"":{""x"":0.0,""y"":0.0},""angle"":3.1415927410125734,""size_dots"":{""x"":0.0,""y"":0.0},""size_mm"":10.0}"
2025/12/01 20:34:09:086778,Front,KeyLog,KeyboardUI/Update,"{""c"":""J"",""position"":{""x"":0.0,""y"":0.0},""angle"":3.1415927410125734,""size_dots"":{""x"":0.0,""y"":0.0},""size_mm"":10.0}"
2025/12/01 20:34:09:086778,Front,KeyLog,KeyboardUI/Update,"{""c"":""K"",""position"":{""x"":0.0,""y"":0.0},""angle"":3.1415927410125734,""size_dots"":{""x"":0.0,""y"":0.0},""size_mm"":10.0}"
2025/12/01 20:34:09:087286,Front,KeyLog,KeyboardUI/Update,"{""c"":""L"",""position"":{""x"":0.0,""y"":0.0},""angle"":3.1415927410125734,""size_dots"":{""x"":0.0,""y"":0.0},""size_mm"":10.0}"
2025/12/01 20:34:09:088298,Front,KeyLog,KeyboardUI/Update,"{""c"":""Z"",""position"":{""x"":0.0,""y"":0.0},""angle"":3.1415927410125734,""size_dots"":{""x"":0.0,""y"":0.0},""size_mm"":10.0}"
2025/12/01 20:34:09:088298,Front,KeyLog,KeyboardUI/Update,"{""c"":""X"",""position"":{""x"":0.0,""y"":0.0},""angle"":3.1415927410125734,""size_dots"":{""x"":0.0,""y"":0.0},""size_mm"":10.0}"
2025/12/01 20:34:09:088298,Front,KeyLog,KeyboardUI/Update,"{""c"":""C"",""position"":{""x"":0.0,""y"":0.0},""angle"":3.1415927410125734,""size_dots"":{""x"":0.0,""y"":0.0},""size_mm"":10.0}"
2025/12/01 20:34:09:088298,Front,KeyLog,KeyboardUI/Update,"{""c"":""V"",""position"":{""x"":0.0,""y"":0.0},""angle"":3.1415927410125734,""size_dots"":{""x"":0.0,""y"":0.0},""size_mm"":10.0}"
2025/12/01 20:34:09:089309,Front,KeyLog,KeyboardUI/Update,"{""c"":""B"",""position"":{""x"":0.0,""y"":0.0},""angle"":3.1415927410125734,""size_dots"":{""x"":0.0,""y"":0.0},""size_mm"":10.0}"
2025/12/01 20:34:09:089309,Front,KeyLog,KeyboardUI/Update,"{""c"":""N"",""position"":{""x"":0.0,""y"":0.0},""angle"":3.1415927410125734,""size_dots"":{""x"":0.0,""y"":0.0},""size_mm"":10.0}"
2025/12/01 20:34:09:090329,Front,KeyLog,KeyboardUI/Update,"{""c"":""M"",""position"":{""x"":0.0,""y"":0.0},""angle"":3.1415927410125734,""size_dots"":{""x"":0.0,""y"":0.0},""size_mm"":10.0}"
2025/12/01 20:34:09:090329,Front,KeyLog,KeyboardUI/Update,"{""c"":""#"",""position"":{""x"":0.0,""y"":0.0},""angle"":3.1415927410125734,""size_dots"":{""x"":0.0,""y"":0.0},""size_mm"":13.800000190734864}"
2025/12/01 20:34:09:090329,Front,KeyLog,KeyboardUI/Update,"{""c"":""&"",""position"":{""x"":0.0,""y"":0.0},""angle"":3.1415927410125734,""size_dots"":{""x"":0.0,""y"":0.0},""size_mm"":13.800000190734864}"
2025/12/01 20:34:09:090329,Front,KeyLog,KeyboardUI/Update,"{""c"":""%"",""position"":{""x"":0.0,""y"":0.0},""angle"":3.1415927410125734,""size_dots"":{""x"":0.0,""y"":0.0},""size_mm"":13.800000190734864}"
2025/12/01 20:34:09:101516,Front,ARMarkerLog,ARMarkerDetector/Update,"{""position"":[0.0,0.0],""angle"":0.0}"
2025/12/01 20:34:09:117206,Front,KeyLog,KeyboardUI/Update,"{""c"":""Q"",""position"":{""x"":0.0,""y"":0.0},""angle"":3.1415927410125734,""size_dots"":{""x"":0.0,""y"":0.0},""size_mm"":10.0}"
2025/12/01 20:34:09:118215,Front,KeyLog,KeyboardUI/Update,"{""c"":""W"",""position"":{""x"":0.0,""y"":0.0},""angle"":3.1415927410125734,""size_dots"":{""x"":0.0,""y"":0.0},""size_mm"":10.0}"
2025/12/01 20:34:09:119225,Front,KeyLog,KeyboardUI/Update,"{""c"":""E"",""position"":{""x"":0.0,""y"":0.0},""angle"":3.1415927410125734,""size_dots"":{""x"":0.0,""y"":0.0},""size_mm"":10.0}"
2025/12/01 20:34:09:120237,Front,KeyLog,KeyboardUI/Update,"{""c"":""R"",""position"":{""x"":0.0,""y"":0.0},""angle"":3.1415927410125734,""size_dots"":{""x"":0.0,""y"":0.0},""size_mm"":10.0}"
2025/12/01 20:34:09:121250,Front,KeyLog,KeyboardUI/Update,"{""c"":""T"",""position"":{""x"":0.0,""y"":0.0},""angle"":3.1415927410125734,""size_dots"":{""x"":0.0,""y"":0.0},""size_mm"":10.0}"
2025/12/01 20:34:09:122260,Front,KeyLog,KeyboardUI/Update,"{""c"":""Y"",""position"":{""x"":0.0,""y"":0.0},""angle"":3.1415927410125734,""size_dots"":{""x"":0.0,""y"":0.0},""size_mm"":10.0}"
2025/12/01 20:34:09:123269,Front,KeyLog,KeyboardUI/Update,"{""c"":""U"",""position"":{""x"":0.0,""y"":0.0},""angle"":3.1415927410125734,""size_dots"":{""x"":0.0,""y"":0.0},""size_mm"":10.0}"
2025/12/01 20:34:09:124284,Front,KeyLog,KeyboardUI/Update,"{""c"":""I"",""position"":{""x"":0.0,""y"":0.0},""angle"":3.1415927410125734,""size_dots"":{""x"":0.0,""y"":0.0},""size_mm"":10.0}"
2025/12/01 20:34:09:125319,Front,KeyLog,KeyboardUI/Update,"{""c"":""O"",""position"":{""x"":0.0,""y"":0.0},""angle"":3.1415927410125734,""size_dots"":{""x"":0.0,""y"":0.0},""size_mm"":10.0}"
2025/12/01 20:34:09:127347,Front,KeyLog,KeyboardUI/Update,"{""c"":""P"",""position"":{""x"":0.0,""y"":0.0},""angle"":3.1415927410125734,""size_dots"":{""x"":0.0,""y"":0.0},""size_mm"":10.0}"
2025/12/01 20:34:09:128388,Front,KeyLog,KeyboardUI/Update,"{""c"":""A"",""position"":{""x"":0.0,""y"":0.0},""angle"":3.1415927410125734,""size_dots"":{""x"":0.0,""y"":0.0},""size_mm"":10.0}"
2025/12/01 20:34:09:129396,Front,KeyLog,KeyboardUI/Update,"{""c"":""S"",""position"":{""x"":0.0,""y"":0.0},""angle"":3.1415927410125734,""size_dots"":{""x"":0.0,""y"":0.0},""size_mm"":10.0}"
2025/12/01 20:34:09:130405,Front,KeyLog,KeyboardUI/Update,"{""c"":""D"",""position"":{""x"":0.0,""y"":0.0},""angle"":3.1415927410125734,""size_dots"":{""x"":0.0,""y"":0.0},""size_mm"":10.0}"
2025/12/01 20:34:09:131422,Front,KeyLog,KeyboardUI/Update,"{""c"":""F"",""position"":{""x"":0.0,""y"":0.0},""angle"":3.1415927410125734,""size_dots"":{""x"":0.0,""y"":0.0},""size_mm"":10.0}"
2025/12/01 20:34:09:132431,Front,KeyLog,KeyboardUI/Update,"{""c"":""G"",""position"":{""x"":0.0,""y"":0.0},""angle"":3.1415927410125734,""size_dots"":{""x"":0.0,""y"":0.0},""size_mm"":10.0}"
2025/12/01 20:34:09:133440,Front,KeyLog,KeyboardUI/Update,"{""c"":""H"",""position"":{""x"":0.0,""y"":0.0},""angle"":3.1415927410125734,""size_dots"":{""x"":0.0,""y"":0.0},""size_mm"":10.0}"
2025/12/01 20:34:09:134448,Front,KeyLog,KeyboardUI/Update,"{""c"":""J"",""position"":{""x"":0.0,""y"":0.0},""angle"":3.1415927410125734,""size_dots"":{""x"":0.0,""y"":0.0},""size_mm"":10.0}"
2025/12/01 20:34:09:135456,Front,KeyLog,KeyboardUI/Update,"{""c"":""K"",""position"":{""x"":0.0,""y"":0.0},""angle"":3.1415927410125734,""size_dots"":{""x"":0.0,""y"":0.0},""size_mm"":10.0}"
2025/12/01 20:34:09:135456,Front,KeyLog,KeyboardUI/Update,"{""c"":""L"",""position"":{""x"":0.0,""y"":0.0},""angle"":3.1415927410125734,""size_dots"":{""x"":0.0,""y"":0.0},""size_mm"":10.0}"
2025/12/01 20:34:09:136466,Front,KeyLog,KeyboardUI/Update,"{""c"":""Z"",""position"":{""x"":0.0,""y"":0.0},""angle"":3.1415927410125734,""size_dots"":{""x"":0.0,""y"":0.0},""size_mm"":10.0}"
2025/12/01 20:34:09:136466,Front,KeyLog,KeyboardUI/Update,"{""c"":""X"",""position"":{""x"":0.0,""y"":0.0},""angle"":3.1415927410125734,""size_dots"":{""x"":0.0,""y"":0.0},""size_mm"":10.0}"
2025/12/01 20:34:09:136466,Front,KeyLog,KeyboardUI/Update,"{""c"":""C"",""position"":{""x"":0.0,""y"":0.0},""angle"":3.1415927410125734,""size_dots"":{""x"":0.0,""y"":0.0},""size_mm"":10.0}"
2025/12/01 20:34:09:136466,Front,KeyLog,KeyboardUI/Update,"{""c"":""V"",""position"":{""x"":0.0,""y"":0.0},""angle"":3.1415927410125734,""size_dots"":{""x"":0.0,""y"":0.0},""size_mm"":10.0}"
2025/12/01 20:34:09:137475,Front,KeyLog,KeyboardUI/Update,"{""c"":""B"",""position"":{""x"":0.0,""y"":0.0},""angle"":3.1415927410125734,""size_dots"":{""x"":0.0,""y"":0.0},""size_mm"":10.0}"
2025/12/01 20:34:09:138486,Front,KeyLog,KeyboardUI/Update,"{""c"":""N"",""position"":{""x"":0.0,""y"":0.0},""angle"":3.1415927410125734,""size_dots"":{""x"":0.0,""y"":0.0},""size_mm"":10.0}"
2025/12/01 20:34:09:138486,Front,KeyLog,KeyboardUI/Update,"{""c"":""M"",""position"":{""x"":0.0,""y"":0.0},""angle"":3.1415927410125734,""size_dots"":{""x"":0.0,""y"":0.0},""size_mm"":10.0}"
2025/12/01 20:34:09:138486,Front,KeyLog,KeyboardUI/Update,"{""c"":""#"",""position"":{""x"":0.0,""y"":0.0},""angle"":3.1415927410125734,""size_dots"":{""x"":0.0,""y"":0.0},""size_mm"":13.800000190734864}"
2025/12/01 20:34:09:138486,Front,KeyLog,KeyboardUI/Update,"{""c"":""&"",""position"":{""x"":0.0,""y"":0.0},""angle"":3.1415927410125734,""size_dots"":{""x"":0.0,""y"":0.0},""size_mm"":13.800000190734864}"
2025/12/01 20:34:09:139496,Front,KeyLog,KeyboardUI/Update,"{""c"":""%"",""position"":{""x"":0.0,""y"":0.0},""angle"":3.1415927410125734,""size_dots"":{""x"":0.0,""y"":0.0},""size_mm"":13.800000190734864}"
2025/12/01 20:34:09:147162,Front,ARMarkerLog,ARMarkerDetector/Update,"{""position"":[0.0,0.0],""angle"":0.0}"
2025/12/01 20:34:09:154264,Front,KeyLog,KeyboardUI/Update,"{""c"":""Q"",""position"":{""x"":0.0,""y"":0.0},""angle"":3.1415927410125734,""size_dots"":{""x"":0.0,""y"":0.0},""size_mm"":10.0}"
2025/12/01 20:34:09:155275,Front,KeyLog,KeyboardUI/Update,"{""c"":""W"",""position"":{""x"":0.0,""y"":0.0},""angle"":3.1415927410125734,""size_dots"":{""x"":0.0,""y"":0.0},""size_mm"":10.0}"
2025/12/01 20:34:09:156323,Front,KeyLog,KeyboardUI/Update,"{""c"":""E"",""position"":{""x"":0.0,""y"":0.0},""angle"":3.1415927410125734,""size_dots"":{""x"":0.0,""y"":0.0},""size_mm"":10.0}"
2025/12/01 20:34:09:156323,Front,KeyLog,KeyboardUI/Update,"{""c"":""R"",""position"":{""x"":0.0,""y"":0.0},""angle"":3.1415927410125734,""size_dots"":{""x"":0.0,""y"":0.0},""size_mm"":10.0}"
2025/12/01 20:34:09:156323,Front,KeyLog,KeyboardUI/Update,"{""c"":""T"",""position"":{""x"":0.0,""y"":0.0},""angle"":3.1415927410125734,""size_dots"":{""x"":0.0,""y"":0.0},""size_mm"":10.0}"
2025/12/01 20:34:09:157344,Front,KeyLog,KeyboardUI/Update,"{""c"":""Y"",""position"":{""x"":0.0,""y"":0.0},""angle"":3.1415927410125734,""size_dots"":{""x"":0.0,""y"":0.0},""size_mm"":10.0}"
2025/12/01 20:34:09:157344,Front,KeyLog,KeyboardUI/Update,"{""c"":""U"",""position"":{""x"":0.0,""y"":0.0},""angle"":3.1415927410125734,""size_dots"":{""x"":0.0,""y"":0.0},""size_mm"":10.0}"
2025/12/01 20:34:09:157344,Front,KeyLog,KeyboardUI/Update,"{""c"":""I"",""position"":{""x"":0.0,""y"":0.0},""angle"":3.1415927410125734,""size_dots"":{""x"":0.0,""y"":0.0},""size_mm"":10.0}"
2025/12/01 20:34:09:158354,Front,KeyLog,KeyboardUI/Update,"{""c"":""O"",""position"":{""x"":0.0,""y"":0.0},""angle"":3.1415927410125734,""size_dots"":{""x"":0.0,""y"":0.0},""size_mm"":10.0}"
2025/12/01 20:34:09:158354,Front,KeyLog,KeyboardUI/Update,"{""c"":""P"",""position"":{""x"":0.0,""y"":0.0},""angle"":3.1415927410125734,""size_dots"":{""x"":0.0,""y"":0.0},""size_mm"":10.0}"
2025/12/01 20:34:09:158354,Front,KeyLog,KeyboardUI/Update,"{""c"":""A"",""position"":{""x"":0.0,""y"":0.0},""angle"":3.1415927410125734,""size_dots"":{""x"":0.0,""y"":0.0},""size_mm"":10.0}"
2025/12/01 20:34:09:159364,Front,KeyLog,KeyboardUI/Update,"{""c"":""S"",""position"":{""x"":0.0,""y"":0.0},""angle"":3.1415927410125734,""size_dots"":{""x"":0.0,""y"":0.0},""size_mm"":10.0}"
2025/12/01 20:34:09:159364,Front,KeyLog,KeyboardUI/Update,"{""c"":""D"",""position"":{""x"":0.0,""y"":0.0},""angle"":3.1415927410125734,""size_dots"":{""x"":0.0,""y"":0.0},""size_mm"":10.0}"
2025/12/01 20:34:09:159364,Front,KeyLog,KeyboardUI/Update,"{""c"":""F"",""position"":{""x"":0.0,""y"":0.0},""angle"":3.1415927410125734,""size_dots"":{""x"":0.0,""y"":0.0},""size_mm"":10.0}"
2025/12/01 20:34:09:160373,Front,KeyLog,KeyboardUI/Update,"{""c"":""G"",""position"":{""x"":0.0,""y"":0.0},""angle"":3.1415927410125734,""size_dots"":{""x"":0.0,""y"":0.0},""size_mm"":10.0}"
2025/12/01 20:34:09:160373,Front,KeyLog,KeyboardUI/Update,"{""c"":""H"",""position"":{""x"":0.0,""y"":0.0},""angle"":3.1415927410125734,""size_dots"":{""x"":0.0,""y"":0.0},""size_mm"":10.0}"
2025/12/01 20:34:09:161389,Front,KeyLog,KeyboardUI/Update,"{""c"":""J"",""position"":{""x"":0.0,""y"":0.0},""angle"":3.1415927410125734,""size_dots"":{""x"":0.0,""y"":0.0},""size_mm"":10.0}"
2025/12/01 20:34:09:161389,Front,KeyLog,KeyboardUI/Update,"{""c"":""K"",""position"":{""x"":0.0,""y"":0.0},""angle"":3.1415927410125734,""size_dots"":{""x"":0.0,""y"":0.0},""size_mm"":10.0}"
2025/12/01 20:34:09:161389,Front,KeyLog,KeyboardUI/Update,"{""c"":""L"",""position"":{""x"":0.0,""y"":0.0},""angle"":3.1415927410125734,""size_dots"":{""x"":0.0,""y"":0.0},""size_mm"":10.0}"
2025/12/01 20:34:09:161389,Front,KeyLog,KeyboardUI/Update,"{""c"":""Z"",""position"":{""x"":0.0,""y"":0.0},""angle"":3.1415927410125734,""size_dots"":{""x"":0.0,""y"":0.0},""size_mm"":10.0}"
2025/12/01 20:34:09:161389,Front,KeyLog,KeyboardUI/Update,"{""c"":""X"",""position"":{""x"":0.0,""y"":0.0},""angle"":3.1415927410125734,""size_dots"":{""x"":0.0,""y"":0.0},""size_mm"":10.0}"
2025/12/01 20:34:09:161389,Front,KeyLog,KeyboardUI/Update,"{""c"":""C"",""position"":{""x"":0.0,""y"":0.0},""angle"":3.1415927410125734,""size_dots"":{""x"":0.0,""y"":0.0},""size_mm"":10.0}"
2025/12/01 20:34:09:162406,Front,KeyLog,KeyboardUI/Update,"{""c"":""V"",""position"":{""x"":0.0,""y"":0.0},""angle"":3.1415927410125734,""size_dots"":{""x"":0.0,""y"":0.0},""size_mm"":10.0}"
2025/12/01 20:34:09:162406,Front,KeyLog,KeyboardUI/Update,"{""c"":""B"",""position"":{""x"":0.0,""y"":0.0},""angle"":3.1415927410125734,""size_dots"":{""x"":0.0,""y"":0.0},""size_mm"":10.0}"
2025/12/01 20:34:09:163420,Front,KeyLog,KeyboardUI/Update,"{""c"":""N"",""position"":{""x"":0.0,""y"":0.0},""angle"":3.1415927410125734,""size_dots"":{""x"":0.0,""y"":0.0},""size_mm"":10.0}"
2025/12/01 20:34:09:163420,Front,KeyLog,KeyboardUI/Update,"{""c"":""M"",""position"":{""x"":0.0,""y"":0.0},""angle"":3.1415927410125734,""size_dots"":{""x"":0.0,""y"":0.0},""size_mm"":10.0}"
2025/12/01 20:34:09:164437,Front,KeyLog,KeyboardUI/Update,"{""c"":""#"",""position"":{""x"":0.0,""y"":0.0},""angle"":3.1415927410125734,""size_dots"":{""x"":0.0,""y"":0.0},""size_mm"":13.800000190734864}"
2025/12/01 20:34:09:164437,Front,KeyLog,KeyboardUI/Update,"{""c"":""&"",""position"":{""x"":0.0,""y"":0.0},""angle"":3.1415927410125734,""size_dots"":{""x"":0.0,""y"":0.0},""size_mm"":13.800000190734864}"
2025/12/01 20:34:09:164437,Front,KeyLog,KeyboardUI/Update,"{""c"":""%"",""position"":{""x"":0.0,""y"":0.0},""angle"":3.1415927410125734,""size_dots"":{""x"":0.0,""y"":0.0},""size_mm"":13.800000190734864}"
2025/12/01 20:34:09:176653,Front,ARMarkerLog,ARMarkerDetector/Update,"{""position"":[0.0,0.0],""angle"":0.0}"
2025/12/01 20:34:09:189310,Front,KeyLog,KeyboardUI/Update,"{""c"":""Q"",""position"":{""x"":0.0,""y"":0.0},""angle"":3.1415927410125734,""size_dots"":{""x"":0.0,""y"":0.0},""size_mm"":10.0}"
2025/12/01 20:34:09:191365,Front,KeyLog,KeyboardUI/Update,"{""c"":""W"",""position"":{""x"":0.0,""y"":0.0},""angle"":3.1415927410125734,""size_dots"":{""x"":0.0,""y"":0.0},""size_mm"":10.0}"
2025/12/01 20:34:09:192376,Front,KeyLog,KeyboardUI/Update,"{""c"":""E"",""position"":{""x"":0.0,""y"":0.0},""angle"":3.1415927410125734,""size_dots"":{""x"":0.0,""y"":0.0},""size_mm"":10.0}"
2025/12/01 20:34:09:193394,Front,KeyLog,KeyboardUI/Update,"{""c"":""R"",""position"":{""x"":0.0,""y"":0.0},""angle"":3.1415927410125734,""size_dots"":{""x"":0.0,""y"":0.0},""size_mm"":10.0}"
2025/12/01 20:34:09:194405,Front,KeyLog,KeyboardUI/Update,"{""c"":""T"",""position"":{""x"":0.0,""y"":0.0},""angle"":3.1415927410125734,""size_dots"":{""x"":0.0,""y"":0.0},""size_mm"":10.0}"
2025/12/01 20:34:09:195414,Front,KeyLog,KeyboardUI/Update,"{""c"":""Y"",""position"":{""x"":0.0,""y"":0.0},""angle"":3.1415927410125734,""size_dots"":{""x"":0.0,""y"":0.0},""size_mm"":10.0}"
2025/12/01 20:34:09:196428,Front,KeyLog,KeyboardUI/Update,"{""c"":""U"",""position"":{""x"":0.0,""y"":0.0},""angle"":3.1415927410125734,""size_dots"":{""x"":0.0,""y"":0.0},""size_mm"":10.0}"
2025/12/01 20:34:09:197445,Front,KeyLog,KeyboardUI/Update,"{""c"":""I"",""position"":{""x"":0.0,""y"":0.0},""angle"":3.1415927410125734,""size_dots"":{""x"":0.0,""y"":0.0},""size_mm"":10.0}"
2025/12/01 20:34:09:198457,Front,KeyLog,KeyboardUI/Update,"{""c"":""O"",""position"":{""x"":0.0,""y"":0.0},""angle"":3.1415927410125734,""size_dots"":{""x"":0.0,""y"":0.0},""size_mm"":10.0}"
2025/12/01 20:34:09:198457,Front,KeyLog,KeyboardUI/Update,"{""c"":""P"",""position"":{""x"":0.0,""y"":0.0},""angle"":3.1415927410125734,""size_dots"":{""x"":0.0,""y"":0.0},""size_mm"":10.0}"
2025/12/01 20:34:09:199465,Front,KeyLog,KeyboardUI/Update,"{""c"":""A"",""position"":{""x"":0.0,""y"":0.0},""angle"":3.1415927410125734,""size_dots"":{""x"":0.0,""y"":0.0},""size_mm"":10.0}"
2025/12/01 20:34:09:200474,Front,KeyLog,KeyboardUI/Update,"{""c"":""S"",""position"":{""x"":0.0,""y"":0.0},""angle"":3.1415927410125734,""size_dots"":{""x"":0.0,""y"":0.0},""size_mm"":10.0}"
2025/12/01 20:34:09:200474,Front,KeyLog,KeyboardUI/Update,"{""c"":""D"",""position"":{""x"":0.0,""y"":0.0},""angle"":3.1415927410125734,""size_dots"":{""x"":0.0,""y"":0.0},""size_mm"":10.0}"
2025/12/01 20:34:09:201484,Front,KeyLog,KeyboardUI/Update,"{""c"":""F"",""position"":{""x"":0.0,""y"":0.0},""angle"":3.1415927410125734,""size_dots"":{""x"":0.0,""y"":0.0},""size_mm"":10.0}"
2025/12/01 20:34:09:202526,Front,KeyLog,KeyboardUI/Update,"{""c"":""G"",""position"":{""x"":0.0,""y"":0.0},""angle"":3.1415927410125734,""size_dots"":{""x"":0.0,""y"":0.0},""size_mm"":10.0}"
2025/12/01 20:34:09:203540,Front,KeyLog,KeyboardUI/Update,"{""c"":""H"",""position"":{""x"":0.0,""y"":0.0},""angle"":3.1415927410125734,""size_dots"":{""x"":0.0,""y"":0.0},""size_mm"":10.0}"
2025/12/01 20:34:09:204551,Front,KeyLog,KeyboardUI/Update,"{""c"":""J"",""position"":{""x"":0.0,""y"":0.0},""angle"":3.1415927410125734,""size_dots"":{""x"":0.0,""y"":0.0},""size_mm"":10.0}"
2025/12/01 20:34:09:205559,Front,KeyLog,KeyboardUI/Update,"{""c"":""K"",""position"":{""x"":0.0,""y"":0.0},""angle"":3.1415927410125734,""size_dots"":{""x"":0.0,""y"":0.0},""size_mm"":10.0}"
2025/12/01 20:34:09:206558,Front,KeyLog,KeyboardUI/Update,"{""c"":""L"",""position"":{""x"":0.0,""y"":0.0},""angle"":3.1415927410125734,""size_dots"":{""x"":0.0,""y"":0.0},""size_mm"":10.0}"
2025/12/01 20:34:09:207062,Front,KeyLog,KeyboardUI/Update,"{""c"":""Z"",""position"":{""x"":0.0,""y"":0.0},""angle"":3.1415927410125734,""size_dots"":{""x"":0.0,""y"":0.0},""size_mm"":10.0}"
2025/12/01 20:34:09:209084,Front,KeyLog,KeyboardUI/Update,"{""c"":""X"",""position"":{""x"":0.0,""y"":0.0},""angle"":3.1415927410125734,""size_dots"":{""x"":0.0,""y"":0.0},""size_mm"":10.0}"
2025/12/01 20:34:09:210093,Front,KeyLog,KeyboardUI/Update,"{""c"":""C"",""position"":{""x"":0.0,""y"":0.0},""angle"":3.1415927410125734,""size_dots"":{""x"":0.0,""y"":0.0},""size_mm"":10.0}"
2025/12/01 20:34:09:211106,Front,KeyLog,KeyboardUI/Update,"{""c"":""V"",""position"":{""x"":0.0,""y"":0.0},""angle"":3.1415927410125734,""size_dots"":{""x"":0.0,""y"":0.0},""size_mm"":10.0}"
2025/12/01 20:34:09:212118,Front,KeyLog,KeyboardUI/Update,"{""c"":""B"",""position"":{""x"":0.0,""y"":0.0},""angle"":3.1415927410125734,""size_dots"":{""x"":0.0,""y"":0.0},""size_mm"":10.0}"
2025/12/01 20:34:09:213130,Front,KeyLog,KeyboardUI/Update,"{""c"":""N"",""position"":{""x"":0.0,""y"":0.0},""angle"":3.1415927410125734,""size_dots"":{""x"":0.0,""y"":0.0},""size_mm"":10.0}"
2025/12/01 20:34:09:213130,Front,KeyLog,KeyboardUI/Update,"{""c"":""M"",""position"":{""x"":0.0,""y"":0.0},""angle"":3.1415927410125734,""size_dots"":{""x"":0.0,""y"":0.0},""size_mm"":10.0}"
2025/12/01 20:34:09:213130,Front,KeyLog,KeyboardUI/Update,"{""c"":""#"",""position"":{""x"":0.0,""y"":0.0},""angle"":3.1415927410125734,""size_dots"":{""x"":0.0,""y"":0.0},""size_mm"":13.800000190734864}"
2025/12/01 20:34:09:214147,Front,KeyLog,KeyboardUI/Update,"{""c"":""&"",""position"":{""x"":0.0,""y"":0.0},""angle"":3.1415927410125734,""size_dots"":{""x"":0.0,""y"":0.0},""size_mm"":13.800000190734864}"
2025/12/01 20:34:09:215159,Front,KeyLog,KeyboardUI/Update,"{""c"":""%"",""position"":{""x"":0.0,""y"":0.0},""angle"":3.1415927410125734,""size_dots"":{""x"":0.0,""y"":0.0},""size_mm"":13.800000190734864}"
2025/12/01 20:34:09:225302,Front,ARMarkerLog,ARMarkerDetector/Update,"{""position"":[0.0,0.0],""angle"":0.0}"
2025/12/01 20:34:09:241514,Front,KeyLog,KeyboardUI/Update,"{""c"":""Q"",""position"":{""x"":0.0,""y"":0.0},""angle"":3.1415927410125734,""size_dots"":{""x"":0.0,""y"":0.0},""size_mm"":10.0}"
2025/12/01 20:34:09:242525,Front,KeyLog,KeyboardUI/Update,"{""c"":""W"",""position"":{""x"":0.0,""y"":0.0},""angle"":3.1415927410125734,""size_dots"":{""x"":0.0,""y"":0.0},""size_mm"":10.0}"
2025/12/01 20:34:09:242525,Front,KeyLog,KeyboardUI/Update,"{""c"":""E"",""position"":{""x"":0.0,""y"":0.0},""angle"":3.1415927410125734,""size_dots"":{""x"":0.0,""y"":0.0},""size_mm"":10.0}"
2025/12/01 20:34:09:243548,Front,KeyLog,KeyboardUI/Update,"{""c"":""R"",""position"":{""x"":0.0,""y"":0.0},""angle"":3.1415927410125734,""size_dots"":{""x"":0.0,""y"":0.0},""size_mm"":10.0}"
2025/12/01 20:34:09:243548,Front,KeyLog,KeyboardUI/Update,"{""c"":""T"",""position"":{""x"":0.0,""y"":0.0},""angle"":3.1415927410125734,""size_dots"":{""x"":0.0,""y"":0.0},""size_mm"":10.0}"
2025/12/01 20:34:09:243548,Front,KeyLog,KeyboardUI/Update,"{""c"":""Y"",""position"":{""x"":0.0,""y"":0.0},""angle"":3.1415927410125734,""size_dots"":{""x"":0.0,""y"":0.0},""size_mm"":10.0}"
2025/12/01 20:34:09:243548,Front,KeyLog,KeyboardUI/Update,"{""c"":""U"",""position"":{""x"":0.0,""y"":0.0},""angle"":3.1415927410125734,""size_dots"":{""x"":0.0,""y"":0.0},""size_mm"":10.0}"
2025/12/01 20:34:09:243548,Front,KeyLog,KeyboardUI/Update,"{""c"":""I"",""position"":{""x"":0.0,""y"":0.0},""angle"":3.1415927410125734,""size_dots"":{""x"":0.0,""y"":0.0},""size_mm"":10.0}"
2025/12/01 20:34:09:243548,Front,KeyLog,KeyboardUI/Update,"{""c"":""O"",""position"":{""x"":0.0,""y"":0.0},""angle"":3.1415927410125734,""size_dots"":{""x"":0.0,""y"":0.0},""size_mm"":10.0}"
2025/12/01 20:34:09:243548,Front,KeyLog,KeyboardUI/Update,"{""c"":""P"",""position"":{""x"":0.0,""y"":0.0},""angle"":3.1415927410125734,""size_dots"":{""x"":0.0,""y"":0.0},""size_mm"":10.0}"
2025/12/01 20:34:09:243548,Front,KeyLog,KeyboardUI/Update,"{""c"":""A"",""position"":{""x"":0.0,""y"":0.0},""angle"":3.1415927410125734,""size_dots"":{""x"":0.0,""y"":0.0},""size_mm"":10.0}"
2025/12/01 20:34:09:245578,Front,KeyLog,KeyboardUI/Update,"{""c"":""S"",""position"":{""x"":0.0,""y"":0.0},""angle"":3.1415927410125734,""size_dots"":{""x"":0.0,""y"":0.0},""size_mm"":10.0}"
2025/12/01 20:34:09:245578,Front,KeyLog,KeyboardUI/Update,"{""c"":""D"",""position"":{""x"":0.0,""y"":0.0},""angle"":3.1415927410125734,""size_dots"":{""x"":0.0,""y"":0.0},""size_mm"":10.0}"
2025/12/01 20:34:09:245578,Front,KeyLog,KeyboardUI/Update,"{""c"":""F"",""position"":{""x"":0.0,""y"":0.0},""angle"":3.1415927410125734,""size_dots"":{""x"":0.0,""y"":0.0},""size_mm"":10.0}"
2025/12/01 20:34:09:245578,Front,KeyLog,KeyboardUI/Update,"{""c"":""G"",""position"":{""x"":0.0,""y"":0.0},""angle"":3.1415927410125734,""size_dots"":{""x"":0.0,""y"":0.0},""size_mm"":10.0}"
2025/12/01 20:34:09:245578,Front,KeyLog,KeyboardUI/Update,"{""c"":""H"",""position"":{""x"":0.0,""y"":0.0},""angle"":3.1415927410125734,""size_dots"":{""x"":0.0,""y"":0.0},""size_mm"":10.0}"
2025/12/01 20:34:09:245578,Front,KeyLog,KeyboardUI/Update,"{""c"":""J"",""position"":{""x"":0.0,""y"":0.0},""angle"":3.1415927410125734,""size_dots"":{""x"":0.0,""y"":0.0},""size_mm"":10.0}"
2025/12/01 20:34:09:245578,Front,KeyLog,KeyboardUI/Update,"{""c"":""K"",""position"":{""x"":0.0,""y"":0.0},""angle"":3.1415927410125734,""size_dots"":{""x"":0.0,""y"":0.0},""size_mm"":10.0}"
2025/12/01 20:34:09:245578,Front,KeyLog,KeyboardUI/Update,"{""c"":""L"",""position"":{""x"":0.0,""y"":0.0},""angle"":3.1415927410125734,""size_dots"":{""x"":0.0,""y"":0.0},""size_mm"":10.0}"
2025/12/01 20:34:09:247080,Front,KeyLog,KeyboardUI/Update,"{""c"":""Z"",""position"":{""x"":0.0,""y"":0.0},""angle"":3.1415927410125734,""size_dots"":{""x"":0.0,""y"":0.0},""size_mm"":10.0}"
2025/12/01 20:34:09:247080,Front,KeyLog,KeyboardUI/Update,"{""c"":""X"",""position"":{""x"":0.0,""y"":0.0},""angle"":3.1415927410125734,""size_dots"":{""x"":0.0,""y"":0.0},""size_mm"":10.0}"
2025/12/01 20:34:09:247080,Front,KeyLog,KeyboardUI/Update,"{""c"":""C"",""position"":{""x"":0.0,""y"":0.0},""angle"":3.1415927410125734,""size_dots"":{""x"":0.0,""y"":0.0},""size_mm"":10.0}"
2025/12/01 20:34:09:247080,Front,KeyLog,KeyboardUI/Update,"{""c"":""V"",""position"":{""x"":0.0,""y"":0.0},""angle"":3.1415927410125734,""size_dots"":{""x"":0.0,""y"":0.0},""size_mm"":10.0}"
2025/12/01 20:34:09:247080,Front,KeyLog,KeyboardUI/Update,"{""c"":""B"",""position"":{""x"":0.0,""y"":0.0},""angle"":3.1415927410125734,""size_dots"":{""x"":0.0,""y"":0.0},""size_mm"":10.0}"
2025/12/01 20:34:09:248090,Front,KeyLog,KeyboardUI/Update,"{""c"":""N"",""position"":{""x"":0.0,""y"":0.0},""angle"":3.1415927410125734,""size_dots"":{""x"":0.0,""y"":0.0},""size_mm"":10.0}"
2025/12/01 20:34:09:248090,Front,KeyLog,KeyboardUI/Update,"{""c"":""M"",""position"":{""x"":0.0,""y"":0.0},""angle"":3.1415927410125734,""size_dots"":{""x"":0.0,""y"":0.0},""size_mm"":10.0}"
2025/12/01 20:34:09:248090,Front,KeyLog,KeyboardUI/Update,"{""c"":""#"",""position"":{""x"":0.0,""y"":0.0},""angle"":3.1415927410125734,""size_dots"":{""x"":0.0,""y"":0.0},""size_mm"":13.800000190734864}"
2025/12/01 20:34:09:249139,Front,KeyLog,KeyboardUI/Update,"{""c"":""&"",""position"":{""x"":0.0,""y"":0.0},""angle"":3.1415927410125734,""size_dots"":{""x"":0.0,""y"":0.0},""size_mm"":13.800000190734864}"
2025/12/01 20:34:09:249139,Front,KeyLog,KeyboardUI/Update,"{""c"":""%"",""position"":{""x"":0.0,""y"":0.0},""angle"":3.1415927410125734,""size_dots"":{""x"":0.0,""y"":0.0},""size_mm"":13.800000190734864}"
2025/12/01 20:34:09:259284,Front,ARMarkerLog,ARMarkerDetector/Update,"{""position"":[0.0,0.0],""angle"":0.0}"
2025/12/01 20:34:09:267403,Front,KeyLog,KeyboardUI/Update,"{""c"":""Q"",""position"":{""x"":0.0,""y"":0.0},""angle"":3.1415927410125734,""size_dots"":{""x"":0.0,""y"":0.0},""size_mm"":10.0}"
2025/12/01 20:34:09:268415,Front,KeyLog,KeyboardUI/Update,"{""c"":""W"",""position"":{""x"":0.0,""y"":0.0},""angle"":3.1415927410125734,""size_dots"":{""x"":0.0,""y"":0.0},""size_mm"":10.0}"
2025/12/01 20:34:09:269425,Front,KeyLog,KeyboardUI/Update,"{""c"":""E"",""position"":{""x"":0.0,""y"":0.0},""angle"":3.1415927410125734,""size_dots"":{""x"":0.0,""y"":0.0},""size_mm"":10.0}"
2025/12/01 20:34:09:270437,Front,KeyLog,KeyboardUI/Update,"{""c"":""R"",""position"":{""x"":0.0,""y"":0.0},""angle"":3.1415927410125734,""size_dots"":{""x"":0.0,""y"":0.0},""size_mm"":10.0}"
2025/12/01 20:34:09:271446,Front,KeyLog,KeyboardUI/Update,"{""c"":""T"",""position"":{""x"":0.0,""y"":0.0},""angle"":3.1415927410125734,""size_dots"":{""x"":0.0,""y"":0.0},""size_mm"":10.0}"
2025/12/01 20:34:09:272460,Front,KeyLog,KeyboardUI/Update,"{""c"":""Y"",""position"":{""x"":0.0,""y"":0.0},""angle"":3.1415927410125734,""size_dots"":{""x"":0.0,""y"":0.0},""size_mm"":10.0}"
2025/12/01 20:34:09:272460,Front,KeyLog,KeyboardUI/Update,"{""c"":""U"",""position"":{""x"":0.0,""y"":0.0},""angle"":3.1415927410125734,""size_dots"":{""x"":0.0,""y"":0.0},""size_mm"":10.0}"
2025/12/01 20:34:09:273471,Front,KeyLog,KeyboardUI/Update,"{""c"":""I"",""position"":{""x"":0.0,""y"":0.0},""angle"":3.1415927410125734,""size_dots"":{""x"":0.0,""y"":0.0},""size_mm"":10.0}"
2025/12/01 20:34:09:274481,Front,KeyLog,KeyboardUI/Update,"{""c"":""O"",""position"":{""x"":0.0,""y"":0.0},""angle"":3.1415927410125734,""size_dots"":{""x"":0.0,""y"":0.0},""size_mm"":10.0}"
2025/12/01 20:34:09:275526,Front,KeyLog,KeyboardUI/Update,"{""c"":""P"",""position"":{""x"":0.0,""y"":0.0},""angle"":3.1415927410125734,""size_dots"":{""x"":0.0,""y"":0.0},""size_mm"":10.0}"
2025/12/01 20:34:09:276526,Front,KeyLog,KeyboardUI/Update,"{""c"":""A"",""position"":{""x"":0.0,""y"":0.0},""angle"":3.1415927410125734,""size_dots"":{""x"":0.0,""y"":0.0},""size_mm"":10.0}"
2025/12/01 20:34:09:277029,Front,KeyLog,KeyboardUI/Update,"{""c"":""S"",""position"":{""x"":0.0,""y"":0.0},""angle"":3.1415927410125734,""size_dots"":{""x"":0.0,""y"":0.0},""size_mm"":10.0}"
2025/12/01 20:34:09:277029,Front,KeyLog,KeyboardUI/Update,"{""c"":""D"",""position"":{""x"":0.0,""y"":0.0},""angle"":3.1415927410125734,""size_dots"":{""x"":0.0,""y"":0.0},""size_mm"":10.0}"
2025/12/01 20:34:09:278037,Front,KeyLog,KeyboardUI/Update,"{""c"":""F"",""position"":{""x"":0.0,""y"":0.0},""angle"":3.1415927410125734,""size_dots"":{""x"":0.0,""y"":0.0},""size_mm"":10.0}"
2025/12/01 20:34:09:279048,Front,KeyLog,KeyboardUI/Update,"{""c"":""G"",""position"":{""x"":0.0,""y"":0.0},""angle"":3.1415927410125734,""size_dots"":{""x"":0.0,""y"":0.0},""size_mm"":10.0}"
2025/12/01 20:34:09:280073,Front,KeyLog,KeyboardUI/Update,"{""c"":""H"",""position"":{""x"":0.0,""y"":0.0},""angle"":3.1415927410125734,""size_dots"":{""x"":0.0,""y"":0.0},""size_mm"":10.0}"
2025/12/01 20:34:09:281088,Front,KeyLog,KeyboardUI/Update,"{""c"":""J"",""position"":{""x"":0.0,""y"":0.0},""angle"":3.1415927410125734,""size_dots"":{""x"":0.0,""y"":0.0},""size_mm"":10.0}"
2025/12/01 20:34:09:281088,Front,KeyLog,KeyboardUI/Update,"{""c"":""K"",""position"":{""x"":0.0,""y"":0.0},""angle"":3.1415927410125734,""size_dots"":{""x"":0.0,""y"":0.0},""size_mm"":10.0}"
2025/12/01 20:34:09:282101,Front,KeyLog,KeyboardUI/Update,"{""c"":""L"",""position"":{""x"":0.0,""y"":0.0},""angle"":3.1415927410125734,""size_dots"":{""x"":0.0,""y"":0.0},""size_mm"":10.0}"
2025/12/01 20:34:09:283114,Front,KeyLog,KeyboardUI/Update,"{""c"":""Z"",""position"":{""x"":0.0,""y"":0.0},""angle"":3.1415927410125734,""size_dots"":{""x"":0.0,""y"":0.0},""size_mm"":10.0}"
2025/12/01 20:34:09:283114,Front,KeyLog,KeyboardUI/Update,"{""c"":""X"",""position"":{""x"":0.0,""y"":0.0},""angle"":3.1415927410125734,""size_dots"":{""x"":0.0,""y"":0.0},""size_mm"":10.0}"
2025/12/01 20:34:09:284123,Front,KeyLog,KeyboardUI/Update,"{""c"":""C"",""position"":{""x"":0.0,""y"":0.0},""angle"":3.1415927410125734,""size_dots"":{""x"":0.0,""y"":0.0},""size_mm"":10.0}"
2025/12/01 20:34:09:285136,Front,KeyLog,KeyboardUI/Update,"{""c"":""V"",""position"":{""x"":0.0,""y"":0.0},""angle"":3.1415927410125734,""size_dots"":{""x"":0.0,""y"":0.0},""size_mm"":10.0}"
2025/12/01 20:34:09:286153,Front,KeyLog,KeyboardUI/Update,"{""c"":""B"",""position"":{""x"":0.0,""y"":0.0},""angle"":3.1415927410125734,""size_dots"":{""x"":0.0,""y"":0.0},""size_mm"":10.0}"
2025/12/01 20:34:09:287169,Front,KeyLog,KeyboardUI/Update,"{""c"":""N"",""position"":{""x"":0.0,""y"":0.0},""angle"":3.1415927410125734,""size_dots"":{""x"":0.0,""y"":0.0},""size_mm"":10.0}"
2025/12/01 20:34:09:287169,Front,KeyLog,KeyboardUI/Update,"{""c"":""M"",""position"":{""x"":0.0,""y"":0.0},""angle"":3.1415927410125734,""size_dots"":{""x"":0.0,""y"":0.0},""size_mm"":10.0}"
2025/12/01 20:34:09:288178,Front,KeyLog,KeyboardUI/Update,"{""c"":""#"",""position"":{""x"":0.0,""y"":0.0},""angle"":3.1415927410125734,""size_dots"":{""x"":0.0,""y"":0.0},""size_mm"":13.800000190734864}"
2025/12/01 20:34:09:289194,Front,KeyLog,KeyboardUI/Update,"{""c"":""&"",""position"":{""x"":0.0,""y"":0.0},""angle"":3.1415927410125734,""size_dots"":{""x"":0.0,""y"":0.0},""size_mm"":13.800000190734864}"
2025/12/01 20:34:09:290203,Front,KeyLog,KeyboardUI/Update,"{""c"":""%"",""position"":{""x"":0.0,""y"":0.0},""angle"":3.1415927410125734,""size_dots"":{""x"":0.0,""y"":0.0},""size_mm"":13.800000190734864}"
2025/12/01 20:34:09:316535,Front,ARMarkerLog,ARMarkerDetector/Update,"{""position"":[0.0,0.0],""angle"":0.0}"
2025/12/01 20:34:09:331271,Front,KeyLog,KeyboardUI/Update,"{""c"":""Q"",""position"":{""x"":0.0,""y"":0.0},""angle"":3.1415927410125734,""size_dots"":{""x"":0.0,""y"":0.0},""size_mm"":10.0}"
2025/12/01 20:34:09:333289,Front,KeyLog,KeyboardUI/Update,"{""c"":""W"",""position"":{""x"":0.0,""y"":0.0},""angle"":3.1415927410125734,""size_dots"":{""x"":0.0,""y"":0.0},""size_mm"":10.0}"
2025/12/01 20:34:09:334300,Front,KeyLog,KeyboardUI/Update,"{""c"":""E"",""position"":{""x"":0.0,""y"":0.0},""angle"":3.1415927410125734,""size_dots"":{""x"":0.0,""y"":0.0},""size_mm"":10.0}"
2025/12/01 20:34:09:335310,Front,KeyLog,KeyboardUI/Update,"{""c"":""R"",""position"":{""x"":0.0,""y"":0.0},""angle"":3.1415927410125734,""size_dots"":{""x"":0.0,""y"":0.0},""size_mm"":10.0}"
2025/12/01 20:34:09:336320,Front,KeyLog,KeyboardUI/Update,"{""c"":""T"",""position"":{""x"":0.0,""y"":0.0},""angle"":3.1415927410125734,""size_dots"":{""x"":0.0,""y"":0.0},""size_mm"":10.0}"
2025/12/01 20:34:09:336832,Front,KeyLog,KeyboardUI/Update,"{""c"":""Y"",""position"":{""x"":0.0,""y"":0.0},""angle"":3.1415927410125734,""size_dots"":{""x"":0.0,""y"":0.0},""size_mm"":10.0}"
2025/12/01 20:34:09:337339,Front,KeyLog,KeyboardUI/Update,"{""c"":""U"",""position"":{""x"":0.0,""y"":0.0},""angle"":3.1415927410125734,""size_dots"":{""x"":0.0,""y"":0.0},""size_mm"":10.0}"
2025/12/01 20:34:09:339362,Front,KeyLog,KeyboardUI/Update,"{""c"":""I"",""position"":{""x"":0.0,""y"":0.0},""angle"":3.1415927410125734,""size_dots"":{""x"":0.0,""y"":0.0},""size_mm"":10.0}"
2025/12/01 20:34:09:339362,Front,KeyLog,KeyboardUI/Update,"{""c"":""O"",""position"":{""x"":0.0,""y"":0.0},""angle"":3.1415927410125734,""size_dots"":{""x"":0.0,""y"":0.0},""size_mm"":10.0}"
2025/12/01 20:34:09:340426,Front,KeyLog,KeyboardUI/Update,"{""c"":""P"",""position"":{""x"":0.0,""y"":0.0},""angle"":3.1415927410125734,""size_dots"":{""x"":0.0,""y"":0.0},""size_mm"":10.0}"
2025/12/01 20:34:09:341431,Front,KeyLog,KeyboardUI/Update,"{""c"":""A"",""position"":{""x"":0.0,""y"":0.0},""angle"":3.1415927410125734,""size_dots"":{""x"":0.0,""y"":0.0},""size_mm"":10.0}"
2025/12/01 20:34:09:342442,Front,KeyLog,KeyboardUI/Update,"{""c"":""S"",""position"":{""x"":0.0,""y"":0.0},""angle"":3.1415927410125734,""size_dots"":{""x"":0.0,""y"":0.0},""size_mm"":10.0}"
2025/12/01 20:34:09:343461,Front,KeyLog,KeyboardUI/Update,"{""c"":""D"",""position"":{""x"":0.0,""y"":0.0},""angle"":3.1415927410125734,""size_dots"":{""x"":0.0,""y"":0.0},""size_mm"":10.0}"
2025/12/01 20:34:09:343461,Front,KeyLog,KeyboardUI/Update,"{""c"":""F"",""position"":{""x"":0.0,""y"":0.0},""angle"":3.1415927410125734,""size_dots"":{""x"":0.0,""y"":0.0},""size_mm"":10.0}"
2025/12/01 20:34:09:344473,Front,KeyLog,KeyboardUI/Update,"{""c"":""G"",""position"":{""x"":0.0,""y"":0.0},""angle"":3.1415927410125734,""size_dots"":{""x"":0.0,""y"":0.0},""size_mm"":10.0}"
2025/12/01 20:34:09:345482,Front,KeyLog,KeyboardUI/Update,"{""c"":""H"",""position"":{""x"":0.0,""y"":0.0},""angle"":3.1415927410125734,""size_dots"":{""x"":0.0,""y"":0.0},""size_mm"":10.0}"
2025/12/01 20:34:09:345482,Front,KeyLog,KeyboardUI/Update,"{""c"":""J"",""position"":{""x"":0.0,""y"":0.0},""angle"":3.1415927410125734,""size_dots"":{""x"":0.0,""y"":0.0},""size_mm"":10.0}"
2025/12/01 20:34:09:346984,Front,KeyLog,KeyboardUI/Update,"{""c"":""K"",""position"":{""x"":0.0,""y"":0.0},""angle"":3.1415927410125734,""size_dots"":{""x"":0.0,""y"":0.0},""size_mm"":10.0}"
2025/12/01 20:34:09:346984,Front,KeyLog,KeyboardUI/Update,"{""c"":""L"",""position"":{""x"":0.0,""y"":0.0},""angle"":3.1415927410125734,""size_dots"":{""x"":0.0,""y"":0.0},""size_mm"":10.0}"
2025/12/01 20:34:09:347995,Front,KeyLog,KeyboardUI/Update,"{""c"":""Z"",""position"":{""x"":0.0,""y"":0.0},""angle"":3.1415927410125734,""size_dots"":{""x"":0.0,""y"":0.0},""size_mm"":10.0}"
2025/12/01 20:34:09:349011,Front,KeyLog,KeyboardUI/Update,"{""c"":""X"",""position"":{""x"":0.0,""y"":0.0},""angle"":3.1415927410125734,""size_dots"":{""x"":0.0,""y"":0.0},""size_mm"":10.0}"
2025/12/01 20:34:09:350021,Front,KeyLog,KeyboardUI/Update,"{""c"":""C"",""position"":{""x"":0.0,""y"":0.0},""angle"":3.1415927410125734,""size_dots"":{""x"":0.0,""y"":0.0},""size_mm"":10.0}"
2025/12/01 20:34:09:350021,Front,KeyLog,KeyboardUI/Update,"{""c"":""V"",""position"":{""x"":0.0,""y"":0.0},""angle"":3.1415927410125734,""size_dots"":{""x"":0.0,""y"":0.0},""size_mm"":10.0}"
2025/12/01 20:34:09:351037,Front,KeyLog,KeyboardUI/Update,"{""c"":""B"",""position"":{""x"":0.0,""y"":0.0},""angle"":3.1415927410125734,""size_dots"":{""x"":0.0,""y"":0.0},""size_mm"":10.0}"
2025/12/01 20:34:09:352046,Front,KeyLog,KeyboardUI/Update,"{""c"":""N"",""position"":{""x"":0.0,""y"":0.0},""angle"":3.1415927410125734,""size_dots"":{""x"":0.0,""y"":0.0},""size_mm"":10.0}"
2025/12/01 20:34:09:353054,Front,KeyLog,KeyboardUI/Update,"{""c"":""M"",""position"":{""x"":0.0,""y"":0.0},""angle"":3.1415927410125734,""size_dots"":{""x"":0.0,""y"":0.0},""size_mm"":10.0}"
2025/12/01 20:34:09:353054,Front,KeyLog,KeyboardUI/Update,"{""c"":""#"",""position"":{""x"":0.0,""y"":0.0},""angle"":3.1415927410125734,""size_dots"":{""x"":0.0,""y"":0.0},""size_mm"":13.800000190734864}"
2025/12/01 20:34:09:354063,Front,KeyLog,KeyboardUI/Update,"{""c"":""&"",""position"":{""x"":0.0,""y"":0.0},""angle"":3.1415927410125734,""size_dots"":{""x"":0.0,""y"":0.0},""size_mm"":13.800000190734864}"
2025/12/01 20:34:09:354063,Front,KeyLog,KeyboardUI/Update,"{""c"":""%"",""position"":{""x"":0.0,""y"":0.0},""angle"":3.1415927410125734,""size_dots"":{""x"":0.0,""y"":0.0},""size_mm"":13.800000190734864}"
2025/12/01 20:34:09:375594,Front,ARMarkerLog,ARMarkerDetector/Update,"{""position"":[0.0,0.0],""angle"":0.0}"
2025/12/01 20:34:09:393368,Front,KeyLog,KeyboardUI/Update,"{""c"":""Q"",""position"":{""x"":0.0,""y"":0.0},""angle"":3.1415927410125734,""size_dots"":{""x"":0.0,""y"":0.0},""size_mm"":10.0}"
2025/12/01 20:34:09:393368,Front,KeyLog,KeyboardUI/Update,"{""c"":""W"",""position"":{""x"":0.0,""y"":0.0},""angle"":3.1415927410125734,""size_dots"":{""x"":0.0,""y"":0.0},""size_mm"":10.0}"
2025/12/01 20:34:09:393368,Front,KeyLog,KeyboardUI/Update,"{""c"":""E"",""position"":{""x"":0.0,""y"":0.0},""angle"":3.1415927410125734,""size_dots"":{""x"":0.0,""y"":0.0},""size_mm"":10.0}"
2025/12/01 20:34:09:394378,Front,KeyLog,KeyboardUI/Update,"{""c"":""R"",""position"":{""x"":0.0,""y"":0.0},""angle"":3.1415927410125734,""size_dots"":{""x"":0.0,""y"":0.0},""size_mm"":10.0}"
2025/12/01 20:34:09:394378,Front,KeyLog,KeyboardUI/Update,"{""c"":""T"",""position"":{""x"":0.0,""y"":0.0},""angle"":3.1415927410125734,""size_dots"":{""x"":0.0,""y"":0.0},""size_mm"":10.0}"
2025/12/01 20:34:09:394378,Front,KeyLog,KeyboardUI/Update,"{""c"":""Y"",""position"":{""x"":0.0,""y"":0.0},""angle"":3.1415927410125734,""size_dots"":{""x"":0.0,""y"":0.0},""size_mm"":10.0}"
2025/12/01 20:34:09:394378,Front,KeyLog,KeyboardUI/Update,"{""c"":""U"",""position"":{""x"":0.0,""y"":0.0},""angle"":3.1415927410125734,""size_dots"":{""x"":0.0,""y"":0.0},""size_mm"":10.0}"
2025/12/01 20:34:09:395390,Front,KeyLog,KeyboardUI/Update,"{""c"":""I"",""position"":{""x"":0.0,""y"":0.0},""angle"":3.1415927410125734,""size_dots"":{""x"":0.0,""y"":0.0},""size_mm"":10.0}"
2025/12/01 20:34:09:395390,Front,KeyLog,KeyboardUI/Update,"{""c"":""O"",""position"":{""x"":0.0,""y"":0.0},""angle"":3.1415927410125734,""size_dots"":{""x"":0.0,""y"":0.0},""size_mm"":10.0}"
2025/12/01 20:34:09:395390,Front,KeyLog,KeyboardUI/Update,"{""c"":""P"",""position"":{""x"":0.0,""y"":0.0},""angle"":3.1415927410125734,""size_dots"":{""x"":0.0,""y"":0.0},""size_mm"":10.0}"
2025/12/01 20:34:09:396400,Front,KeyLog,KeyboardUI/Update,"{""c"":""A"",""position"":{""x"":0.0,""y"":0.0},""angle"":3.1415927410125734,""size_dots"":{""x"":0.0,""y"":0.0},""size_mm"":10.0}"
2025/12/01 20:34:09:396400,Front,KeyLog,KeyboardUI/Update,"{""c"":""S"",""position"":{""x"":0.0,""y"":0.0},""angle"":3.1415927410125734,""size_dots"":{""x"":0.0,""y"":0.0},""size_mm"":10.0}"
2025/12/01 20:34:09:396400,Front,KeyLog,KeyboardUI/Update,"{""c"":""D"",""position"":{""x"":0.0,""y"":0.0},""angle"":3.1415927410125734,""size_dots"":{""x"":0.0,""y"":0.0},""size_mm"":10.0}"
2025/12/01 20:34:09:396911,Front,KeyLog,KeyboardUI/Update,"{""c"":""F"",""position"":{""x"":0.0,""y"":0.0},""angle"":3.1415927410125734,""size_dots"":{""x"":0.0,""y"":0.0},""size_mm"":10.0}"
2025/12/01 20:34:09:396911,Front,KeyLog,KeyboardUI/Update,"{""c"":""G"",""position"":{""x"":0.0,""y"":0.0},""angle"":3.1415927410125734,""size_dots"":{""x"":0.0,""y"":0.0},""size_mm"":10.0}"
2025/12/01 20:34:09:397421,Front,KeyLog,KeyboardUI/Update,"{""c"":""H"",""position"":{""x"":0.0,""y"":0.0},""angle"":3.1415927410125734,""size_dots"":{""x"":0.0,""y"":0.0},""size_mm"":10.0}"
2025/12/01 20:34:09:397421,Front,KeyLog,KeyboardUI/Update,"{""c"":""J"",""position"":{""x"":0.0,""y"":0.0},""angle"":3.1415927410125734,""size_dots"":{""x"":0.0,""y"":0.0},""size_mm"":10.0}"
2025/12/01 20:34:09:397421,Front,KeyLog,KeyboardUI/Update,"{""c"":""K"",""position"":{""x"":0.0,""y"":0.0},""angle"":3.1415927410125734,""size_dots"":{""x"":0.0,""y"":0.0},""size_mm"":10.0}"
2025/12/01 20:34:09:398443,Front,KeyLog,KeyboardUI/Update,"{""c"":""L"",""position"":{""x"":0.0,""y"":0.0},""angle"":3.1415927410125734,""size_dots"":{""x"":0.0,""y"":0.0},""size_mm"":10.0}"
2025/12/01 20:34:09:398443,Front,KeyLog,KeyboardUI/Update,"{""c"":""Z"",""position"":{""x"":0.0,""y"":0.0},""angle"":3.1415927410125734,""size_dots"":{""x"":0.0,""y"":0.0},""size_mm"":10.0}"
2025/12/01 20:34:09:398443,Front,KeyLog,KeyboardUI/Update,"{""c"":""X"",""position"":{""x"":0.0,""y"":0.0},""angle"":3.1415927410125734,""size_dots"":{""x"":0.0,""y"":0.0},""size_mm"":10.0}"
2025/12/01 20:34:09:399450,Front,KeyLog,KeyboardUI/Update,"{""c"":""C"",""position"":{""x"":0.0,""y"":0.0},""angle"":3.1415927410125734,""size_dots"":{""x"":0.0,""y"":0.0},""size_mm"":10.0}"
2025/12/01 20:34:09:399450,Front,KeyLog,KeyboardUI/Update,"{""c"":""V"",""position"":{""x"":0.0,""y"":0.0},""angle"":3.1415927410125734,""size_dots"":{""x"":0.0,""y"":0.0},""size_mm"":10.0}"
2025/12/01 20:34:09:399450,Front,KeyLog,KeyboardUI/Update,"{""c"":""B"",""position"":{""x"":0.0,""y"":0.0},""angle"":3.1415927410125734,""size_dots"":{""x"":0.0,""y"":0.0},""size_mm"":10.0}"
2025/12/01 20:34:09:399450,Front,KeyLog,KeyboardUI/Update,"{""c"":""N"",""position"":{""x"":0.0,""y"":0.0},""angle"":3.1415927410125734,""size_dots"":{""x"":0.0,""y"":0.0},""size_mm"":10.0}"
2025/12/01 20:34:09:399450,Front,KeyLog,KeyboardUI/Update,"{""c"":""M"",""position"":{""x"":0.0,""y"":0.0},""angle"":3.1415927410125734,""size_dots"":{""x"":0.0,""y"":0.0},""size_mm"":10.0}"
2025/12/01 20:34:09:400460,Front,KeyLog,KeyboardUI/Update,"{""c"":""#"",""position"":{""x"":0.0,""y"":0.0},""angle"":3.1415927410125734,""size_dots"":{""x"":0.0,""y"":0.0},""size_mm"":13.800000190734864}"
2025/12/01 20:34:09:400460,Front,KeyLog,KeyboardUI/Update,"{""c"":""&"",""position"":{""x"":0.0,""y"":0.0},""angle"":3.1415927410125734,""size_dots"":{""x"":0.0,""y"":0.0},""size_mm"":13.800000190734864}"
2025/12/01 20:34:09:400460,Front,KeyLog,KeyboardUI/Update,"{""c"":""%"",""position"":{""x"":0.0,""y"":0.0},""angle"":3.1415927410125734,""size_dots"":{""x"":0.0,""y"":0.0},""size_mm"":13.800000190734864}"
2025/12/01 20:34:09:412082,Front,ARMarkerLog,ARMarkerDetector/Update,"{""position"":[0.0,0.0],""angle"":0.0}"
2025/12/01 20:34:09:420210,Front,KeyLog,KeyboardUI/Update,"{""c"":""Q"",""position"":{""x"":0.0,""y"":0.0},""angle"":3.1415927410125734,""size_dots"":{""x"":0.0,""y"":0.0},""size_mm"":10.0}"
2025/12/01 20:34:09:421221,Front,KeyLog,KeyboardUI/Update,"{""c"":""W"",""position"":{""x"":0.0,""y"":0.0},""angle"":3.1415927410125734,""size_dots"":{""x"":0.0,""y"":0.0},""size_mm"":10.0}"
2025/12/01 20:34:09:422231,Front,KeyLog,KeyboardUI/Update,"{""c"":""E"",""position"":{""x"":0.0,""y"":0.0},""angle"":3.1415927410125734,""size_dots"":{""x"":0.0,""y"":0.0},""size_mm"":10.0}"
2025/12/01 20:34:09:423242,Front,KeyLog,KeyboardUI/Update,"{""c"":""R"",""position"":{""x"":0.0,""y"":0.0},""angle"":3.1415927410125734,""size_dots"":{""x"":0.0,""y"":0.0},""size_mm"":10.0}"
2025/12/01 20:34:09:424252,Front,KeyLog,KeyboardUI/Update,"{""c"":""T"",""position"":{""x"":0.0,""y"":0.0},""angle"":3.1415927410125734,""size_dots"":{""x"":0.0,""y"":0.0},""size_mm"":10.0}"
2025/12/01 20:34:09:425263,Front,KeyLog,KeyboardUI/Update,"{""c"":""Y"",""position"":{""x"":0.0,""y"":0.0},""angle"":3.1415927410125734,""size_dots"":{""x"":0.0,""y"":0.0},""size_mm"":10.0}"
2025/12/01 20:34:09:425263,Front,KeyLog,KeyboardUI/Update,"{""c"":""U"",""position"":{""x"":0.0,""y"":0.0},""angle"":3.1415927410125734,""size_dots"":{""x"":0.0,""y"":0.0},""size_mm"":10.0}"
2025/12/01 20:34:09:426271,Front,KeyLog,KeyboardUI/Update,"{""c"":""I"",""position"":{""x"":0.0,""y"":0.0},""angle"":3.1415927410125734,""size_dots"":{""x"":0.0,""y"":0.0},""size_mm"":10.0}"
2025/12/01 20:34:09:427294,Front,KeyLog,KeyboardUI/Update,"{""c"":""O"",""position"":{""x"":0.0,""y"":0.0},""angle"":3.1415927410125734,""size_dots"":{""x"":0.0,""y"":0.0},""size_mm"":10.0}"
2025/12/01 20:34:09:428306,Front,KeyLog,KeyboardUI/Update,"{""c"":""P"",""position"":{""x"":0.0,""y"":0.0},""angle"":3.1415927410125734,""size_dots"":{""x"":0.0,""y"":0.0},""size_mm"":10.0}"
2025/12/01 20:34:09:429321,Front,KeyLog,KeyboardUI/Update,"{""c"":""A"",""position"":{""x"":0.0,""y"":0.0},""angle"":3.1415927410125734,""size_dots"":{""x"":0.0,""y"":0.0},""size_mm"":10.0}"
2025/12/01 20:34:09:430328,Front,KeyLog,KeyboardUI/Update,"{""c"":""S"",""position"":{""x"":0.0,""y"":0.0},""angle"":3.1415927410125734,""size_dots"":{""x"":0.0,""y"":0.0},""size_mm"":10.0}"
2025/12/01 20:34:09:431340,Front,KeyLog,KeyboardUI/Update,"{""c"":""D"",""position"":{""x"":0.0,""y"":0.0},""angle"":3.1415927410125734,""size_dots"":{""x"":0.0,""y"":0.0},""size_mm"":10.0}"
2025/12/01 20:34:09:431340,Front,KeyLog,KeyboardUI/Update,"{""c"":""F"",""position"":{""x"":0.0,""y"":0.0},""angle"":3.1415927410125734,""size_dots"":{""x"":0.0,""y"":0.0},""size_mm"":10.0}"
2025/12/01 20:34:09:431340,Front,KeyLog,KeyboardUI/Update,"{""c"":""G"",""position"":{""x"":0.0,""y"":0.0},""angle"":3.1415927410125734,""size_dots"":{""x"":0.0,""y"":0.0},""size_mm"":10.0}"
2025/12/01 20:34:09:432348,Front,KeyLog,KeyboardUI/Update,"{""c"":""H"",""position"":{""x"":0.0,""y"":0.0},""angle"":3.1415927410125734,""size_dots"":{""x"":0.0,""y"":0.0},""size_mm"":10.0}"
2025/12/01 20:34:09:432348,Front,KeyLog,KeyboardUI/Update,"{""c"":""J"",""position"":{""x"":0.0,""y"":0.0},""angle"":3.1415927410125734,""size_dots"":{""x"":0.0,""y"":0.0},""size_mm"":10.0}"
2025/12/01 20:34:09:433380,Front,KeyLog,KeyboardUI/Update,"{""c"":""K"",""position"":{""x"":0.0,""y"":0.0},""angle"":3.1415927410125734,""size_dots"":{""x"":0.0,""y"":0.0},""size_mm"":10.0}"
2025/12/01 20:34:09:434390,Front,KeyLog,KeyboardUI/Update,"{""c"":""L"",""position"":{""x"":0.0,""y"":0.0},""angle"":3.1415927410125734,""size_dots"":{""x"":0.0,""y"":0.0},""size_mm"":10.0}"
2025/12/01 20:34:09:435400,Front,KeyLog,KeyboardUI/Update,"{""c"":""Z"",""position"":{""x"":0.0,""y"":0.0},""angle"":3.1415927410125734,""size_dots"":{""x"":0.0,""y"":0.0},""size_mm"":10.0}"
2025/12/01 20:34:09:436409,Front,KeyLog,KeyboardUI/Update,"{""c"":""X"",""position"":{""x"":0.0,""y"":0.0},""angle"":3.1415927410125734,""size_dots"":{""x"":0.0,""y"":0.0},""size_mm"":10.0}"
2025/12/01 20:34:09:436919,Front,KeyLog,KeyboardUI/Update,"{""c"":""C"",""position"":{""x"":0.0,""y"":0.0},""angle"":3.1415927410125734,""size_dots"":{""x"":0.0,""y"":0.0},""size_mm"":10.0}"
2025/12/01 20:34:09:436919,Front,KeyLog,KeyboardUI/Update,"{""c"":""V"",""position"":{""x"":0.0,""y"":0.0},""angle"":3.1415927410125734,""size_dots"":{""x"":0.0,""y"":0.0},""size_mm"":10.0}"
2025/12/01 20:34:09:437426,Front,KeyLog,KeyboardUI/Update,"{""c"":""B"",""position"":{""x"":0.0,""y"":0.0},""angle"":3.1415927410125734,""size_dots"":{""x"":0.0,""y"":0.0},""size_mm"":10.0}"
2025/12/01 20:34:09:438437,Front,KeyLog,KeyboardUI/Update,"{""c"":""N"",""position"":{""x"":0.0,""y"":0.0},""angle"":3.1415927410125734,""size_dots"":{""x"":0.0,""y"":0.0},""size_mm"":10.0}"
2025/12/01 20:34:09:439451,Front,KeyLog,KeyboardUI/Update,"{""c"":""M"",""position"":{""x"":0.0,""y"":0.0},""angle"":3.1415927410125734,""size_dots"":{""x"":0.0,""y"":0.0},""size_mm"":10.0}"
2025/12/01 20:34:09:440462,Front,KeyLog,KeyboardUI/Update,"{""c"":""#"",""position"":{""x"":0.0,""y"":0.0},""angle"":3.1415927410125734,""size_dots"":{""x"":0.0,""y"":0.0},""size_mm"":13.800000190734864}"
2025/12/01 20:34:09:441484,Front,KeyLog,KeyboardUI/Update,"{""c"":""&"",""position"":{""x"":0.0,""y"":0.0},""angle"":3.1415927410125734,""size_dots"":{""x"":0.0,""y"":0.0},""size_mm"":13.800000190734864}"
2025/12/01 20:34:09:441484,Front,KeyLog,KeyboardUI/Update,"{""c"":""%"",""position"":{""x"":0.0,""y"":0.0},""angle"":3.1415927410125734,""size_dots"":{""x"":0.0,""y"":0.0},""size_mm"":13.800000190734864}"
2025/12/01 20:34:09:468321,Front,ARMarkerLog,ARMarkerDetector/Update,"{""position"":[0.0,0.0],""angle"":0.0}"
2025/12/01 20:34:09:483551,Front,KeyLog,KeyboardUI/Update,"{""c"":""Q"",""position"":{""x"":0.0,""y"":0.0},""angle"":3.1415927410125734,""size_dots"":{""x"":0.0,""y"":0.0},""size_mm"":10.0}"
2025/12/01 20:34:09:484563,Front,KeyLog,KeyboardUI/Update,"{""c"":""W"",""position"":{""x"":0.0,""y"":0.0},""angle"":3.1415927410125734,""size_dots"":{""x"":0.0,""y"":0.0},""size_mm"":10.0}"
2025/12/01 20:34:09:485574,Front,KeyLog,KeyboardUI/Update,"{""c"":""E"",""position"":{""x"":0.0,""y"":0.0},""angle"":3.1415927410125734,""size_dots"":{""x"":0.0,""y"":0.0},""size_mm"":10.0}"
2025/12/01 20:34:09:486573,Front,KeyLog,KeyboardUI/Update,"{""c"":""R"",""position"":{""x"":0.0,""y"":0.0},""angle"":3.1415927410125734,""size_dots"":{""x"":0.0,""y"":0.0},""size_mm"":10.0}"
2025/12/01 20:34:09:487077,Front,KeyLog,KeyboardUI/Update,"{""c"":""T"",""position"":{""x"":0.0,""y"":0.0},""angle"":3.1415927410125734,""size_dots"":{""x"":0.0,""y"":0.0},""size_mm"":10.0}"
2025/12/01 20:34:09:488085,Front,KeyLog,KeyboardUI/Update,"{""c"":""Y"",""position"":{""x"":0.0,""y"":0.0},""angle"":3.1415927410125734,""size_dots"":{""x"":0.0,""y"":0.0},""size_mm"":10.0}"
2025/12/01 20:34:09:488085,Front,KeyLog,KeyboardUI/Update,"{""c"":""U"",""position"":{""x"":0.0,""y"":0.0},""angle"":3.1415927410125734,""size_dots"":{""x"":0.0,""y"":0.0},""size_mm"":10.0}"
2025/12/01 20:34:09:489095,Front,KeyLog,KeyboardUI/Update,"{""c"":""I"",""position"":{""x"":0.0,""y"":0.0},""angle"":3.1415927410125734,""size_dots"":{""x"":0.0,""y"":0.0},""size_mm"":10.0}"
2025/12/01 20:34:09:490108,Front,KeyLog,KeyboardUI/Update,"{""c"":""O"",""position"":{""x"":0.0,""y"":0.0},""angle"":3.1415927410125734,""size_dots"":{""x"":0.0,""y"":0.0},""size_mm"":10.0}"
2025/12/01 20:34:09:490108,Front,KeyLog,KeyboardUI/Update,"{""c"":""P"",""position"":{""x"":0.0,""y"":0.0},""angle"":3.1415927410125734,""size_dots"":{""x"":0.0,""y"":0.0},""size_mm"":10.0}"
2025/12/01 20:34:09:491126,Front,KeyLog,KeyboardUI/Update,"{""c"":""A"",""position"":{""x"":0.0,""y"":0.0},""angle"":3.1415927410125734,""size_dots"":{""x"":0.0,""y"":0.0},""size_mm"":10.0}"
2025/12/01 20:34:09:492137,Front,KeyLog,KeyboardUI/Update,"{""c"":""S"",""position"":{""x"":0.0,""y"":0.0},""angle"":3.1415927410125734,""size_dots"":{""x"":0.0,""y"":0.0},""size_mm"":10.0}"
2025/12/01 20:34:09:493147,Front,KeyLog,KeyboardUI/Update,"{""c"":""D"",""position"":{""x"":0.0,""y"":0.0},""angle"":3.1415927410125734,""size_dots"":{""x"":0.0,""y"":0.0},""size_mm"":10.0}"
2025/12/01 20:34:09:494158,Front,KeyLog,KeyboardUI/Update,"{""c"":""F"",""position"":{""x"":0.0,""y"":0.0},""angle"":3.1415927410125734,""size_dots"":{""x"":0.0,""y"":0.0},""size_mm"":10.0}"
2025/12/01 20:34:09:495178,Front,KeyLog,KeyboardUI/Update,"{""c"":""G"",""position"":{""x"":0.0,""y"":0.0},""angle"":3.1415927410125734,""size_dots"":{""x"":0.0,""y"":0.0},""size_mm"":10.0}"
2025/12/01 20:34:09:495178,Front,KeyLog,KeyboardUI/Update,"{""c"":""H"",""position"":{""x"":0.0,""y"":0.0},""angle"":3.1415927410125734,""size_dots"":{""x"":0.0,""y"":0.0},""size_mm"":10.0}"
2025/12/01 20:34:09:496187,Front,KeyLog,KeyboardUI/Update,"{""c"":""J"",""position"":{""x"":0.0,""y"":0.0},""angle"":3.1415927410125734,""size_dots"":{""x"":0.0,""y"":0.0},""size_mm"":10.0}"
2025/12/01 20:34:09:496187,Front,KeyLog,KeyboardUI/Update,"{""c"":""K"",""position"":{""x"":0.0,""y"":0.0},""angle"":3.1415927410125734,""size_dots"":{""x"":0.0,""y"":0.0},""size_mm"":10.0}"
2025/12/01 20:34:09:497203,Front,KeyLog,KeyboardUI/Update,"{""c"":""L"",""position"":{""x"":0.0,""y"":0.0},""angle"":3.1415927410125734,""size_dots"":{""x"":0.0,""y"":0.0},""size_mm"":10.0}"
2025/12/01 20:34:09:497203,Front,KeyLog,KeyboardUI/Update,"{""c"":""Z"",""position"":{""x"":0.0,""y"":0.0},""angle"":3.1415927410125734,""size_dots"":{""x"":0.0,""y"":0.0},""size_mm"":10.0}"
2025/12/01 20:34:09:498214,Front,KeyLog,KeyboardUI/Update,"{""c"":""X"",""position"":{""x"":0.0,""y"":0.0},""angle"":3.1415927410125734,""size_dots"":{""x"":0.0,""y"":0.0},""size_mm"":10.0}"
2025/12/01 20:34:09:499224,Front,KeyLog,KeyboardUI/Update,"{""c"":""C"",""position"":{""x"":0.0,""y"":0.0},""angle"":3.1415927410125734,""size_dots"":{""x"":0.0,""y"":0.0},""size_mm"":10.0}"
2025/12/01 20:34:09:500235,Front,KeyLog,KeyboardUI/Update,"{""c"":""V"",""position"":{""x"":0.0,""y"":0.0},""angle"":3.1415927410125734,""size_dots"":{""x"":0.0,""y"":0.0},""size_mm"":10.0}"
2025/12/01 20:34:09:501250,Front,KeyLog,KeyboardUI/Update,"{""c"":""B"",""position"":{""x"":0.0,""y"":0.0},""angle"":3.1415927410125734,""size_dots"":{""x"":0.0,""y"":0.0},""size_mm"":10.0}"
2025/12/01 20:34:09:501250,Front,KeyLog,KeyboardUI/Update,"{""c"":""N"",""position"":{""x"":0.0,""y"":0.0},""angle"":3.1415927410125734,""size_dots"":{""x"":0.0,""y"":0.0},""size_mm"":10.0}"
2025/12/01 20:34:09:502261,Front,KeyLog,KeyboardUI/Update,"{""c"":""M"",""position"":{""x"":0.0,""y"":0.0},""angle"":3.1415927410125734,""size_dots"":{""x"":0.0,""y"":0.0},""size_mm"":10.0}"
2025/12/01 20:34:09:502261,Front,KeyLog,KeyboardUI/Update,"{""c"":""#"",""position"":{""x"":0.0,""y"":0.0},""angle"":3.1415927410125734,""size_dots"":{""x"":0.0,""y"":0.0},""size_mm"":13.800000190734864}"
2025/12/01 20:34:09:503272,Front,KeyLog,KeyboardUI/Update,"{""c"":""&"",""position"":{""x"":0.0,""y"":0.0},""angle"":3.1415927410125734,""size_dots"":{""x"":0.0,""y"":0.0},""size_mm"":13.800000190734864}"
2025/12/01 20:34:09:504285,Front,KeyLog,KeyboardUI/Update,"{""c"":""%"",""position"":{""x"":0.0,""y"":0.0},""angle"":3.1415927410125734,""size_dots"":{""x"":0.0,""y"":0.0},""size_mm"":13.800000190734864}"
2025/12/01 20:34:09:525583,Front,ARMarkerLog,ARMarkerDetector/Update,"{""position"":[0.0,0.0],""angle"":0.0}"
2025/12/01 20:34:09:531130,Front,KeyLog,KeyboardUI/Update,"{""c"":""Q"",""position"":{""x"":0.0,""y"":0.0},""angle"":3.1415927410125734,""size_dots"":{""x"":0.0,""y"":0.0},""size_mm"":10.0}"
2025/12/01 20:34:09:531130,Front,KeyLog,KeyboardUI/Update,"{""c"":""W"",""position"":{""x"":0.0,""y"":0.0},""angle"":3.1415927410125734,""size_dots"":{""x"":0.0,""y"":0.0},""size_mm"":10.0}"
2025/12/01 20:34:09:531130,Front,KeyLog,KeyboardUI/Update,"{""c"":""E"",""position"":{""x"":0.0,""y"":0.0},""angle"":3.1415927410125734,""size_dots"":{""x"":0.0,""y"":0.0},""size_mm"":10.0}"
2025/12/01 20:34:09:531130,Front,KeyLog,KeyboardUI/Update,"{""c"":""R"",""position"":{""x"":0.0,""y"":0.0},""angle"":3.1415927410125734,""size_dots"":{""x"":0.0,""y"":0.0},""size_mm"":10.0}"
2025/12/01 20:34:09:531130,Front,KeyLog,KeyboardUI/Update,"{""c"":""T"",""position"":{""x"":0.0,""y"":0.0},""angle"":3.1415927410125734,""size_dots"":{""x"":0.0,""y"":0.0},""size_mm"":10.0}"
2025/12/01 20:34:09:531130,Front,KeyLog,KeyboardUI/Update,"{""c"":""Y"",""position"":{""x"":0.0,""y"":0.0},""angle"":3.1415927410125734,""size_dots"":{""x"":0.0,""y"":0.0},""size_mm"":10.0}"
2025/12/01 20:34:09:531130,Front,KeyLog,KeyboardUI/Update,"{""c"":""U"",""position"":{""x"":0.0,""y"":0.0},""angle"":3.1415927410125734,""size_dots"":{""x"":0.0,""y"":0.0},""size_mm"":10.0}"
2025/12/01 20:34:09:531130,Front,KeyLog,KeyboardUI/Update,"{""c"":""I"",""position"":{""x"":0.0,""y"":0.0},""angle"":3.1415927410125734,""size_dots"":{""x"":0.0,""y"":0.0},""size_mm"":10.0}"
2025/12/01 20:34:09:531130,Front,KeyLog,KeyboardUI/Update,"{""c"":""O"",""position"":{""x"":0.0,""y"":0.0},""angle"":3.1415927410125734,""size_dots"":{""x"":0.0,""y"":0.0},""size_mm"":10.0}"
2025/12/01 20:34:09:531130,Front,KeyLog,KeyboardUI/Update,"{""c"":""P"",""position"":{""x"":0.0,""y"":0.0},""angle"":3.1415927410125734,""size_dots"":{""x"":0.0,""y"":0.0},""size_mm"":10.0}"
2025/12/01 20:34:09:531130,Front,KeyLog,KeyboardUI/Update,"{""c"":""A"",""position"":{""x"":0.0,""y"":0.0},""angle"":3.1415927410125734,""size_dots"":{""x"":0.0,""y"":0.0},""size_mm"":10.0}"
2025/12/01 20:34:09:531130,Front,KeyLog,KeyboardUI/Update,"{""c"":""S"",""position"":{""x"":0.0,""y"":0.0},""angle"":3.1415927410125734,""size_dots"":{""x"":0.0,""y"":0.0},""size_mm"":10.0}"
2025/12/01 20:34:09:531130,Front,KeyLog,KeyboardUI/Update,"{""c"":""D"",""position"":{""x"":0.0,""y"":0.0},""angle"":3.1415927410125734,""size_dots"":{""x"":0.0,""y"":0.0},""size_mm"":10.0}"
2025/12/01 20:34:09:531130,Front,KeyLog,KeyboardUI/Update,"{""c"":""F"",""position"":{""x"":0.0,""y"":0.0},""angle"":3.1415927410125734,""size_dots"":{""x"":0.0,""y"":0.0},""size_mm"":10.0}"
2025/12/01 20:34:09:531130,Front,KeyLog,KeyboardUI/Update,"{""c"":""G"",""position"":{""x"":0.0,""y"":0.0},""angle"":3.1415927410125734,""size_dots"":{""x"":0.0,""y"":0.0},""size_mm"":10.0}"
2025/12/01 20:34:09:531130,Front,KeyLog,KeyboardUI/Update,"{""c"":""H"",""position"":{""x"":0.0,""y"":0.0},""angle"":3.1415927410125734,""size_dots"":{""x"":0.0,""y"":0.0},""size_mm"":10.0}"
2025/12/01 20:34:09:531130,Front,KeyLog,KeyboardUI/Update,"{""c"":""J"",""position"":{""x"":0.0,""y"":0.0},""angle"":3.1415927410125734,""size_dots"":{""x"":0.0,""y"":0.0},""size_mm"":10.0}"
2025/12/01 20:34:09:531130,Front,KeyLog,KeyboardUI/Update,"{""c"":""K"",""position"":{""x"":0.0,""y"":0.0},""angle"":3.1415927410125734,""size_dots"":{""x"":0.0,""y"":0.0},""size_mm"":10.0}"
2025/12/01 20:34:09:532147,Front,KeyLog,KeyboardUI/Update,"{""c"":""L"",""position"":{""x"":0.0,""y"":0.0},""angle"":3.1415927410125734,""size_dots"":{""x"":0.0,""y"":0.0},""size_mm"":10.0}"
2025/12/01 20:34:09:533158,Front,KeyLog,KeyboardUI/Update,"{""c"":""Z"",""position"":{""x"":0.0,""y"":0.0},""angle"":3.1415927410125734,""size_dots"":{""x"":0.0,""y"":0.0},""size_mm"":10.0}"
2025/12/01 20:34:09:533158,Front,KeyLog,KeyboardUI/Update,"{""c"":""X"",""position"":{""x"":0.0,""y"":0.0},""angle"":3.1415927410125734,""size_dots"":{""x"":0.0,""y"":0.0},""size_mm"":10.0}"
2025/12/01 20:34:09:533158,Front,KeyLog,KeyboardUI/Update,"{""c"":""C"",""position"":{""x"":0.0,""y"":0.0},""angle"":3.1415927410125734,""size_dots"":{""x"":0.0,""y"":0.0},""size_mm"":10.0}"
2025/12/01 20:34:09:533158,Front,KeyLog,KeyboardUI/Update,"{""c"":""V"",""position"":{""x"":0.0,""y"":0.0},""angle"":3.1415927410125734,""size_dots"":{""x"":0.0,""y"":0.0},""size_mm"":10.0}"
2025/12/01 20:34:09:533158,Front,KeyLog,KeyboardUI/Update,"{""c"":""B"",""position"":{""x"":0.0,""y"":0.0},""angle"":3.1415927410125734,""size_dots"":{""x"":0.0,""y"":0.0},""size_mm"":10.0}"
2025/12/01 20:34:09:533158,Front,KeyLog,KeyboardUI/Update,"{""c"":""N"",""position"":{""x"":0.0,""y"":0.0},""angle"":3.1415927410125734,""size_dots"":{""x"":0.0,""y"":0.0},""size_mm"":10.0}"
2025/12/01 20:34:09:534171,Front,KeyLog,KeyboardUI/Update,"{""c"":""M"",""position"":{""x"":0.0,""y"":0.0},""angle"":3.1415927410125734,""size_dots"":{""x"":0.0,""y"":0.0},""size_mm"":10.0}"
2025/12/01 20:34:09:534171,Front,KeyLog,KeyboardUI/Update,"{""c"":""#"",""position"":{""x"":0.0,""y"":0.0},""angle"":3.1415927410125734,""size_dots"":{""x"":0.0,""y"":0.0},""size_mm"":13.800000190734864}"
2025/12/01 20:34:09:535181,Front,KeyLog,KeyboardUI/Update,"{""c"":""&"",""position"":{""x"":0.0,""y"":0.0},""angle"":3.1415927410125734,""size_dots"":{""x"":0.0,""y"":0.0},""size_mm"":13.800000190734864}"
2025/12/01 20:34:09:535181,Front,KeyLog,KeyboardUI/Update,"{""c"":""%"",""position"":{""x"":0.0,""y"":0.0},""angle"":3.1415927410125734,""size_dots"":{""x"":0.0,""y"":0.0},""size_mm"":13.800000190734864}"
2025/12/01 20:34:09:543770,Front,ARMarkerLog,ARMarkerDetector/Update,"{""position"":[0.0,0.0],""angle"":0.0}"
2025/12/01 20:34:09:557453,Front,KeyLog,KeyboardUI/Update,"{""c"":""Q"",""position"":{""x"":0.0,""y"":0.0},""angle"":3.1415927410125734,""size_dots"":{""x"":0.0,""y"":0.0},""size_mm"":10.0}"
2025/12/01 20:34:09:558472,Front,KeyLog,KeyboardUI/Update,"{""c"":""W"",""position"":{""x"":0.0,""y"":0.0},""angle"":3.1415927410125734,""size_dots"":{""x"":0.0,""y"":0.0},""size_mm"":10.0}"
2025/12/01 20:34:09:561502,Front,KeyLog,KeyboardUI/Update,"{""c"":""E"",""position"":{""x"":0.0,""y"":0.0},""angle"":3.1415927410125734,""size_dots"":{""x"":0.0,""y"":0.0},""size_mm"":10.0}"
2025/12/01 20:34:09:562517,Front,KeyLog,KeyboardUI/Update,"{""c"":""R"",""position"":{""x"":0.0,""y"":0.0},""angle"":3.1415927410125734,""size_dots"":{""x"":0.0,""y"":0.0},""size_mm"":10.0}"
2025/12/01 20:34:09:563525,Front,KeyLog,KeyboardUI/Update,"{""c"":""T"",""position"":{""x"":0.0,""y"":0.0},""angle"":3.1415927410125734,""size_dots"":{""x"":0.0,""y"":0.0},""size_mm"":10.0}"
2025/12/01 20:34:09:563525,Front,KeyLog,KeyboardUI/Update,"{""c"":""Y"",""position"":{""x"":0.0,""y"":0.0},""angle"":3.1415927410125734,""size_dots"":{""x"":0.0,""y"":0.0},""size_mm"":10.0}"
2025/12/01 20:34:09:564539,Front,KeyLog,KeyboardUI/Update,"{""c"":""U"",""position"":{""x"":0.0,""y"":0.0},""angle"":3.1415927410125734,""size_dots"":{""x"":0.0,""y"":0.0},""size_mm"":10.0}"
2025/12/01 20:34:09:565549,Front,KeyLog,KeyboardUI/Update,"{""c"":""I"",""position"":{""x"":0.0,""y"":0.0},""angle"":3.1415927410125734,""size_dots"":{""x"":0.0,""y"":0.0},""size_mm"":10.0}"
2025/12/01 20:34:09:565549,Front,KeyLog,KeyboardUI/Update,"{""c"":""O"",""position"":{""x"":0.0,""y"":0.0},""angle"":3.1415927410125734,""size_dots"":{""x"":0.0,""y"":0.0},""size_mm"":10.0}"
2025/12/01 20:34:09:565549,Front,KeyLog,KeyboardUI/Update,"{""c"":""P"",""position"":{""x"":0.0,""y"":0.0},""angle"":3.1415927410125734,""size_dots"":{""x"":0.0,""y"":0.0},""size_mm"":10.0}"
2025/12/01 20:34:09:565549,Front,KeyLog,KeyboardUI/Update,"{""c"":""A"",""position"":{""x"":0.0,""y"":0.0},""angle"":3.1415927410125734,""size_dots"":{""x"":0.0,""y"":0.0},""size_mm"":10.0}"
2025/12/01 20:34:09:565549,Front,KeyLog,KeyboardUI/Update,"{""c"":""S"",""position"":{""x"":0.0,""y"":0.0},""angle"":3.1415927410125734,""size_dots"":{""x"":0.0,""y"":0.0},""size_mm"":10.0}"
2025/12/01 20:34:09:565549,Front,KeyLog,KeyboardUI/Update,"{""c"":""D"",""position"":{""x"":0.0,""y"":0.0},""angle"":3.1415927410125734,""size_dots"":{""x"":0.0,""y"":0.0},""size_mm"":10.0}"
2025/12/01 20:34:09:565549,Front,KeyLog,KeyboardUI/Update,"{""c"":""F"",""position"":{""x"":0.0,""y"":0.0},""angle"":3.1415927410125734,""size_dots"":{""x"":0.0,""y"":0.0},""size_mm"":10.0}"
2025/12/01 20:34:09:565549,Front,KeyLog,KeyboardUI/Update,"{""c"":""G"",""position"":{""x"":0.0,""y"":0.0},""angle"":3.1415927410125734,""size_dots"":{""x"":0.0,""y"":0.0},""size_mm"":10.0}"
2025/12/01 20:34:09:565549,Front,KeyLog,KeyboardUI/Update,"{""c"":""H"",""position"":{""x"":0.0,""y"":0.0},""angle"":3.1415927410125734,""size_dots"":{""x"":0.0,""y"":0.0},""size_mm"":10.0}"
2025/12/01 20:34:09:565549,Front,KeyLog,KeyboardUI/Update,"{""c"":""J"",""position"":{""x"":0.0,""y"":0.0},""angle"":3.1415927410125734,""size_dots"":{""x"":0.0,""y"":0.0},""size_mm"":10.0}"
2025/12/01 20:34:09:565549,Front,KeyLog,KeyboardUI/Update,"{""c"":""K"",""position"":{""x"":0.0,""y"":0.0},""angle"":3.1415927410125734,""size_dots"":{""x"":0.0,""y"":0.0},""size_mm"":10.0}"
2025/12/01 20:34:09:565549,Front,KeyLog,KeyboardUI/Update,"{""c"":""L"",""position"":{""x"":0.0,""y"":0.0},""angle"":3.1415927410125734,""size_dots"":{""x"":0.0,""y"":0.0},""size_mm"":10.0}"
2025/12/01 20:34:09:565549,Front,KeyLog,KeyboardUI/Update,"{""c"":""Z"",""position"":{""x"":0.0,""y"":0.0},""angle"":3.1415927410125734,""size_dots"":{""x"":0.0,""y"":0.0},""size_mm"":10.0}"
2025/12/01 20:34:09:565549,Front,KeyLog,KeyboardUI/Update,"{""c"":""X"",""position"":{""x"":0.0,""y"":0.0},""angle"":3.1415927410125734,""size_dots"":{""x"":0.0,""y"":0.0},""size_mm"":10.0}"
2025/12/01 20:34:09:565549,Front,KeyLog,KeyboardUI/Update,"{""c"":""C"",""position"":{""x"":0.0,""y"":0.0},""angle"":3.1415927410125734,""size_dots"":{""x"":0.0,""y"":0.0},""size_mm"":10.0}"
2025/12/01 20:34:09:565549,Front,KeyLog,KeyboardUI/Update,"{""c"":""V"",""position"":{""x"":0.0,""y"":0.0},""angle"":3.1415927410125734,""size_dots"":{""x"":0.0,""y"":0.0},""size_mm"":10.0}"
2025/12/01 20:34:09:565549,Front,KeyLog,KeyboardUI/Update,"{""c"":""B"",""position"":{""x"":0.0,""y"":0.0},""angle"":3.1415927410125734,""size_dots"":{""x"":0.0,""y"":0.0},""size_mm"":10.0}"
2025/12/01 20:34:09:565549,Front,KeyLog,KeyboardUI/Update,"{""c"":""N"",""position"":{""x"":0.0,""y"":0.0},""angle"":3.1415927410125734,""size_dots"":{""x"":0.0,""y"":0.0},""size_mm"":10.0}"
2025/12/01 20:34:09:566548,Front,KeyLog,KeyboardUI/Update,"{""c"":""M"",""position"":{""x"":0.0,""y"":0.0},""angle"":3.1415927410125734,""size_dots"":{""x"":0.0,""y"":0.0},""size_mm"":10.0}"
2025/12/01 20:34:09:566548,Front,KeyLog,KeyboardUI/Update,"{""c"":""#"",""position"":{""x"":0.0,""y"":0.0},""angle"":3.1415927410125734,""size_dots"":{""x"":0.0,""y"":0.0},""size_mm"":13.800000190734864}"
2025/12/01 20:34:09:566548,Front,KeyLog,KeyboardUI/Update,"{""c"":""&"",""position"":{""x"":0.0,""y"":0.0},""angle"":3.1415927410125734,""size_dots"":{""x"":0.0,""y"":0.0},""size_mm"":13.800000190734864}"
2025/12/01 20:34:09:566548,Front,KeyLog,KeyboardUI/Update,"{""c"":""%"",""position"":{""x"":0.0,""y"":0.0},""angle"":3.1415927410125734,""size_dots"":{""x"":0.0,""y"":0.0},""size_mm"":13.800000190734864}"
2025/12/01 20:34:09:572155,Front,ARMarkerLog,ARMarkerDetector/Update,"{""position"":[0.0,0.0],""angle"":0.0}"
2025/12/01 20:34:09:580299,Front,KeyLog,KeyboardUI/Update,"{""c"":""Q"",""position"":{""x"":0.0,""y"":0.0},""angle"":3.1415927410125734,""size_dots"":{""x"":0.0,""y"":0.0},""size_mm"":10.0}"
2025/12/01 20:34:09:581309,Front,KeyLog,KeyboardUI/Update,"{""c"":""W"",""position"":{""x"":0.0,""y"":0.0},""angle"":3.1415927410125734,""size_dots"":{""x"":0.0,""y"":0.0},""size_mm"":10.0}"
2025/12/01 20:34:09:581309,Front,KeyLog,KeyboardUI/Update,"{""c"":""E"",""position"":{""x"":0.0,""y"":0.0},""angle"":3.1415927410125734,""size_dots"":{""x"":0.0,""y"":0.0},""size_mm"":10.0}"
2025/12/01 20:34:09:582320,Front,KeyLog,KeyboardUI/Update,"{""c"":""R"",""position"":{""x"":0.0,""y"":0.0},""angle"":3.1415927410125734,""size_dots"":{""x"":0.0,""y"":0.0},""size_mm"":10.0}"
2025/12/01 20:34:09:582320,Front,KeyLog,KeyboardUI/Update,"{""c"":""T"",""position"":{""x"":0.0,""y"":0.0},""angle"":3.1415927410125734,""size_dots"":{""x"":0.0,""y"":0.0},""size_mm"":10.0}"
2025/12/01 20:34:09:582320,Front,KeyLog,KeyboardUI/Update,"{""c"":""Y"",""position"":{""x"":0.0,""y"":0.0},""angle"":3.1415927410125734,""size_dots"":{""x"":0.0,""y"":0.0},""size_mm"":10.0}"
2025/12/01 20:34:09:583336,Front,KeyLog,KeyboardUI/Update,"{""c"":""U"",""position"":{""x"":0.0,""y"":0.0},""angle"":3.1415927410125734,""size_dots"":{""x"":0.0,""y"":0.0},""size_mm"":10.0}"
2025/12/01 20:34:09:583336,Front,KeyLog,KeyboardUI/Update,"{""c"":""I"",""position"":{""x"":0.0,""y"":0.0},""angle"":3.1415927410125734,""size_dots"":{""x"":0.0,""y"":0.0},""size_mm"":10.0}"
2025/12/01 20:34:09:583336,Front,KeyLog,KeyboardUI/Update,"{""c"":""O"",""position"":{""x"":0.0,""y"":0.0},""angle"":3.1415927410125734,""size_dots"":{""x"":0.0,""y"":0.0},""size_mm"":10.0}"
2025/12/01 20:34:09:583336,Front,KeyLog,KeyboardUI/Update,"{""c"":""P"",""position"":{""x"":0.0,""y"":0.0},""angle"":3.1415927410125734,""size_dots"":{""x"":0.0,""y"":0.0},""size_mm"":10.0}"
2025/12/01 20:34:09:583336,Front,KeyLog,KeyboardUI/Update,"{""c"":""A"",""position"":{""x"":0.0,""y"":0.0},""angle"":3.1415927410125734,""size_dots"":{""x"":0.0,""y"":0.0},""size_mm"":10.0}"
2025/12/01 20:34:09:584346,Front,KeyLog,KeyboardUI/Update,"{""c"":""S"",""position"":{""x"":0.0,""y"":0.0},""angle"":3.1415927410125734,""size_dots"":{""x"":0.0,""y"":0.0},""size_mm"":10.0}"
2025/12/01 20:34:09:584346,Front,KeyLog,KeyboardUI/Update,"{""c"":""D"",""position"":{""x"":0.0,""y"":0.0},""angle"":3.1415927410125734,""size_dots"":{""x"":0.0,""y"":0.0},""size_mm"":10.0}"
2025/12/01 20:34:09:584346,Front,KeyLog,KeyboardUI/Update,"{""c"":""F"",""position"":{""x"":0.0,""y"":0.0},""angle"":3.1415927410125734,""size_dots"":{""x"":0.0,""y"":0.0},""size_mm"":10.0}"
2025/12/01 20:34:09:585355,Front,KeyLog,KeyboardUI/Update,"{""c"":""G"",""position"":{""x"":0.0,""y"":0.0},""angle"":3.1415927410125734,""size_dots"":{""x"":0.0,""y"":0.0},""size_mm"":10.0}"
2025/12/01 20:34:09:585355,Front,KeyLog,KeyboardUI/Update,"{""c"":""H"",""position"":{""x"":0.0,""y"":0.0},""angle"":3.1415927410125734,""size_dots"":{""x"":0.0,""y"":0.0},""size_mm"":10.0}"
2025/12/01 20:34:09:586366,Front,KeyLog,KeyboardUI/Update,"{""c"":""J"",""position"":{""x"":0.0,""y"":0.0},""angle"":3.1415927410125734,""size_dots"":{""x"":0.0,""y"":0.0},""size_mm"":10.0}"
2025/12/01 20:34:09:586366,Front,KeyLog,KeyboardUI/Update,"{""c"":""K"",""position"":{""x"":0.0,""y"":0.0},""angle"":3.1415927410125734,""size_dots"":{""x"":0.0,""y"":0.0},""size_mm"":10.0}"
2025/12/01 20:34:09:586366,Front,KeyLog,KeyboardUI/Update,"{""c"":""L"",""position"":{""x"":0.0,""y"":0.0},""angle"":3.1415927410125734,""size_dots"":{""x"":0.0,""y"":0.0},""size_mm"":10.0}"
2025/12/01 20:34:09:586910,Front,KeyLog,KeyboardUI/Update,"{""c"":""Z"",""position"":{""x"":0.0,""y"":0.0},""angle"":3.1415927410125734,""size_dots"":{""x"":0.0,""y"":0.0},""size_mm"":10.0}"
2025/12/01 20:34:09:586910,Front,KeyLog,KeyboardUI/Update,"{""c"":""X"",""position"":{""x"":0.0,""y"":0.0},""angle"":3.1415927410125734,""size_dots"":{""x"":0.0,""y"":0.0},""size_mm"":10.0}"
2025/12/01 20:34:09:586910,Front,KeyLog,KeyboardUI/Update,"{""c"":""C"",""position"":{""x"":0.0,""y"":0.0},""angle"":3.1415927410125734,""size_dots"":{""x"":0.0,""y"":0.0},""size_mm"":10.0}"
2025/12/01 20:34:09:586910,Front,KeyLog,KeyboardUI/Update,"{""c"":""V"",""position"":{""x"":0.0,""y"":0.0},""angle"":3.1415927410125734,""size_dots"":{""x"":0.0,""y"":0.0},""size_mm"":10.0}"
2025/12/01 20:34:09:588432,Front,KeyLog,KeyboardUI/Update,"{""c"":""B"",""position"":{""x"":0.0,""y"":0.0},""angle"":3.1415927410125734,""size_dots"":{""x"":0.0,""y"":0.0},""size_mm"":10.0}"
2025/12/01 20:34:09:588432,Front,KeyLog,KeyboardUI/Update,"{""c"":""N"",""position"":{""x"":0.0,""y"":0.0},""angle"":3.1415927410125734,""size_dots"":{""x"":0.0,""y"":0.0},""size_mm"":10.0}"
2025/12/01 20:34:09:588432,Front,KeyLog,KeyboardUI/Update,"{""c"":""M"",""position"":{""x"":0.0,""y"":0.0},""angle"":3.1415927410125734,""size_dots"":{""x"":0.0,""y"":0.0},""size_mm"":10.0}"
2025/12/01 20:34:09:588432,Front,KeyLog,KeyboardUI/Update,"{""c"":""#"",""position"":{""x"":0.0,""y"":0.0},""angle"":3.1415927410125734,""size_dots"":{""x"":0.0,""y"":0.0},""size_mm"":13.800000190734864}"
2025/12/01 20:34:09:588432,Front,KeyLog,KeyboardUI/Update,"{""c"":""&"",""position"":{""x"":0.0,""y"":0.0},""angle"":3.1415927410125734,""size_dots"":{""x"":0.0,""y"":0.0},""size_mm"":13.800000190734864}"
2025/12/01 20:34:09:588432,Front,KeyLog,KeyboardUI/Update,"{""c"":""%"",""position"":{""x"":0.0,""y"":0.0},""angle"":3.1415927410125734,""size_dots"":{""x"":0.0,""y"":0.0},""size_mm"":13.800000190734864}"
2025/12/01 20:34:09:599048,Front,ARMarkerLog,ARMarkerDetector/Update,"{""position"":[0.0,0.0],""angle"":0.0}"
2025/12/01 20:34:09:606675,Front,KeyLog,KeyboardUI/Update,"{""c"":""Q"",""position"":{""x"":0.0,""y"":0.0},""angle"":3.1415927410125734,""size_dots"":{""x"":0.0,""y"":0.0},""size_mm"":10.0}"
2025/12/01 20:34:09:607184,Front,KeyLog,KeyboardUI/Update,"{""c"":""W"",""position"":{""x"":0.0,""y"":0.0},""angle"":3.1415927410125734,""size_dots"":{""x"":0.0,""y"":0.0},""size_mm"":10.0}"
2025/12/01 20:34:09:608200,Front,KeyLog,KeyboardUI/Update,"{""c"":""E"",""position"":{""x"":0.0,""y"":0.0},""angle"":3.1415927410125734,""size_dots"":{""x"":0.0,""y"":0.0},""size_mm"":10.0}"
2025/12/01 20:34:09:608200,Front,KeyLog,KeyboardUI/Update,"{""c"":""R"",""position"":{""x"":0.0,""y"":0.0},""angle"":3.1415927410125734,""size_dots"":{""x"":0.0,""y"":0.0},""size_mm"":10.0}"
2025/12/01 20:34:09:609211,Front,KeyLog,KeyboardUI/Update,"{""c"":""T"",""position"":{""x"":0.0,""y"":0.0},""angle"":3.1415927410125734,""size_dots"":{""x"":0.0,""y"":0.0},""size_mm"":10.0}"
2025/12/01 20:34:09:609211,Front,KeyLog,KeyboardUI/Update,"{""c"":""Y"",""position"":{""x"":0.0,""y"":0.0},""angle"":3.1415927410125734,""size_dots"":{""x"":0.0,""y"":0.0},""size_mm"":10.0}"
2025/12/01 20:34:09:609211,Front,KeyLog,KeyboardUI/Update,"{""c"":""U"",""position"":{""x"":0.0,""y"":0.0},""angle"":3.1415927410125734,""size_dots"":{""x"":0.0,""y"":0.0},""size_mm"":10.0}"
2025/12/01 20:34:09:609211,Front,KeyLog,KeyboardUI/Update,"{""c"":""I"",""position"":{""x"":0.0,""y"":0.0},""angle"":3.1415927410125734,""size_dots"":{""x"":0.0,""y"":0.0},""size_mm"":10.0}"
2025/12/01 20:34:09:609211,Front,KeyLog,KeyboardUI/Update,"{""c"":""O"",""position"":{""x"":0.0,""y"":0.0},""angle"":3.1415927410125734,""size_dots"":{""x"":0.0,""y"":0.0},""size_mm"":10.0}"
2025/12/01 20:34:09:610219,Front,KeyLog,KeyboardUI/Update,"{""c"":""P"",""position"":{""x"":0.0,""y"":0.0},""angle"":3.1415927410125734,""size_dots"":{""x"":0.0,""y"":0.0},""size_mm"":10.0}"
2025/12/01 20:34:09:610219,Front,KeyLog,KeyboardUI/Update,"{""c"":""A"",""position"":{""x"":0.0,""y"":0.0},""angle"":3.1415927410125734,""size_dots"":{""x"":0.0,""y"":0.0},""size_mm"":10.0}"
2025/12/01 20:34:09:610219,Front,KeyLog,KeyboardUI/Update,"{""c"":""S"",""position"":{""x"":0.0,""y"":0.0},""angle"":3.1415927410125734,""size_dots"":{""x"":0.0,""y"":0.0},""size_mm"":10.0}"
2025/12/01 20:34:09:611231,Front,KeyLog,KeyboardUI/Update,"{""c"":""D"",""position"":{""x"":0.0,""y"":0.0},""angle"":3.1415927410125734,""size_dots"":{""x"":0.0,""y"":0.0},""size_mm"":10.0}"
2025/12/01 20:34:09:611231,Front,KeyLog,KeyboardUI/Update,"{""c"":""F"",""position"":{""x"":0.0,""y"":0.0},""angle"":3.1415927410125734,""size_dots"":{""x"":0.0,""y"":0.0},""size_mm"":10.0}"
2025/12/01 20:34:09:611231,Front,KeyLog,KeyboardUI/Update,"{""c"":""G"",""position"":{""x"":0.0,""y"":0.0},""angle"":3.1415927410125734,""size_dots"":{""x"":0.0,""y"":0.0},""size_mm"":10.0}"
2025/12/01 20:34:09:611231,Front,KeyLog,KeyboardUI/Update,"{""c"":""H"",""position"":{""x"":0.0,""y"":0.0},""angle"":3.1415927410125734,""size_dots"":{""x"":0.0,""y"":0.0},""size_mm"":10.0}"
2025/12/01 20:34:09:611231,Front,KeyLog,KeyboardUI/Update,"{""c"":""J"",""position"":{""x"":0.0,""y"":0.0},""angle"":3.1415927410125734,""size_dots"":{""x"":0.0,""y"":0.0},""size_mm"":10.0}"
2025/12/01 20:34:09:611231,Front,KeyLog,KeyboardUI/Update,"{""c"":""K"",""position"":{""x"":0.0,""y"":0.0},""angle"":3.1415927410125734,""size_dots"":{""x"":0.0,""y"":0.0},""size_mm"":10.0}"
2025/12/01 20:34:09:612245,Front,KeyLog,KeyboardUI/Update,"{""c"":""L"",""position"":{""x"":0.0,""y"":0.0},""angle"":3.1415927410125734,""size_dots"":{""x"":0.0,""y"":0.0},""size_mm"":10.0}"
2025/12/01 20:34:09:613260,Front,KeyLog,KeyboardUI/Update,"{""c"":""Z"",""position"":{""x"":0.0,""y"":0.0},""angle"":3.1415927410125734,""size_dots"":{""x"":0.0,""y"":0.0},""size_mm"":10.0}"
2025/12/01 20:34:09:613260,Front,KeyLog,KeyboardUI/Update,"{""c"":""X"",""position"":{""x"":0.0,""y"":0.0},""angle"":3.1415927410125734,""size_dots"":{""x"":0.0,""y"":0.0},""size_mm"":10.0}"
2025/12/01 20:34:09:613260,Front,KeyLog,KeyboardUI/Update,"{""c"":""C"",""position"":{""x"":0.0,""y"":0.0},""angle"":3.1415927410125734,""size_dots"":{""x"":0.0,""y"":0.0},""size_mm"":10.0}"
2025/12/01 20:34:09:613260,Front,KeyLog,KeyboardUI/Update,"{""c"":""V"",""position"":{""x"":0.0,""y"":0.0},""angle"":3.1415927410125734,""size_dots"":{""x"":0.0,""y"":0.0},""size_mm"":10.0}"
2025/12/01 20:34:09:614280,Front,KeyLog,KeyboardUI/Update,"{""c"":""B"",""position"":{""x"":0.0,""y"":0.0},""angle"":3.1415927410125734,""size_dots"":{""x"":0.0,""y"":0.0},""size_mm"":10.0}"
2025/12/01 20:34:09:614280,Front,KeyLog,KeyboardUI/Update,"{""c"":""N"",""position"":{""x"":0.0,""y"":0.0},""angle"":3.1415927410125734,""size_dots"":{""x"":0.0,""y"":0.0},""size_mm"":10.0}"
2025/12/01 20:34:09:614280,Front,KeyLog,KeyboardUI/Update,"{""c"":""M"",""position"":{""x"":0.0,""y"":0.0},""angle"":3.1415927410125734,""size_dots"":{""x"":0.0,""y"":0.0},""size_mm"":10.0}"
2025/12/01 20:34:09:614280,Front,KeyLog,KeyboardUI/Update,"{""c"":""#"",""position"":{""x"":0.0,""y"":0.0},""angle"":3.1415927410125734,""size_dots"":{""x"":0.0,""y"":0.0},""size_mm"":13.800000190734864}"
2025/12/01 20:34:09:615292,Front,KeyLog,KeyboardUI/Update,"{""c"":""&"",""position"":{""x"":0.0,""y"":0.0},""angle"":3.1415927410125734,""size_dots"":{""x"":0.0,""y"":0.0},""size_mm"":13.800000190734864}"
2025/12/01 20:34:09:616301,Front,KeyLog,KeyboardUI/Update,"{""c"":""%"",""position"":{""x"":0.0,""y"":0.0},""angle"":3.1415927410125734,""size_dots"":{""x"":0.0,""y"":0.0},""size_mm"":13.800000190734864}"
2025/12/01 20:34:09:625450,Front,ARMarkerLog,ARMarkerDetector/Update,"{""position"":[0.0,0.0],""angle"":0.0}"
2025/12/01 20:34:09:643650,Front,KeyLog,KeyboardUI/Update,"{""c"":""Q"",""position"":{""x"":0.0,""y"":0.0},""angle"":3.1415927410125734,""size_dots"":{""x"":0.0,""y"":0.0},""size_mm"":10.0}"
2025/12/01 20:34:09:645684,Front,KeyLog,KeyboardUI/Update,"{""c"":""W"",""position"":{""x"":0.0,""y"":0.0},""angle"":3.1415927410125734,""size_dots"":{""x"":0.0,""y"":0.0},""size_mm"":10.0}"
2025/12/01 20:34:09:646684,Front,KeyLog,KeyboardUI/Update,"{""c"":""E"",""position"":{""x"":0.0,""y"":0.0},""angle"":3.1415927410125734,""size_dots"":{""x"":0.0,""y"":0.0},""size_mm"":10.0}"
2025/12/01 20:34:09:647187,Front,KeyLog,KeyboardUI/Update,"{""c"":""R"",""position"":{""x"":0.0,""y"":0.0},""angle"":3.1415927410125734,""size_dots"":{""x"":0.0,""y"":0.0},""size_mm"":10.0}"
2025/12/01 20:34:09:648198,Front,KeyLog,KeyboardUI/Update,"{""c"":""T"",""position"":{""x"":0.0,""y"":0.0},""angle"":3.1415927410125734,""size_dots"":{""x"":0.0,""y"":0.0},""size_mm"":10.0}"
2025/12/01 20:34:09:649228,Front,KeyLog,KeyboardUI/Update,"{""c"":""Y"",""position"":{""x"":0.0,""y"":0.0},""angle"":3.1415927410125734,""size_dots"":{""x"":0.0,""y"":0.0},""size_mm"":10.0}"
2025/12/01 20:34:09:649228,Front,KeyLog,KeyboardUI/Update,"{""c"":""U"",""position"":{""x"":0.0,""y"":0.0},""angle"":3.1415927410125734,""size_dots"":{""x"":0.0,""y"":0.0},""size_mm"":10.0}"
2025/12/01 20:34:09:650238,Front,KeyLog,KeyboardUI/Update,"{""c"":""I"",""position"":{""x"":0.0,""y"":0.0},""angle"":3.1415927410125734,""size_dots"":{""x"":0.0,""y"":0.0},""size_mm"":10.0}"
2025/12/01 20:34:09:651248,Front,KeyLog,KeyboardUI/Update,"{""c"":""O"",""position"":{""x"":0.0,""y"":0.0},""angle"":3.1415927410125734,""size_dots"":{""x"":0.0,""y"":0.0},""size_mm"":10.0}"
2025/12/01 20:34:09:652257,Front,KeyLog,KeyboardUI/Update,"{""c"":""P"",""position"":{""x"":0.0,""y"":0.0},""angle"":3.1415927410125734,""size_dots"":{""x"":0.0,""y"":0.0},""size_mm"":10.0}"
2025/12/01 20:34:09:652257,Front,KeyLog,KeyboardUI/Update,"{""c"":""A"",""position"":{""x"":0.0,""y"":0.0},""angle"":3.1415927410125734,""size_dots"":{""x"":0.0,""y"":0.0},""size_mm"":10.0}"
2025/12/01 20:34:09:653268,Front,KeyLog,KeyboardUI/Update,"{""c"":""S"",""position"":{""x"":0.0,""y"":0.0},""angle"":3.1415927410125734,""size_dots"":{""x"":0.0,""y"":0.0},""size_mm"":10.0}"
2025/12/01 20:34:09:654278,Front,KeyLog,KeyboardUI/Update,"{""c"":""D"",""position"":{""x"":0.0,""y"":0.0},""angle"":3.1415927410125734,""size_dots"":{""x"":0.0,""y"":0.0},""size_mm"":10.0}"
2025/12/01 20:34:09:655287,Front,KeyLog,KeyboardUI/Update,"{""c"":""F"",""position"":{""x"":0.0,""y"":0.0},""angle"":3.1415927410125734,""size_dots"":{""x"":0.0,""y"":0.0},""size_mm"":10.0}"
2025/12/01 20:34:09:656303,Front,KeyLog,KeyboardUI/Update,"{""c"":""G"",""position"":{""x"":0.0,""y"":0.0},""angle"":3.1415927410125734,""size_dots"":{""x"":0.0,""y"":0.0},""size_mm"":10.0}"
2025/12/01 20:34:09:657321,Front,KeyLog,KeyboardUI/Update,"{""c"":""H"",""position"":{""x"":0.0,""y"":0.0},""angle"":3.1415927410125734,""size_dots"":{""x"":0.0,""y"":0.0},""size_mm"":10.0}"
2025/12/01 20:34:09:658824,Front,KeyLog,KeyboardUI/Update,"{""c"":""J"",""position"":{""x"":0.0,""y"":0.0},""angle"":3.1415927410125734,""size_dots"":{""x"":0.0,""y"":0.0},""size_mm"":10.0}"
2025/12/01 20:34:09:659834,Front,KeyLog,KeyboardUI/Update,"{""c"":""K"",""position"":{""x"":0.0,""y"":0.0},""angle"":3.1415927410125734,""size_dots"":{""x"":0.0,""y"":0.0},""size_mm"":10.0}"
2025/12/01 20:34:09:660842,Front,KeyLog,KeyboardUI/Update,"{""c"":""L"",""position"":{""x"":0.0,""y"":0.0},""angle"":3.1415927410125734,""size_dots"":{""x"":0.0,""y"":0.0},""size_mm"":10.0}"
2025/12/01 20:34:09:661853,Front,KeyLog,KeyboardUI/Update,"{""c"":""Z"",""position"":{""x"":0.0,""y"":0.0},""angle"":3.1415927410125734,""size_dots"":{""x"":0.0,""y"":0.0},""size_mm"":10.0}"
2025/12/01 20:34:09:662863,Front,KeyLog,KeyboardUI/Update,"{""c"":""X"",""position"":{""x"":0.0,""y"":0.0},""angle"":3.1415927410125734,""size_dots"":{""x"":0.0,""y"":0.0},""size_mm"":10.0}"
2025/12/01 20:34:09:663872,Front,KeyLog,KeyboardUI/Update,"{""c"":""C"",""position"":{""x"":0.0,""y"":0.0},""angle"":3.1415927410125734,""size_dots"":{""x"":0.0,""y"":0.0},""size_mm"":10.0}"
2025/12/01 20:34:09:664902,Front,KeyLog,KeyboardUI/Update,"{""c"":""V"",""position"":{""x"":0.0,""y"":0.0},""angle"":3.1415927410125734,""size_dots"":{""x"":0.0,""y"":0.0},""size_mm"":10.0}"
2025/12/01 20:34:09:664902,Front,KeyLog,KeyboardUI/Update,"{""c"":""B"",""position"":{""x"":0.0,""y"":0.0},""angle"":3.1415927410125734,""size_dots"":{""x"":0.0,""y"":0.0},""size_mm"":10.0}"
2025/12/01 20:34:09:665914,Front,KeyLog,KeyboardUI/Update,"{""c"":""N"",""position"":{""x"":0.0,""y"":0.0},""angle"":3.1415927410125734,""size_dots"":{""x"":0.0,""y"":0.0},""size_mm"":10.0}"
2025/12/01 20:34:09:666914,Front,KeyLog,KeyboardUI/Update,"{""c"":""M"",""position"":{""x"":0.0,""y"":0.0},""angle"":3.1415927410125734,""size_dots"":{""x"":0.0,""y"":0.0},""size_mm"":10.0}"
2025/12/01 20:34:09:668430,Front,KeyLog,KeyboardUI/Update,"{""c"":""#"",""position"":{""x"":0.0,""y"":0.0},""angle"":3.1415927410125734,""size_dots"":{""x"":0.0,""y"":0.0},""size_mm"":13.800000190734864}"
2025/12/01 20:34:09:668430,Front,KeyLog,KeyboardUI/Update,"{""c"":""&"",""position"":{""x"":0.0,""y"":0.0},""angle"":3.1415927410125734,""size_dots"":{""x"":0.0,""y"":0.0},""size_mm"":13.800000190734864}"
2025/12/01 20:34:09:668430,Front,KeyLog,KeyboardUI/Update,"{""c"":""%"",""position"":{""x"":0.0,""y"":0.0},""angle"":3.1415927410125734,""size_dots"":{""x"":0.0,""y"":0.0},""size_mm"":13.800000190734864}"
2025/12/01 20:34:09:703402,Front,ARMarkerLog,ARMarkerDetector/Update,"{""position"":[0.0,0.0],""angle"":0.0}"
2025/12/01 20:34:09:720172,Front,KeyLog,KeyboardUI/Update,"{""c"":""Q"",""position"":{""x"":0.0,""y"":0.0},""angle"":3.1415927410125734,""size_dots"":{""x"":0.0,""y"":0.0},""size_mm"":10.0}"
2025/12/01 20:34:09:721184,Front,KeyLog,KeyboardUI/Update,"{""c"":""W"",""position"":{""x"":0.0,""y"":0.0},""angle"":3.1415927410125734,""size_dots"":{""x"":0.0,""y"":0.0},""size_mm"":10.0}"
2025/12/01 20:34:09:721184,Front,KeyLog,KeyboardUI/Update,"{""c"":""E"",""position"":{""x"":0.0,""y"":0.0},""angle"":3.1415927410125734,""size_dots"":{""x"":0.0,""y"":0.0},""size_mm"":10.0}"
2025/12/01 20:34:09:721184,Front,KeyLog,KeyboardUI/Update,"{""c"":""R"",""position"":{""x"":0.0,""y"":0.0},""angle"":3.1415927410125734,""size_dots"":{""x"":0.0,""y"":0.0},""size_mm"":10.0}"
2025/12/01 20:34:09:722197,Front,KeyLog,KeyboardUI/Update,"{""c"":""T"",""position"":{""x"":0.0,""y"":0.0},""angle"":3.1415927410125734,""size_dots"":{""x"":0.0,""y"":0.0},""size_mm"":10.0}"
2025/12/01 20:34:09:722197,Front,KeyLog,KeyboardUI/Update,"{""c"":""Y"",""position"":{""x"":0.0,""y"":0.0},""angle"":3.1415927410125734,""size_dots"":{""x"":0.0,""y"":0.0},""size_mm"":10.0}"
2025/12/01 20:34:09:722197,Front,KeyLog,KeyboardUI/Update,"{""c"":""U"",""position"":{""x"":0.0,""y"":0.0},""angle"":3.1415927410125734,""size_dots"":{""x"":0.0,""y"":0.0},""size_mm"":10.0}"
2025/12/01 20:34:09:723206,Front,KeyLog,KeyboardUI/Update,"{""c"":""I"",""position"":{""x"":0.0,""y"":0.0},""angle"":3.1415927410125734,""size_dots"":{""x"":0.0,""y"":0.0},""size_mm"":10.0}"
2025/12/01 20:34:09:723206,Front,KeyLog,KeyboardUI/Update,"{""c"":""O"",""position"":{""x"":0.0,""y"":0.0},""angle"":3.1415927410125734,""size_dots"":{""x"":0.0,""y"":0.0},""size_mm"":10.0}"
2025/12/01 20:34:09:723206,Front,KeyLog,KeyboardUI/Update,"{""c"":""P"",""position"":{""x"":0.0,""y"":0.0},""angle"":3.1415927410125734,""size_dots"":{""x"":0.0,""y"":0.0},""size_mm"":10.0}"
2025/12/01 20:34:09:723206,Front,KeyLog,KeyboardUI/Update,"{""c"":""A"",""position"":{""x"":0.0,""y"":0.0},""angle"":3.1415927410125734,""size_dots"":{""x"":0.0,""y"":0.0},""size_mm"":10.0}"
2025/12/01 20:34:09:723206,Front,KeyLog,KeyboardUI/Update,"{""c"":""S"",""position"":{""x"":0.0,""y"":0.0},""angle"":3.1415927410125734,""size_dots"":{""x"":0.0,""y"":0.0},""size_mm"":10.0}"
2025/12/01 20:34:09:723206,Front,KeyLog,KeyboardUI/Update,"{""c"":""D"",""position"":{""x"":0.0,""y"":0.0},""angle"":3.1415927410125734,""size_dots"":{""x"":0.0,""y"":0.0},""size_mm"":10.0}"
2025/12/01 20:34:09:723206,Front,KeyLog,KeyboardUI/Update,"{""c"":""F"",""position"":{""x"":0.0,""y"":0.0},""angle"":3.1415927410125734,""size_dots"":{""x"":0.0,""y"":0.0},""size_mm"":10.0}"
2025/12/01 20:34:09:723206,Front,KeyLog,KeyboardUI/Update,"{""c"":""G"",""position"":{""x"":0.0,""y"":0.0},""angle"":3.1415927410125734,""size_dots"":{""x"":0.0,""y"":0.0},""size_mm"":10.0}"
2025/12/01 20:34:09:724217,Front,KeyLog,KeyboardUI/Update,"{""c"":""H"",""position"":{""x"":0.0,""y"":0.0},""angle"":3.1415927410125734,""size_dots"":{""x"":0.0,""y"":0.0},""size_mm"":10.0}"
2025/12/01 20:34:09:724217,Front,KeyLog,KeyboardUI/Update,"{""c"":""J"",""position"":{""x"":0.0,""y"":0.0},""angle"":3.1415927410125734,""size_dots"":{""x"":0.0,""y"":0.0},""size_mm"":10.0}"
2025/12/01 20:34:09:725334,Front,KeyLog,KeyboardUI/Update,"{""c"":""K"",""position"":{""x"":0.0,""y"":0.0},""angle"":3.1415927410125734,""size_dots"":{""x"":0.0,""y"":0.0},""size_mm"":10.0}"
2025/12/01 20:34:09:725334,Front,KeyLog,KeyboardUI/Update,"{""c"":""L"",""position"":{""x"":0.0,""y"":0.0},""angle"":3.1415927410125734,""size_dots"":{""x"":0.0,""y"":0.0},""size_mm"":10.0}"
2025/12/01 20:34:09:726340,Front,KeyLog,KeyboardUI/Update,"{""c"":""Z"",""position"":{""x"":0.0,""y"":0.0},""angle"":3.1415927410125734,""size_dots"":{""x"":0.0,""y"":0.0},""size_mm"":10.0}"
2025/12/01 20:34:09:726340,Front,KeyLog,KeyboardUI/Update,"{""c"":""X"",""position"":{""x"":0.0,""y"":0.0},""angle"":3.1415927410125734,""size_dots"":{""x"":0.0,""y"":0.0},""size_mm"":10.0}"
2025/12/01 20:34:09:726340,Front,KeyLog,KeyboardUI/Update,"{""c"":""C"",""position"":{""x"":0.0,""y"":0.0},""angle"":3.1415927410125734,""size_dots"":{""x"":0.0,""y"":0.0},""size_mm"":10.0}"
2025/12/01 20:34:09:726847,Front,KeyLog,KeyboardUI/Update,"{""c"":""V"",""position"":{""x"":0.0,""y"":0.0},""angle"":3.1415927410125734,""size_dots"":{""x"":0.0,""y"":0.0},""size_mm"":10.0}"
2025/12/01 20:34:09:726847,Front,KeyLog,KeyboardUI/Update,"{""c"":""B"",""position"":{""x"":0.0,""y"":0.0},""angle"":3.1415927410125734,""size_dots"":{""x"":0.0,""y"":0.0},""size_mm"":10.0}"
2025/12/01 20:34:09:727354,Front,KeyLog,KeyboardUI/Update,"{""c"":""N"",""position"":{""x"":0.0,""y"":0.0},""angle"":3.1415927410125734,""size_dots"":{""x"":0.0,""y"":0.0},""size_mm"":10.0}"
2025/12/01 20:34:09:727354,Front,KeyLog,KeyboardUI/Update,"{""c"":""M"",""position"":{""x"":0.0,""y"":0.0},""angle"":3.1415927410125734,""size_dots"":{""x"":0.0,""y"":0.0},""size_mm"":10.0}"
2025/12/01 20:34:09:727354,Front,KeyLog,KeyboardUI/Update,"{""c"":""#"",""position"":{""x"":0.0,""y"":0.0},""angle"":3.1415927410125734,""size_dots"":{""x"":0.0,""y"":0.0},""size_mm"":13.800000190734864}"
2025/12/01 20:34:09:728406,Front,KeyLog,KeyboardUI/Update,"{""c"":""&"",""position"":{""x"":0.0,""y"":0.0},""angle"":3.1415927410125734,""size_dots"":{""x"":0.0,""y"":0.0},""size_mm"":13.800000190734864}"
2025/12/01 20:34:09:728406,Front,KeyLog,KeyboardUI/Update,"{""c"":""%"",""position"":{""x"":0.0,""y"":0.0},""angle"":3.1415927410125734,""size_dots"":{""x"":0.0,""y"":0.0},""size_mm"":13.800000190734864}"
2025/12/01 20:34:09:740032,Front,ARMarkerLog,ARMarkerDetector/Update,"{""position"":[0.0,0.0],""angle"":0.0}"
2025/12/01 20:34:09:756774,Front,KeyLog,KeyboardUI/Update,"{""c"":""Q"",""position"":{""x"":0.0,""y"":0.0},""angle"":3.1415927410125734,""size_dots"":{""x"":0.0,""y"":0.0},""size_mm"":10.0}"
2025/12/01 20:34:09:757285,Front,KeyLog,KeyboardUI/Update,"{""c"":""W"",""position"":{""x"":0.0,""y"":0.0},""angle"":3.1415927410125734,""size_dots"":{""x"":0.0,""y"":0.0},""size_mm"":10.0}"
2025/12/01 20:34:09:757285,Front,KeyLog,KeyboardUI/Update,"{""c"":""E"",""position"":{""x"":0.0,""y"":0.0},""angle"":3.1415927410125734,""size_dots"":{""x"":0.0,""y"":0.0},""size_mm"":10.0}"
2025/12/01 20:34:09:757285,Front,KeyLog,KeyboardUI/Update,"{""c"":""R"",""position"":{""x"":0.0,""y"":0.0},""angle"":3.1415927410125734,""size_dots"":{""x"":0.0,""y"":0.0},""size_mm"":10.0}"
2025/12/01 20:34:09:758285,Front,KeyLog,KeyboardUI/Update,"{""c"":""T"",""position"":{""x"":0.0,""y"":0.0},""angle"":3.1415927410125734,""size_dots"":{""x"":0.0,""y"":0.0},""size_mm"":10.0}"
2025/12/01 20:34:09:758285,Front,KeyLog,KeyboardUI/Update,"{""c"":""Y"",""position"":{""x"":0.0,""y"":0.0},""angle"":3.1415927410125734,""size_dots"":{""x"":0.0,""y"":0.0},""size_mm"":10.0}"
2025/12/01 20:34:09:758285,Front,KeyLog,KeyboardUI/Update,"{""c"":""U"",""position"":{""x"":0.0,""y"":0.0},""angle"":3.1415927410125734,""size_dots"":{""x"":0.0,""y"":0.0},""size_mm"":10.0}"
2025/12/01 20:34:09:758285,Front,KeyLog,KeyboardUI/Update,"{""c"":""I"",""position"":{""x"":0.0,""y"":0.0},""angle"":3.1415927410125734,""size_dots"":{""x"":0.0,""y"":0.0},""size_mm"":10.0}"
2025/12/01 20:34:09:758285,Front,KeyLog,KeyboardUI/Update,"{""c"":""O"",""position"":{""x"":0.0,""y"":0.0},""angle"":3.1415927410125734,""size_dots"":{""x"":0.0,""y"":0.0},""size_mm"":10.0}"
2025/12/01 20:34:09:758285,Front,KeyLog,KeyboardUI/Update,"{""c"":""P"",""position"":{""x"":0.0,""y"":0.0},""angle"":3.1415927410125734,""size_dots"":{""x"":0.0,""y"":0.0},""size_mm"":10.0}"
2025/12/01 20:34:09:758285,Front,KeyLog,KeyboardUI/Update,"{""c"":""A"",""position"":{""x"":0.0,""y"":0.0},""angle"":3.1415927410125734,""size_dots"":{""x"":0.0,""y"":0.0},""size_mm"":10.0}"
2025/12/01 20:34:09:758285,Front,KeyLog,KeyboardUI/Update,"{""c"":""S"",""position"":{""x"":0.0,""y"":0.0},""angle"":3.1415927410125734,""size_dots"":{""x"":0.0,""y"":0.0},""size_mm"":10.0}"
2025/12/01 20:34:09:758285,Front,KeyLog,KeyboardUI/Update,"{""c"":""D"",""position"":{""x"":0.0,""y"":0.0},""angle"":3.1415927410125734,""size_dots"":{""x"":0.0,""y"":0.0},""size_mm"":10.0}"
2025/12/01 20:34:09:758285,Front,KeyLog,KeyboardUI/Update,"{""c"":""F"",""position"":{""x"":0.0,""y"":0.0},""angle"":3.1415927410125734,""size_dots"":{""x"":0.0,""y"":0.0},""size_mm"":10.0}"
2025/12/01 20:34:09:758285,Front,KeyLog,KeyboardUI/Update,"{""c"":""G"",""position"":{""x"":0.0,""y"":0.0},""angle"":3.1415927410125734,""size_dots"":{""x"":0.0,""y"":0.0},""size_mm"":10.0}"
2025/12/01 20:34:09:758788,Front,KeyLog,KeyboardUI/Update,"{""c"":""H"",""position"":{""x"":0.0,""y"":0.0},""angle"":3.1415927410125734,""size_dots"":{""x"":0.0,""y"":0.0},""size_mm"":10.0}"
2025/12/01 20:34:09:758788,Front,KeyLog,KeyboardUI/Update,"{""c"":""J"",""position"":{""x"":0.0,""y"":0.0},""angle"":3.1415927410125734,""size_dots"":{""x"":0.0,""y"":0.0},""size_mm"":10.0}"
2025/12/01 20:34:09:758788,Front,KeyLog,KeyboardUI/Update,"{""c"":""K"",""position"":{""x"":0.0,""y"":0.0},""angle"":3.1415927410125734,""size_dots"":{""x"":0.0,""y"":0.0},""size_mm"":10.0}"
2025/12/01 20:34:09:758788,Front,KeyLog,KeyboardUI/Update,"{""c"":""L"",""position"":{""x"":0.0,""y"":0.0},""angle"":3.1415927410125734,""size_dots"":{""x"":0.0,""y"":0.0},""size_mm"":10.0}"
2025/12/01 20:34:09:758788,Front,KeyLog,KeyboardUI/Update,"{""c"":""Z"",""position"":{""x"":0.0,""y"":0.0},""angle"":3.1415927410125734,""size_dots"":{""x"":0.0,""y"":0.0},""size_mm"":10.0}"
2025/12/01 20:34:09:758788,Front,KeyLog,KeyboardUI/Update,"{""c"":""X"",""position"":{""x"":0.0,""y"":0.0},""angle"":3.1415927410125734,""size_dots"":{""x"":0.0,""y"":0.0},""size_mm"":10.0}"
2025/12/01 20:34:09:758788,Front,KeyLog,KeyboardUI/Update,"{""c"":""C"",""position"":{""x"":0.0,""y"":0.0},""angle"":3.1415927410125734,""size_dots"":{""x"":0.0,""y"":0.0},""size_mm"":10.0}"
2025/12/01 20:34:09:758788,Front,KeyLog,KeyboardUI/Update,"{""c"":""V"",""position"":{""x"":0.0,""y"":0.0},""angle"":3.1415927410125734,""size_dots"":{""x"":0.0,""y"":0.0},""size_mm"":10.0}"
2025/12/01 20:34:09:758788,Front,KeyLog,KeyboardUI/Update,"{""c"":""B"",""position"":{""x"":0.0,""y"":0.0},""angle"":3.1415927410125734,""size_dots"":{""x"":0.0,""y"":0.0},""size_mm"":10.0}"
2025/12/01 20:34:09:758788,Front,KeyLog,KeyboardUI/Update,"{""c"":""N"",""position"":{""x"":0.0,""y"":0.0},""angle"":3.1415927410125734,""size_dots"":{""x"":0.0,""y"":0.0},""size_mm"":10.0}"
2025/12/01 20:34:09:759796,Front,KeyLog,KeyboardUI/Update,"{""c"":""M"",""position"":{""x"":0.0,""y"":0.0},""angle"":3.1415927410125734,""size_dots"":{""x"":0.0,""y"":0.0},""size_mm"":10.0}"
2025/12/01 20:34:09:759796,Front,KeyLog,KeyboardUI/Update,"{""c"":""#"",""position"":{""x"":0.0,""y"":0.0},""angle"":3.1415927410125734,""size_dots"":{""x"":0.0,""y"":0.0},""size_mm"":13.800000190734864}"
2025/12/01 20:34:09:759796,Front,KeyLog,KeyboardUI/Update,"{""c"":""&"",""position"":{""x"":0.0,""y"":0.0},""angle"":3.1415927410125734,""size_dots"":{""x"":0.0,""y"":0.0},""size_mm"":13.800000190734864}"
2025/12/01 20:34:09:759796,Front,KeyLog,KeyboardUI/Update,"{""c"":""%"",""position"":{""x"":0.0,""y"":0.0},""angle"":3.1415927410125734,""size_dots"":{""x"":0.0,""y"":0.0},""size_mm"":13.800000190734864}"
2025/12/01 20:34:09:765867,Front,ARMarkerLog,ARMarkerDetector/Update,"{""position"":[0.0,0.0],""angle"":0.0}"
2025/12/01 20:34:09:779024,Front,KeyLog,KeyboardUI/Update,"{""c"":""Q"",""position"":{""x"":0.0,""y"":0.0},""angle"":3.1415927410125734,""size_dots"":{""x"":0.0,""y"":0.0},""size_mm"":10.0}"
2025/12/01 20:34:09:781072,Front,KeyLog,KeyboardUI/Update,"{""c"":""W"",""position"":{""x"":0.0,""y"":0.0},""angle"":3.1415927410125734,""size_dots"":{""x"":0.0,""y"":0.0},""size_mm"":10.0}"
2025/12/01 20:34:09:781072,Front,KeyLog,KeyboardUI/Update,"{""c"":""E"",""position"":{""x"":0.0,""y"":0.0},""angle"":3.1415927410125734,""size_dots"":{""x"":0.0,""y"":0.0},""size_mm"":10.0}"
2025/12/01 20:34:09:781072,Front,KeyLog,KeyboardUI/Update,"{""c"":""R"",""position"":{""x"":0.0,""y"":0.0},""angle"":3.1415927410125734,""size_dots"":{""x"":0.0,""y"":0.0},""size_mm"":10.0}"
2025/12/01 20:34:09:781072,Front,KeyLog,KeyboardUI/Update,"{""c"":""T"",""position"":{""x"":0.0,""y"":0.0},""angle"":3.1415927410125734,""size_dots"":{""x"":0.0,""y"":0.0},""size_mm"":10.0}"
2025/12/01 20:34:09:781072,Front,KeyLog,KeyboardUI/Update,"{""c"":""Y"",""position"":{""x"":0.0,""y"":0.0},""angle"":3.1415927410125734,""size_dots"":{""x"":0.0,""y"":0.0},""size_mm"":10.0}"
2025/12/01 20:34:09:782083,Front,KeyLog,KeyboardUI/Update,"{""c"":""U"",""position"":{""x"":0.0,""y"":0.0},""angle"":3.1415927410125734,""size_dots"":{""x"":0.0,""y"":0.0},""size_mm"":10.0}"
2025/12/01 20:34:09:782083,Front,KeyLog,KeyboardUI/Update,"{""c"":""I"",""position"":{""x"":0.0,""y"":0.0},""angle"":3.1415927410125734,""size_dots"":{""x"":0.0,""y"":0.0},""size_mm"":10.0}"
2025/12/01 20:34:09:782083,Front,KeyLog,KeyboardUI/Update,"{""c"":""O"",""position"":{""x"":0.0,""y"":0.0},""angle"":3.1415927410125734,""size_dots"":{""x"":0.0,""y"":0.0},""size_mm"":10.0}"
2025/12/01 20:34:09:782083,Front,KeyLog,KeyboardUI/Update,"{""c"":""P"",""position"":{""x"":0.0,""y"":0.0},""angle"":3.1415927410125734,""size_dots"":{""x"":0.0,""y"":0.0},""size_mm"":10.0}"
2025/12/01 20:34:09:783092,Front,KeyLog,KeyboardUI/Update,"{""c"":""A"",""position"":{""x"":0.0,""y"":0.0},""angle"":3.1415927410125734,""size_dots"":{""x"":0.0,""y"":0.0},""size_mm"":10.0}"
2025/12/01 20:34:09:783092,Front,KeyLog,KeyboardUI/Update,"{""c"":""S"",""position"":{""x"":0.0,""y"":0.0},""angle"":3.1415927410125734,""size_dots"":{""x"":0.0,""y"":0.0},""size_mm"":10.0}"
2025/12/01 20:34:09:784104,Front,KeyLog,KeyboardUI/Update,"{""c"":""D"",""position"":{""x"":0.0,""y"":0.0},""angle"":3.1415927410125734,""size_dots"":{""x"":0.0,""y"":0.0},""size_mm"":10.0}"
2025/12/01 20:34:09:784104,Front,KeyLog,KeyboardUI/Update,"{""c"":""F"",""position"":{""x"":0.0,""y"":0.0},""angle"":3.1415927410125734,""size_dots"":{""x"":0.0,""y"":0.0},""size_mm"":10.0}"
2025/12/01 20:34:09:784104,Front,KeyLog,KeyboardUI/Update,"{""c"":""G"",""position"":{""x"":0.0,""y"":0.0},""angle"":3.1415927410125734,""size_dots"":{""x"":0.0,""y"":0.0},""size_mm"":10.0}"
2025/12/01 20:34:09:784104,Front,KeyLog,KeyboardUI/Update,"{""c"":""H"",""position"":{""x"":0.0,""y"":0.0},""angle"":3.1415927410125734,""size_dots"":{""x"":0.0,""y"":0.0},""size_mm"":10.0}"
2025/12/01 20:34:09:784104,Front,KeyLog,KeyboardUI/Update,"{""c"":""J"",""position"":{""x"":0.0,""y"":0.0},""angle"":3.1415927410125734,""size_dots"":{""x"":0.0,""y"":0.0},""size_mm"":10.0}"
2025/12/01 20:34:09:784104,Front,KeyLog,KeyboardUI/Update,"{""c"":""K"",""position"":{""x"":0.0,""y"":0.0},""angle"":3.1415927410125734,""size_dots"":{""x"":0.0,""y"":0.0},""size_mm"":10.0}"
2025/12/01 20:34:09:784104,Front,KeyLog,KeyboardUI/Update,"{""c"":""L"",""position"":{""x"":0.0,""y"":0.0},""angle"":3.1415927410125734,""size_dots"":{""x"":0.0,""y"":0.0},""size_mm"":10.0}"
2025/12/01 20:34:09:784104,Front,KeyLog,KeyboardUI/Update,"{""c"":""Z"",""position"":{""x"":0.0,""y"":0.0},""angle"":3.1415927410125734,""size_dots"":{""x"":0.0,""y"":0.0},""size_mm"":10.0}"
2025/12/01 20:34:09:785115,Front,KeyLog,KeyboardUI/Update,"{""c"":""X"",""position"":{""x"":0.0,""y"":0.0},""angle"":3.1415927410125734,""size_dots"":{""x"":0.0,""y"":0.0},""size_mm"":10.0}"
2025/12/01 20:34:09:785115,Front,KeyLog,KeyboardUI/Update,"{""c"":""C"",""position"":{""x"":0.0,""y"":0.0},""angle"":3.1415927410125734,""size_dots"":{""x"":0.0,""y"":0.0},""size_mm"":10.0}"
2025/12/01 20:34:09:785115,Front,KeyLog,KeyboardUI/Update,"{""c"":""V"",""position"":{""x"":0.0,""y"":0.0},""angle"":3.1415927410125734,""size_dots"":{""x"":0.0,""y"":0.0},""size_mm"":10.0}"
2025/12/01 20:34:09:786124,Front,KeyLog,KeyboardUI/Update,"{""c"":""B"",""position"":{""x"":0.0,""y"":0.0},""angle"":3.1415927410125734,""size_dots"":{""x"":0.0,""y"":0.0},""size_mm"":10.0}"
2025/12/01 20:34:09:786124,Front,KeyLog,KeyboardUI/Update,"{""c"":""N"",""position"":{""x"":0.0,""y"":0.0},""angle"":3.1415927410125734,""size_dots"":{""x"":0.0,""y"":0.0},""size_mm"":10.0}"
2025/12/01 20:34:09:787165,Front,KeyLog,KeyboardUI/Update,"{""c"":""M"",""position"":{""x"":0.0,""y"":0.0},""angle"":3.1415927410125734,""size_dots"":{""x"":0.0,""y"":0.0},""size_mm"":10.0}"
2025/12/01 20:34:09:787165,Front,KeyLog,KeyboardUI/Update,"{""c"":""#"",""position"":{""x"":0.0,""y"":0.0},""angle"":3.1415927410125734,""size_dots"":{""x"":0.0,""y"":0.0},""size_mm"":13.800000190734864}"
2025/12/01 20:34:09:788177,Front,KeyLog,KeyboardUI/Update,"{""c"":""&"",""position"":{""x"":0.0,""y"":0.0},""angle"":3.1415927410125734,""size_dots"":{""x"":0.0,""y"":0.0},""size_mm"":13.800000190734864}"
2025/12/01 20:34:09:788177,Front,KeyLog,KeyboardUI/Update,"{""c"":""%"",""position"":{""x"":0.0,""y"":0.0},""angle"":3.1415927410125734,""size_dots"":{""x"":0.0,""y"":0.0},""size_mm"":13.800000190734864}"
2025/12/01 20:34:09:802346,Front,ARMarkerLog,ARMarkerDetector/Update,"{""position"":[0.0,0.0],""angle"":0.0}"
2025/12/01 20:34:09:820114,Front,KeyLog,KeyboardUI/Update,"{""c"":""Q"",""position"":{""x"":0.0,""y"":0.0},""angle"":3.1415927410125734,""size_dots"":{""x"":0.0,""y"":0.0},""size_mm"":10.0}"
2025/12/01 20:34:09:820114,Front,KeyLog,KeyboardUI/Update,"{""c"":""W"",""position"":{""x"":0.0,""y"":0.0},""angle"":3.1415927410125734,""size_dots"":{""x"":0.0,""y"":0.0},""size_mm"":10.0}"
2025/12/01 20:34:09:820114,Front,KeyLog,KeyboardUI/Update,"{""c"":""E"",""position"":{""x"":0.0,""y"":0.0},""angle"":3.1415927410125734,""size_dots"":{""x"":0.0,""y"":0.0},""size_mm"":10.0}"
2025/12/01 20:34:09:820114,Front,KeyLog,KeyboardUI/Update,"{""c"":""R"",""position"":{""x"":0.0,""y"":0.0},""angle"":3.1415927410125734,""size_dots"":{""x"":0.0,""y"":0.0},""size_mm"":10.0}"
2025/12/01 20:34:09:821129,Front,KeyLog,KeyboardUI/Update,"{""c"":""T"",""position"":{""x"":0.0,""y"":0.0},""angle"":3.1415927410125734,""size_dots"":{""x"":0.0,""y"":0.0},""size_mm"":10.0}"
2025/12/01 20:34:09:821129,Front,KeyLog,KeyboardUI/Update,"{""c"":""Y"",""position"":{""x"":0.0,""y"":0.0},""angle"":3.1415927410125734,""size_dots"":{""x"":0.0,""y"":0.0},""size_mm"":10.0}"
2025/12/01 20:34:09:821129,Front,KeyLog,KeyboardUI/Update,"{""c"":""U"",""position"":{""x"":0.0,""y"":0.0},""angle"":3.1415927410125734,""size_dots"":{""x"":0.0,""y"":0.0},""size_mm"":10.0}"
2025/12/01 20:34:09:822141,Front,KeyLog,KeyboardUI/Update,"{""c"":""I"",""position"":{""x"":0.0,""y"":0.0},""angle"":3.1415927410125734,""size_dots"":{""x"":0.0,""y"":0.0},""size_mm"":10.0}"
2025/12/01 20:34:09:822141,Front,KeyLog,KeyboardUI/Update,"{""c"":""O"",""position"":{""x"":0.0,""y"":0.0},""angle"":3.1415927410125734,""size_dots"":{""x"":0.0,""y"":0.0},""size_mm"":10.0}"
2025/12/01 20:34:09:823150,Front,KeyLog,KeyboardUI/Update,"{""c"":""P"",""position"":{""x"":0.0,""y"":0.0},""angle"":3.1415927410125734,""size_dots"":{""x"":0.0,""y"":0.0},""size_mm"":10.0}"
2025/12/01 20:34:09:823150,Front,KeyLog,KeyboardUI/Update,"{""c"":""A"",""position"":{""x"":0.0,""y"":0.0},""angle"":3.1415927410125734,""size_dots"":{""x"":0.0,""y"":0.0},""size_mm"":10.0}"
2025/12/01 20:34:09:823150,Front,KeyLog,KeyboardUI/Update,"{""c"":""S"",""position"":{""x"":0.0,""y"":0.0},""angle"":3.1415927410125734,""size_dots"":{""x"":0.0,""y"":0.0},""size_mm"":10.0}"
2025/12/01 20:34:09:823150,Front,KeyLog,KeyboardUI/Update,"{""c"":""D"",""position"":{""x"":0.0,""y"":0.0},""angle"":3.1415927410125734,""size_dots"":{""x"":0.0,""y"":0.0},""size_mm"":10.0}"
2025/12/01 20:34:09:824158,Front,KeyLog,KeyboardUI/Update,"{""c"":""F"",""position"":{""x"":0.0,""y"":0.0},""angle"":3.1415927410125734,""size_dots"":{""x"":0.0,""y"":0.0},""size_mm"":10.0}"
2025/12/01 20:34:09:824158,Front,KeyLog,KeyboardUI/Update,"{""c"":""G"",""position"":{""x"":0.0,""y"":0.0},""angle"":3.1415927410125734,""size_dots"":{""x"":0.0,""y"":0.0},""size_mm"":10.0}"
2025/12/01 20:34:09:825182,Front,KeyLog,KeyboardUI/Update,"{""c"":""H"",""position"":{""x"":0.0,""y"":0.0},""angle"":3.1415927410125734,""size_dots"":{""x"":0.0,""y"":0.0},""size_mm"":10.0}"
2025/12/01 20:34:09:825182,Front,KeyLog,KeyboardUI/Update,"{""c"":""J"",""position"":{""x"":0.0,""y"":0.0},""angle"":3.1415927410125734,""size_dots"":{""x"":0.0,""y"":0.0},""size_mm"":10.0}"
2025/12/01 20:34:09:825182,Front,KeyLog,KeyboardUI/Update,"{""c"":""K"",""position"":{""x"":0.0,""y"":0.0},""angle"":3.1415927410125734,""size_dots"":{""x"":0.0,""y"":0.0},""size_mm"":10.0}"
2025/12/01 20:34:09:826196,Front,KeyLog,KeyboardUI/Update,"{""c"":""L"",""position"":{""x"":0.0,""y"":0.0},""angle"":3.1415927410125734,""size_dots"":{""x"":0.0,""y"":0.0},""size_mm"":10.0}"
2025/12/01 20:34:09:826196,Front,KeyLog,KeyboardUI/Update,"{""c"":""Z"",""position"":{""x"":0.0,""y"":0.0},""angle"":3.1415927410125734,""size_dots"":{""x"":0.0,""y"":0.0},""size_mm"":10.0}"
2025/12/01 20:34:09:826706,Front,KeyLog,KeyboardUI/Update,"{""c"":""X"",""position"":{""x"":0.0,""y"":0.0},""angle"":3.1415927410125734,""size_dots"":{""x"":0.0,""y"":0.0},""size_mm"":10.0}"
2025/12/01 20:34:09:826706,Front,KeyLog,KeyboardUI/Update,"{""c"":""C"",""position"":{""x"":0.0,""y"":0.0},""angle"":3.1415927410125734,""size_dots"":{""x"":0.0,""y"":0.0},""size_mm"":10.0}"
2025/12/01 20:34:09:826706,Front,KeyLog,KeyboardUI/Update,"{""c"":""V"",""position"":{""x"":0.0,""y"":0.0},""angle"":3.1415927410125734,""size_dots"":{""x"":0.0,""y"":0.0},""size_mm"":10.0}"
2025/12/01 20:34:09:826706,Front,KeyLog,KeyboardUI/Update,"{""c"":""B"",""position"":{""x"":0.0,""y"":0.0},""angle"":3.1415927410125734,""size_dots"":{""x"":0.0,""y"":0.0},""size_mm"":10.0}"
2025/12/01 20:34:09:828231,Front,KeyLog,KeyboardUI/Update,"{""c"":""N"",""position"":{""x"":0.0,""y"":0.0},""angle"":3.1415927410125734,""size_dots"":{""x"":0.0,""y"":0.0},""size_mm"":10.0}"
2025/12/01 20:34:09:828231,Front,KeyLog,KeyboardUI/Update,"{""c"":""M"",""position"":{""x"":0.0,""y"":0.0},""angle"":3.1415927410125734,""size_dots"":{""x"":0.0,""y"":0.0},""size_mm"":10.0}"
2025/12/01 20:34:09:828231,Front,KeyLog,KeyboardUI/Update,"{""c"":""#"",""position"":{""x"":0.0,""y"":0.0},""angle"":3.1415927410125734,""size_dots"":{""x"":0.0,""y"":0.0},""size_mm"":13.800000190734864}"
2025/12/01 20:34:09:828231,Front,KeyLog,KeyboardUI/Update,"{""c"":""&"",""position"":{""x"":0.0,""y"":0.0},""angle"":3.1415927410125734,""size_dots"":{""x"":0.0,""y"":0.0},""size_mm"":13.800000190734864}"
2025/12/01 20:34:09:828231,Front,KeyLog,KeyboardUI/Update,"{""c"":""%"",""position"":{""x"":0.0,""y"":0.0},""angle"":3.1415927410125734,""size_dots"":{""x"":0.0,""y"":0.0},""size_mm"":13.800000190734864}"
2025/12/01 20:34:09:850016,Front,ARMarkerLog,ARMarkerDetector/Update,"{""position"":[0.0,0.0],""angle"":0.0}"
2025/12/01 20:34:09:860181,Front,KeyLog,KeyboardUI/Update,"{""c"":""Q"",""position"":{""x"":0.0,""y"":0.0},""angle"":3.1415927410125734,""size_dots"":{""x"":0.0,""y"":0.0},""size_mm"":10.0}"
2025/12/01 20:34:09:861190,Front,KeyLog,KeyboardUI/Update,"{""c"":""W"",""position"":{""x"":0.0,""y"":0.0},""angle"":3.1415927410125734,""size_dots"":{""x"":0.0,""y"":0.0},""size_mm"":10.0}"
2025/12/01 20:34:09:862218,Front,KeyLog,KeyboardUI/Update,"{""c"":""E"",""position"":{""x"":0.0,""y"":0.0},""angle"":3.1415927410125734,""size_dots"":{""x"":0.0,""y"":0.0},""size_mm"":10.0}"
2025/12/01 20:34:09:863229,Front,KeyLog,KeyboardUI/Update,"{""c"":""R"",""position"":{""x"":0.0,""y"":0.0},""angle"":3.1415927410125734,""size_dots"":{""x"":0.0,""y"":0.0},""size_mm"":10.0}"
2025/12/01 20:34:09:864238,Front,KeyLog,KeyboardUI/Update,"{""c"":""T"",""position"":{""x"":0.0,""y"":0.0},""angle"":3.1415927410125734,""size_dots"":{""x"":0.0,""y"":0.0},""size_mm"":10.0}"
2025/12/01 20:34:09:865269,Front,KeyLog,KeyboardUI/Update,"{""c"":""Y"",""position"":{""x"":0.0,""y"":0.0},""angle"":3.1415927410125734,""size_dots"":{""x"":0.0,""y"":0.0},""size_mm"":10.0}"
2025/12/01 20:34:09:866281,Front,KeyLog,KeyboardUI/Update,"{""c"":""U"",""position"":{""x"":0.0,""y"":0.0},""angle"":3.1415927410125734,""size_dots"":{""x"":0.0,""y"":0.0},""size_mm"":10.0}"
2025/12/01 20:34:09:866790,Front,KeyLog,KeyboardUI/Update,"{""c"":""I"",""position"":{""x"":0.0,""y"":0.0},""angle"":3.1415927410125734,""size_dots"":{""x"":0.0,""y"":0.0},""size_mm"":10.0}"
2025/12/01 20:34:09:867298,Front,KeyLog,KeyboardUI/Update,"{""c"":""O"",""position"":{""x"":0.0,""y"":0.0},""angle"":3.1415927410125734,""size_dots"":{""x"":0.0,""y"":0.0},""size_mm"":10.0}"
2025/12/01 20:34:09:868309,Front,KeyLog,KeyboardUI/Update,"{""c"":""P"",""position"":{""x"":0.0,""y"":0.0},""angle"":3.1415927410125734,""size_dots"":{""x"":0.0,""y"":0.0},""size_mm"":10.0}"
2025/12/01 20:34:09:868309,Front,KeyLog,KeyboardUI/Update,"{""c"":""A"",""position"":{""x"":0.0,""y"":0.0},""angle"":3.1415927410125734,""size_dots"":{""x"":0.0,""y"":0.0},""size_mm"":10.0}"
2025/12/01 20:34:09:869318,Front,KeyLog,KeyboardUI/Update,"{""c"":""S"",""position"":{""x"":0.0,""y"":0.0},""angle"":3.1415927410125734,""size_dots"":{""x"":0.0,""y"":0.0},""size_mm"":10.0}"
2025/12/01 20:34:09:870329,Front,KeyLog,KeyboardUI/Update,"{""c"":""D"",""position"":{""x"":0.0,""y"":0.0},""angle"":3.1415927410125734,""size_dots"":{""x"":0.0,""y"":0.0},""size_mm"":10.0}"
2025/12/01 20:34:09:871345,Front,KeyLog,KeyboardUI/Update,"{""c"":""F"",""position"":{""x"":0.0,""y"":0.0},""angle"":3.1415927410125734,""size_dots"":{""x"":0.0,""y"":0.0},""size_mm"":10.0}"
2025/12/01 20:34:09:871345,Front,KeyLog,KeyboardUI/Update,"{""c"":""G"",""position"":{""x"":0.0,""y"":0.0},""angle"":3.1415927410125734,""size_dots"":{""x"":0.0,""y"":0.0},""size_mm"":10.0}"
2025/12/01 20:34:09:872361,Front,KeyLog,KeyboardUI/Update,"{""c"":""H"",""position"":{""x"":0.0,""y"":0.0},""angle"":3.1415927410125734,""size_dots"":{""x"":0.0,""y"":0.0},""size_mm"":10.0}"
2025/12/01 20:34:09:873370,Front,KeyLog,KeyboardUI/Update,"{""c"":""J"",""position"":{""x"":0.0,""y"":0.0},""angle"":3.1415927410125734,""size_dots"":{""x"":0.0,""y"":0.0},""size_mm"":10.0}"
2025/12/01 20:34:09:874381,Front,KeyLog,KeyboardUI/Update,"{""c"":""K"",""position"":{""x"":0.0,""y"":0.0},""angle"":3.1415927410125734,""size_dots"":{""x"":0.0,""y"":0.0},""size_mm"":10.0}"
2025/12/01 20:34:09:875392,Front,KeyLog,KeyboardUI/Update,"{""c"":""L"",""position"":{""x"":0.0,""y"":0.0},""angle"":3.1415927410125734,""size_dots"":{""x"":0.0,""y"":0.0},""size_mm"":10.0}"
2025/12/01 20:34:09:875392,Front,KeyLog,KeyboardUI/Update,"{""c"":""Z"",""position"":{""x"":0.0,""y"":0.0},""angle"":3.1415927410125734,""size_dots"":{""x"":0.0,""y"":0.0},""size_mm"":10.0}"
2025/12/01 20:34:09:876913,Front,KeyLog,KeyboardUI/Update,"{""c"":""X"",""position"":{""x"":0.0,""y"":0.0},""angle"":3.1415927410125734,""size_dots"":{""x"":0.0,""y"":0.0},""size_mm"":10.0}"
2025/12/01 20:34:09:877421,Front,KeyLog,KeyboardUI/Update,"{""c"":""C"",""position"":{""x"":0.0,""y"":0.0},""angle"":3.1415927410125734,""size_dots"":{""x"":0.0,""y"":0.0},""size_mm"":10.0}"
2025/12/01 20:34:09:877421,Front,KeyLog,KeyboardUI/Update,"{""c"":""V"",""position"":{""x"":0.0,""y"":0.0},""angle"":3.1415927410125734,""size_dots"":{""x"":0.0,""y"":0.0},""size_mm"":10.0}"
2025/12/01 20:34:09:878432,Front,KeyLog,KeyboardUI/Update,"{""c"":""B"",""position"":{""x"":0.0,""y"":0.0},""angle"":3.1415927410125734,""size_dots"":{""x"":0.0,""y"":0.0},""size_mm"":10.0}"
2025/12/01 20:34:09:879442,Front,KeyLog,KeyboardUI/Update,"{""c"":""N"",""position"":{""x"":0.0,""y"":0.0},""angle"":3.1415927410125734,""size_dots"":{""x"":0.0,""y"":0.0},""size_mm"":10.0}"
2025/12/01 20:34:09:880460,Front,KeyLog,KeyboardUI/Update,"{""c"":""M"",""position"":{""x"":0.0,""y"":0.0},""angle"":3.1415927410125734,""size_dots"":{""x"":0.0,""y"":0.0},""size_mm"":10.0}"
2025/12/01 20:34:09:881470,Front,KeyLog,KeyboardUI/Update,"{""c"":""#"",""position"":{""x"":0.0,""y"":0.0},""angle"":3.1415927410125734,""size_dots"":{""x"":0.0,""y"":0.0},""size_mm"":13.800000190734864}"
2025/12/01 20:34:09:882490,Front,KeyLog,KeyboardUI/Update,"{""c"":""&"",""position"":{""x"":0.0,""y"":0.0},""angle"":3.1415927410125734,""size_dots"":{""x"":0.0,""y"":0.0},""size_mm"":13.800000190734864}"
2025/12/01 20:34:09:883503,Front,KeyLog,KeyboardUI/Update,"{""c"":""%"",""position"":{""x"":0.0,""y"":0.0},""angle"":3.1415927410125734,""size_dots"":{""x"":0.0,""y"":0.0},""size_mm"":13.800000190734864}"
2025/12/01 20:34:09:908293,Front,ARMarkerLog,ARMarkerDetector/Update,"{""position"":[0.0,0.0],""angle"":0.0}"
2025/12/01 20:34:09:923510,Front,KeyLog,KeyboardUI/Update,"{""c"":""Q"",""position"":{""x"":0.0,""y"":0.0},""angle"":3.1415927410125734,""size_dots"":{""x"":0.0,""y"":0.0},""size_mm"":10.0}"
2025/12/01 20:34:09:924520,Front,KeyLog,KeyboardUI/Update,"{""c"":""W"",""position"":{""x"":0.0,""y"":0.0},""angle"":3.1415927410125734,""size_dots"":{""x"":0.0,""y"":0.0},""size_mm"":10.0}"
2025/12/01 20:34:09:925528,Front,KeyLog,KeyboardUI/Update,"{""c"":""E"",""position"":{""x"":0.0,""y"":0.0},""angle"":3.1415927410125734,""size_dots"":{""x"":0.0,""y"":0.0},""size_mm"":10.0}"
2025/12/01 20:34:09:927030,Front,KeyLog,KeyboardUI/Update,"{""c"":""R"",""position"":{""x"":0.0,""y"":0.0},""angle"":3.1415927410125734,""size_dots"":{""x"":0.0,""y"":0.0},""size_mm"":10.0}"
2025/12/01 20:34:09:928039,Front,KeyLog,KeyboardUI/Update,"{""c"":""T"",""position"":{""x"":0.0,""y"":0.0},""angle"":3.1415927410125734,""size_dots"":{""x"":0.0,""y"":0.0},""size_mm"":10.0}"
2025/12/01 20:34:09:928039,Front,KeyLog,KeyboardUI/Update,"{""c"":""Y"",""position"":{""x"":0.0,""y"":0.0},""angle"":3.1415927410125734,""size_dots"":{""x"":0.0,""y"":0.0},""size_mm"":10.0}"
2025/12/01 20:34:09:929053,Front,KeyLog,KeyboardUI/Update,"{""c"":""U"",""position"":{""x"":0.0,""y"":0.0},""angle"":3.1415927410125734,""size_dots"":{""x"":0.0,""y"":0.0},""size_mm"":10.0}"
2025/12/01 20:34:09:930063,Front,KeyLog,KeyboardUI/Update,"{""c"":""I"",""position"":{""x"":0.0,""y"":0.0},""angle"":3.1415927410125734,""size_dots"":{""x"":0.0,""y"":0.0},""size_mm"":10.0}"
2025/12/01 20:34:09:931074,Front,KeyLog,KeyboardUI/Update,"{""c"":""O"",""position"":{""x"":0.0,""y"":0.0},""angle"":3.1415927410125734,""size_dots"":{""x"":0.0,""y"":0.0},""size_mm"":10.0}"
2025/12/01 20:34:09:932083,Front,KeyLog,KeyboardUI/Update,"{""c"":""P"",""position"":{""x"":0.0,""y"":0.0},""angle"":3.1415927410125734,""size_dots"":{""x"":0.0,""y"":0.0},""size_mm"":10.0}"
2025/12/01 20:34:09:933094,Front,KeyLog,KeyboardUI/Update,"{""c"":""A"",""position"":{""x"":0.0,""y"":0.0},""angle"":3.1415927410125734,""size_dots"":{""x"":0.0,""y"":0.0},""size_mm"":10.0}"
2025/12/01 20:34:09:934107,Front,KeyLog,KeyboardUI/Update,"{""c"":""S"",""position"":{""x"":0.0,""y"":0.0},""angle"":3.1415927410125734,""size_dots"":{""x"":0.0,""y"":0.0},""size_mm"":10.0}"
2025/12/01 20:34:09:935116,Front,KeyLog,KeyboardUI/Update,"{""c"":""D"",""position"":{""x"":0.0,""y"":0.0},""angle"":3.1415927410125734,""size_dots"":{""x"":0.0,""y"":0.0},""size_mm"":10.0}"
2025/12/01 20:34:09:935116,Front,KeyLog,KeyboardUI/Update,"{""c"":""F"",""position"":{""x"":0.0,""y"":0.0},""angle"":3.1415927410125734,""size_dots"":{""x"":0.0,""y"":0.0},""size_mm"":10.0}"
2025/12/01 20:34:09:936127,Front,KeyLog,KeyboardUI/Update,"{""c"":""G"",""position"":{""x"":0.0,""y"":0.0},""angle"":3.1415927410125734,""size_dots"":{""x"":0.0,""y"":0.0},""size_mm"":10.0}"
2025/12/01 20:34:09:937149,Front,KeyLog,KeyboardUI/Update,"{""c"":""H"",""position"":{""x"":0.0,""y"":0.0},""angle"":3.1415927410125734,""size_dots"":{""x"":0.0,""y"":0.0},""size_mm"":10.0}"
2025/12/01 20:34:09:938157,Front,KeyLog,KeyboardUI/Update,"{""c"":""J"",""position"":{""x"":0.0,""y"":0.0},""angle"":3.1415927410125734,""size_dots"":{""x"":0.0,""y"":0.0},""size_mm"":10.0}"
2025/12/01 20:34:09:939171,Front,KeyLog,KeyboardUI/Update,"{""c"":""K"",""position"":{""x"":0.0,""y"":0.0},""angle"":3.1415927410125734,""size_dots"":{""x"":0.0,""y"":0.0},""size_mm"":10.0}"
2025/12/01 20:34:09:940182,Front,KeyLog,KeyboardUI/Update,"{""c"":""L"",""position"":{""x"":0.0,""y"":0.0},""angle"":3.1415927410125734,""size_dots"":{""x"":0.0,""y"":0.0},""size_mm"":10.0}"
2025/12/01 20:34:09:941190,Front,KeyLog,KeyboardUI/Update,"{""c"":""Z"",""position"":{""x"":0.0,""y"":0.0},""angle"":3.1415927410125734,""size_dots"":{""x"":0.0,""y"":0.0},""size_mm"":10.0}"
2025/12/01 20:34:09:941711,Front,KeyLog,KeyboardUI/Update,"{""c"":""X"",""position"":{""x"":0.0,""y"":0.0},""angle"":3.1415927410125734,""size_dots"":{""x"":0.0,""y"":0.0},""size_mm"":10.0}"
2025/12/01 20:34:09:941711,Front,KeyLog,KeyboardUI/Update,"{""c"":""C"",""position"":{""x"":0.0,""y"":0.0},""angle"":3.1415927410125734,""size_dots"":{""x"":0.0,""y"":0.0},""size_mm"":10.0}"
2025/12/01 20:34:09:943227,Front,KeyLog,KeyboardUI/Update,"{""c"":""V"",""position"":{""x"":0.0,""y"":0.0},""angle"":3.1415927410125734,""size_dots"":{""x"":0.0,""y"":0.0},""size_mm"":10.0}"
2025/12/01 20:34:09:944241,Front,KeyLog,KeyboardUI/Update,"{""c"":""B"",""position"":{""x"":0.0,""y"":0.0},""angle"":3.1415927410125734,""size_dots"":{""x"":0.0,""y"":0.0},""size_mm"":10.0}"
2025/12/01 20:34:09:945251,Front,KeyLog,KeyboardUI/Update,"{""c"":""N"",""position"":{""x"":0.0,""y"":0.0},""angle"":3.1415927410125734,""size_dots"":{""x"":0.0,""y"":0.0},""size_mm"":10.0}"
2025/12/01 20:34:09:946260,Front,KeyLog,KeyboardUI/Update,"{""c"":""M"",""position"":{""x"":0.0,""y"":0.0},""angle"":3.1415927410125734,""size_dots"":{""x"":0.0,""y"":0.0},""size_mm"":10.0}"
2025/12/01 20:34:09:947277,Front,KeyLog,KeyboardUI/Update,"{""c"":""#"",""position"":{""x"":0.0,""y"":0.0},""angle"":3.1415927410125734,""size_dots"":{""x"":0.0,""y"":0.0},""size_mm"":13.800000190734864}"
2025/12/01 20:34:09:947277,Front,KeyLog,KeyboardUI/Update,"{""c"":""&"",""position"":{""x"":0.0,""y"":0.0},""angle"":3.1415927410125734,""size_dots"":{""x"":0.0,""y"":0.0},""size_mm"":13.800000190734864}"
2025/12/01 20:34:09:947277,Front,KeyLog,KeyboardUI/Update,"{""c"":""%"",""position"":{""x"":0.0,""y"":0.0},""angle"":3.1415927410125734,""size_dots"":{""x"":0.0,""y"":0.0},""size_mm"":13.800000190734864}"
2025/12/01 20:34:09:981179,Front,ARMarkerLog,ARMarkerDetector/Update,"{""position"":[0.0,0.0],""angle"":0.0}"
2025/12/01 20:34:09:988389,Front,KeyLog,KeyboardUI/Update,"{""c"":""Q"",""position"":{""x"":0.0,""y"":0.0},""angle"":3.1415927410125734,""size_dots"":{""x"":0.0,""y"":0.0},""size_mm"":10.0}"
2025/12/01 20:34:09:988389,Front,KeyLog,KeyboardUI/Update,"{""c"":""W"",""position"":{""x"":0.0,""y"":0.0},""angle"":3.1415927410125734,""size_dots"":{""x"":0.0,""y"":0.0},""size_mm"":10.0}"
2025/12/01 20:34:09:988389,Front,KeyLog,KeyboardUI/Update,"{""c"":""E"",""position"":{""x"":0.0,""y"":0.0},""angle"":3.1415927410125734,""size_dots"":{""x"":0.0,""y"":0.0},""size_mm"":10.0}"
2025/12/01 20:34:09:989401,Front,KeyLog,KeyboardUI/Update,"{""c"":""R"",""position"":{""x"":0.0,""y"":0.0},""angle"":3.1415927410125734,""size_dots"":{""x"":0.0,""y"":0.0},""size_mm"":10.0}"
2025/12/01 20:34:09:990414,Front,KeyLog,KeyboardUI/Update,"{""c"":""T"",""position"":{""x"":0.0,""y"":0.0},""angle"":3.1415927410125734,""size_dots"":{""x"":0.0,""y"":0.0},""size_mm"":10.0}"
2025/12/01 20:34:09:990414,Front,KeyLog,KeyboardUI/Update,"{""c"":""Y"",""position"":{""x"":0.0,""y"":0.0},""angle"":3.1415927410125734,""size_dots"":{""x"":0.0,""y"":0.0},""size_mm"":10.0}"
2025/12/01 20:34:09:990414,Front,KeyLog,KeyboardUI/Update,"{""c"":""U"",""position"":{""x"":0.0,""y"":0.0},""angle"":3.1415927410125734,""size_dots"":{""x"":0.0,""y"":0.0},""size_mm"":10.0}"
2025/12/01 20:34:09:990414,Front,KeyLog,KeyboardUI/Update,"{""c"":""I"",""position"":{""x"":0.0,""y"":0.0},""angle"":3.1415927410125734,""size_dots"":{""x"":0.0,""y"":0.0},""size_mm"":10.0}"
2025/12/01 20:34:09:990414,Front,KeyLog,KeyboardUI/Update,"{""c"":""O"",""position"":{""x"":0.0,""y"":0.0},""angle"":3.1415927410125734,""size_dots"":{""x"":0.0,""y"":0.0},""size_mm"":10.0}"
2025/12/01 20:34:09:991426,Front,KeyLog,KeyboardUI/Update,"{""c"":""P"",""position"":{""x"":0.0,""y"":0.0},""angle"":3.1415927410125734,""size_dots"":{""x"":0.0,""y"":0.0},""size_mm"":10.0}"
2025/12/01 20:34:09:991426,Front,KeyLog,KeyboardUI/Update,"{""c"":""A"",""position"":{""x"":0.0,""y"":0.0},""angle"":3.1415927410125734,""size_dots"":{""x"":0.0,""y"":0.0},""size_mm"":10.0}"
2025/12/01 20:34:09:991426,Front,KeyLog,KeyboardUI/Update,"{""c"":""S"",""position"":{""x"":0.0,""y"":0.0},""angle"":3.1415927410125734,""size_dots"":{""x"":0.0,""y"":0.0},""size_mm"":10.0}"
2025/12/01 20:34:09:991426,Front,KeyLog,KeyboardUI/Update,"{""c"":""D"",""position"":{""x"":0.0,""y"":0.0},""angle"":3.1415927410125734,""size_dots"":{""x"":0.0,""y"":0.0},""size_mm"":10.0}"
2025/12/01 20:34:09:991426,Front,KeyLog,KeyboardUI/Update,"{""c"":""F"",""position"":{""x"":0.0,""y"":0.0},""angle"":3.1415927410125734,""size_dots"":{""x"":0.0,""y"":0.0},""size_mm"":10.0}"
2025/12/01 20:34:09:991426,Front,KeyLog,KeyboardUI/Update,"{""c"":""G"",""position"":{""x"":0.0,""y"":0.0},""angle"":3.1415927410125734,""size_dots"":{""x"":0.0,""y"":0.0},""size_mm"":10.0}"
2025/12/01 20:34:09:991426,Front,KeyLog,KeyboardUI/Update,"{""c"":""H"",""position"":{""x"":0.0,""y"":0.0},""angle"":3.1415927410125734,""size_dots"":{""x"":0.0,""y"":0.0},""size_mm"":10.0}"
2025/12/01 20:34:09:991426,Front,KeyLog,KeyboardUI/Update,"{""c"":""J"",""position"":{""x"":0.0,""y"":0.0},""angle"":3.1415927410125734,""size_dots"":{""x"":0.0,""y"":0.0},""size_mm"":10.0}"
2025/12/01 20:34:09:991426,Front,KeyLog,KeyboardUI/Update,"{""c"":""K"",""position"":{""x"":0.0,""y"":0.0},""angle"":3.1415927410125734,""size_dots"":{""x"":0.0,""y"":0.0},""size_mm"":10.0}"
2025/12/01 20:34:09:991426,Front,KeyLog,KeyboardUI/Update,"{""c"":""L"",""position"":{""x"":0.0,""y"":0.0},""angle"":3.1415927410125734,""size_dots"":{""x"":0.0,""y"":0.0},""size_mm"":10.0}"
2025/12/01 20:34:09:991426,Front,KeyLog,KeyboardUI/Update,"{""c"":""Z"",""position"":{""x"":0.0,""y"":0.0},""angle"":3.1415927410125734,""size_dots"":{""x"":0.0,""y"":0.0},""size_mm"":10.0}"
2025/12/01 20:34:09:991426,Front,KeyLog,KeyboardUI/Update,"{""c"":""X"",""position"":{""x"":0.0,""y"":0.0},""angle"":3.1415927410125734,""size_dots"":{""x"":0.0,""y"":0.0},""size_mm"":10.0}"
2025/12/01 20:34:09:991426,Front,KeyLog,KeyboardUI/Update,"{""c"":""C"",""position"":{""x"":0.0,""y"":0.0},""angle"":3.1415927410125734,""size_dots"":{""x"":0.0,""y"":0.0},""size_mm"":10.0}"
2025/12/01 20:34:09:991426,Front,KeyLog,KeyboardUI/Update,"{""c"":""V"",""position"":{""x"":0.0,""y"":0.0},""angle"":3.1415927410125734,""size_dots"":{""x"":0.0,""y"":0.0},""size_mm"":10.0}"
2025/12/01 20:34:09:991426,Front,KeyLog,KeyboardUI/Update,"{""c"":""B"",""position"":{""x"":0.0,""y"":0.0},""angle"":3.1415927410125734,""size_dots"":{""x"":0.0,""y"":0.0},""size_mm"":10.0}"
2025/12/01 20:34:09:991426,Front,KeyLog,KeyboardUI/Update,"{""c"":""N"",""position"":{""x"":0.0,""y"":0.0},""angle"":3.1415927410125734,""size_dots"":{""x"":0.0,""y"":0.0},""size_mm"":10.0}"
2025/12/01 20:34:09:992463,Front,KeyLog,KeyboardUI/Update,"{""c"":""M"",""position"":{""x"":0.0,""y"":0.0},""angle"":3.1415927410125734,""size_dots"":{""x"":0.0,""y"":0.0},""size_mm"":10.0}"
2025/12/01 20:34:09:992463,Front,KeyLog,KeyboardUI/Update,"{""c"":""#"",""position"":{""x"":0.0,""y"":0.0},""angle"":3.1415927410125734,""size_dots"":{""x"":0.0,""y"":0.0},""size_mm"":13.800000190734864}"
2025/12/01 20:34:09:992463,Front,KeyLog,KeyboardUI/Update,"{""c"":""&"",""position"":{""x"":0.0,""y"":0.0},""angle"":3.1415927410125734,""size_dots"":{""x"":0.0,""y"":0.0},""size_mm"":13.800000190734864}"
2025/12/01 20:34:09:992463,Front,KeyLog,KeyboardUI/Update,"{""c"":""%"",""position"":{""x"":0.0,""y"":0.0},""angle"":3.1415927410125734,""size_dots"":{""x"":0.0,""y"":0.0},""size_mm"":13.800000190734864}"
2025/12/01 20:34:10:000061,Front,ARMarkerLog,ARMarkerDetector/Update,"{""position"":[0.0,0.0],""angle"":0.0}"
2025/12/01 20:34:10:010199,Front,KeyLog,KeyboardUI/Update,"{""c"":""Q"",""position"":{""x"":0.0,""y"":0.0},""angle"":3.1415927410125734,""size_dots"":{""x"":0.0,""y"":0.0},""size_mm"":10.0}"
2025/12/01 20:34:10:011213,Front,KeyLog,KeyboardUI/Update,"{""c"":""W"",""position"":{""x"":0.0,""y"":0.0},""angle"":3.1415927410125734,""size_dots"":{""x"":0.0,""y"":0.0},""size_mm"":10.0}"
2025/12/01 20:34:10:011213,Front,KeyLog,KeyboardUI/Update,"{""c"":""E"",""position"":{""x"":0.0,""y"":0.0},""angle"":3.1415927410125734,""size_dots"":{""x"":0.0,""y"":0.0},""size_mm"":10.0}"
2025/12/01 20:34:10:011213,Front,KeyLog,KeyboardUI/Update,"{""c"":""R"",""position"":{""x"":0.0,""y"":0.0},""angle"":3.1415927410125734,""size_dots"":{""x"":0.0,""y"":0.0},""size_mm"":10.0}"
2025/12/01 20:34:10:012223,Front,KeyLog,KeyboardUI/Update,"{""c"":""T"",""position"":{""x"":0.0,""y"":0.0},""angle"":3.1415927410125734,""size_dots"":{""x"":0.0,""y"":0.0},""size_mm"":10.0}"
2025/12/01 20:34:10:012223,Front,KeyLog,KeyboardUI/Update,"{""c"":""Y"",""position"":{""x"":0.0,""y"":0.0},""angle"":3.1415927410125734,""size_dots"":{""x"":0.0,""y"":0.0},""size_mm"":10.0}"
2025/12/01 20:34:10:012223,Front,KeyLog,KeyboardUI/Update,"{""c"":""U"",""position"":{""x"":0.0,""y"":0.0},""angle"":3.1415927410125734,""size_dots"":{""x"":0.0,""y"":0.0},""size_mm"":10.0}"
2025/12/01 20:34:10:012223,Front,KeyLog,KeyboardUI/Update,"{""c"":""I"",""position"":{""x"":0.0,""y"":0.0},""angle"":3.1415927410125734,""size_dots"":{""x"":0.0,""y"":0.0},""size_mm"":10.0}"
2025/12/01 20:34:10:012223,Front,KeyLog,KeyboardUI/Update,"{""c"":""O"",""position"":{""x"":0.0,""y"":0.0},""angle"":3.1415927410125734,""size_dots"":{""x"":0.0,""y"":0.0},""size_mm"":10.0}"
2025/12/01 20:34:10:012223,Front,KeyLog,KeyboardUI/Update,"{""c"":""P"",""position"":{""x"":0.0,""y"":0.0},""angle"":3.1415927410125734,""size_dots"":{""x"":0.0,""y"":0.0},""size_mm"":10.0}"
2025/12/01 20:34:10:013234,Front,KeyLog,KeyboardUI/Update,"{""c"":""A"",""position"":{""x"":0.0,""y"":0.0},""angle"":3.1415927410125734,""size_dots"":{""x"":0.0,""y"":0.0},""size_mm"":10.0}"
2025/12/01 20:34:10:013234,Front,KeyLog,KeyboardUI/Update,"{""c"":""S"",""position"":{""x"":0.0,""y"":0.0},""angle"":3.1415927410125734,""size_dots"":{""x"":0.0,""y"":0.0},""size_mm"":10.0}"
2025/12/01 20:34:10:013234,Front,KeyLog,KeyboardUI/Update,"{""c"":""D"",""position"":{""x"":0.0,""y"":0.0},""angle"":3.1415927410125734,""size_dots"":{""x"":0.0,""y"":0.0},""size_mm"":10.0}"
2025/12/01 20:34:10:013234,Front,KeyLog,KeyboardUI/Update,"{""c"":""F"",""position"":{""x"":0.0,""y"":0.0},""angle"":3.1415927410125734,""size_dots"":{""x"":0.0,""y"":0.0},""size_mm"":10.0}"
2025/12/01 20:34:10:013234,Front,KeyLog,KeyboardUI/Update,"{""c"":""G"",""position"":{""x"":0.0,""y"":0.0},""angle"":3.1415927410125734,""size_dots"":{""x"":0.0,""y"":0.0},""size_mm"":10.0}"
2025/12/01 20:34:10:014243,Front,KeyLog,KeyboardUI/Update,"{""c"":""H"",""position"":{""x"":0.0,""y"":0.0},""angle"":3.1415927410125734,""size_dots"":{""x"":0.0,""y"":0.0},""size_mm"":10.0}"
2025/12/01 20:34:10:014243,Front,KeyLog,KeyboardUI/Update,"{""c"":""J"",""position"":{""x"":0.0,""y"":0.0},""angle"":3.1415927410125734,""size_dots"":{""x"":0.0,""y"":0.0},""size_mm"":10.0}"
2025/12/01 20:34:10:014243,Front,KeyLog,KeyboardUI/Update,"{""c"":""K"",""position"":{""x"":0.0,""y"":0.0},""angle"":3.1415927410125734,""size_dots"":{""x"":0.0,""y"":0.0},""size_mm"":10.0}"
2025/12/01 20:34:10:014243,Front,KeyLog,KeyboardUI/Update,"{""c"":""L"",""position"":{""x"":0.0,""y"":0.0},""angle"":3.1415927410125734,""size_dots"":{""x"":0.0,""y"":0.0},""size_mm"":10.0}"
2025/12/01 20:34:10:015253,Front,KeyLog,KeyboardUI/Update,"{""c"":""Z"",""position"":{""x"":0.0,""y"":0.0},""angle"":3.1415927410125734,""size_dots"":{""x"":0.0,""y"":0.0},""size_mm"":10.0}"
2025/12/01 20:34:10:015253,Front,KeyLog,KeyboardUI/Update,"{""c"":""X"",""position"":{""x"":0.0,""y"":0.0},""angle"":3.1415927410125734,""size_dots"":{""x"":0.0,""y"":0.0},""size_mm"":10.0}"
2025/12/01 20:34:10:015253,Front,KeyLog,KeyboardUI/Update,"{""c"":""C"",""position"":{""x"":0.0,""y"":0.0},""angle"":3.1415927410125734,""size_dots"":{""x"":0.0,""y"":0.0},""size_mm"":10.0}"
2025/12/01 20:34:10:015253,Front,KeyLog,KeyboardUI/Update,"{""c"":""V"",""position"":{""x"":0.0,""y"":0.0},""angle"":3.1415927410125734,""size_dots"":{""x"":0.0,""y"":0.0},""size_mm"":10.0}"
2025/12/01 20:34:10:016268,Front,KeyLog,KeyboardUI/Update,"{""c"":""B"",""position"":{""x"":0.0,""y"":0.0},""angle"":3.1415927410125734,""size_dots"":{""x"":0.0,""y"":0.0},""size_mm"":10.0}"
2025/12/01 20:34:10:017288,Front,KeyLog,KeyboardUI/Update,"{""c"":""N"",""position"":{""x"":0.0,""y"":0.0},""angle"":3.1415927410125734,""size_dots"":{""x"":0.0,""y"":0.0},""size_mm"":10.0}"
2025/12/01 20:34:10:017288,Front,KeyLog,KeyboardUI/Update,"{""c"":""M"",""position"":{""x"":0.0,""y"":0.0},""angle"":3.1415927410125734,""size_dots"":{""x"":0.0,""y"":0.0},""size_mm"":10.0}"
2025/12/01 20:34:10:017288,Front,KeyLog,KeyboardUI/Update,"{""c"":""#"",""position"":{""x"":0.0,""y"":0.0},""angle"":3.1415927410125734,""size_dots"":{""x"":0.0,""y"":0.0},""size_mm"":13.800000190734864}"
2025/12/01 20:34:10:018327,Front,KeyLog,KeyboardUI/Update,"{""c"":""&"",""position"":{""x"":0.0,""y"":0.0},""angle"":3.1415927410125734,""size_dots"":{""x"":0.0,""y"":0.0},""size_mm"":13.800000190734864}"
2025/12/01 20:34:10:018327,Front,KeyLog,KeyboardUI/Update,"{""c"":""%"",""position"":{""x"":0.0,""y"":0.0},""angle"":3.1415927410125734,""size_dots"":{""x"":0.0,""y"":0.0},""size_mm"":13.800000190734864}"
2025/12/01 20:34:10:028452,Front,ARMarkerLog,ARMarkerDetector/Update,"{""position"":[0.0,0.0],""angle"":0.0}"
2025/12/01 20:34:10:035562,Front,KeyLog,KeyboardUI/Update,"{""c"":""Q"",""position"":{""x"":0.0,""y"":0.0},""angle"":3.1415927410125734,""size_dots"":{""x"":0.0,""y"":0.0},""size_mm"":10.0}"
2025/12/01 20:34:10:037064,Front,KeyLog,KeyboardUI/Update,"{""c"":""W"",""position"":{""x"":0.0,""y"":0.0},""angle"":3.1415927410125734,""size_dots"":{""x"":0.0,""y"":0.0},""size_mm"":10.0}"
2025/12/01 20:34:10:037064,Front,KeyLog,KeyboardUI/Update,"{""c"":""E"",""position"":{""x"":0.0,""y"":0.0},""angle"":3.1415927410125734,""size_dots"":{""x"":0.0,""y"":0.0},""size_mm"":10.0}"
2025/12/01 20:34:10:037064,Front,KeyLog,KeyboardUI/Update,"{""c"":""R"",""position"":{""x"":0.0,""y"":0.0},""angle"":3.1415927410125734,""size_dots"":{""x"":0.0,""y"":0.0},""size_mm"":10.0}"
2025/12/01 20:34:10:037064,Front,KeyLog,KeyboardUI/Update,"{""c"":""T"",""position"":{""x"":0.0,""y"":0.0},""angle"":3.1415927410125734,""size_dots"":{""x"":0.0,""y"":0.0},""size_mm"":10.0}"
2025/12/01 20:34:10:037064,Front,KeyLog,KeyboardUI/Update,"{""c"":""Y"",""position"":{""x"":0.0,""y"":0.0},""angle"":3.1415927410125734,""size_dots"":{""x"":0.0,""y"":0.0},""size_mm"":10.0}"
2025/12/01 20:34:10:038074,Front,KeyLog,KeyboardUI/Update,"{""c"":""U"",""position"":{""x"":0.0,""y"":0.0},""angle"":3.1415927410125734,""size_dots"":{""x"":0.0,""y"":0.0},""size_mm"":10.0}"
2025/12/01 20:34:10:038074,Front,KeyLog,KeyboardUI/Update,"{""c"":""I"",""position"":{""x"":0.0,""y"":0.0},""angle"":3.1415927410125734,""size_dots"":{""x"":0.0,""y"":0.0},""size_mm"":10.0}"
2025/12/01 20:34:10:038074,Front,KeyLog,KeyboardUI/Update,"{""c"":""O"",""position"":{""x"":0.0,""y"":0.0},""angle"":3.1415927410125734,""size_dots"":{""x"":0.0,""y"":0.0},""size_mm"":10.0}"
2025/12/01 20:34:10:039086,Front,KeyLog,KeyboardUI/Update,"{""c"":""P"",""position"":{""x"":0.0,""y"":0.0},""angle"":3.1415927410125734,""size_dots"":{""x"":0.0,""y"":0.0},""size_mm"":10.0}"
2025/12/01 20:34:10:039086,Front,KeyLog,KeyboardUI/Update,"{""c"":""A"",""position"":{""x"":0.0,""y"":0.0},""angle"":3.1415927410125734,""size_dots"":{""x"":0.0,""y"":0.0},""size_mm"":10.0}"
2025/12/01 20:34:10:039086,Front,KeyLog,KeyboardUI/Update,"{""c"":""S"",""position"":{""x"":0.0,""y"":0.0},""angle"":3.1415927410125734,""size_dots"":{""x"":0.0,""y"":0.0},""size_mm"":10.0}"
2025/12/01 20:34:10:040098,Front,KeyLog,KeyboardUI/Update,"{""c"":""D"",""position"":{""x"":0.0,""y"":0.0},""angle"":3.1415927410125734,""size_dots"":{""x"":0.0,""y"":0.0},""size_mm"":10.0}"
2025/12/01 20:34:10:040098,Front,KeyLog,KeyboardUI/Update,"{""c"":""F"",""position"":{""x"":0.0,""y"":0.0},""angle"":3.1415927410125734,""size_dots"":{""x"":0.0,""y"":0.0},""size_mm"":10.0}"
2025/12/01 20:34:10:040098,Front,KeyLog,KeyboardUI/Update,"{""c"":""G"",""position"":{""x"":0.0,""y"":0.0},""angle"":3.1415927410125734,""size_dots"":{""x"":0.0,""y"":0.0},""size_mm"":10.0}"
2025/12/01 20:34:10:040098,Front,KeyLog,KeyboardUI/Update,"{""c"":""H"",""position"":{""x"":0.0,""y"":0.0},""angle"":3.1415927410125734,""size_dots"":{""x"":0.0,""y"":0.0},""size_mm"":10.0}"
2025/12/01 20:34:10:040098,Front,KeyLog,KeyboardUI/Update,"{""c"":""J"",""position"":{""x"":0.0,""y"":0.0},""angle"":3.1415927410125734,""size_dots"":{""x"":0.0,""y"":0.0},""size_mm"":10.0}"
2025/12/01 20:34:10:041616,Front,KeyLog,KeyboardUI/Update,"{""c"":""K"",""position"":{""x"":0.0,""y"":0.0},""angle"":3.1415927410125734,""size_dots"":{""x"":0.0,""y"":0.0},""size_mm"":10.0}"
2025/12/01 20:34:10:042128,Front,KeyLog,KeyboardUI/Update,"{""c"":""L"",""position"":{""x"":0.0,""y"":0.0},""angle"":3.1415927410125734,""size_dots"":{""x"":0.0,""y"":0.0},""size_mm"":10.0}"
2025/12/01 20:34:10:042128,Front,KeyLog,KeyboardUI/Update,"{""c"":""Z"",""position"":{""x"":0.0,""y"":0.0},""angle"":3.1415927410125734,""size_dots"":{""x"":0.0,""y"":0.0},""size_mm"":10.0}"
2025/12/01 20:34:10:042128,Front,KeyLog,KeyboardUI/Update,"{""c"":""X"",""position"":{""x"":0.0,""y"":0.0},""angle"":3.1415927410125734,""size_dots"":{""x"":0.0,""y"":0.0},""size_mm"":10.0}"
2025/12/01 20:34:10:043140,Front,KeyLog,KeyboardUI/Update,"{""c"":""C"",""position"":{""x"":0.0,""y"":0.0},""angle"":3.1415927410125734,""size_dots"":{""x"":0.0,""y"":0.0},""size_mm"":10.0}"
2025/12/01 20:34:10:043140,Front,KeyLog,KeyboardUI/Update,"{""c"":""V"",""position"":{""x"":0.0,""y"":0.0},""angle"":3.1415927410125734,""size_dots"":{""x"":0.0,""y"":0.0},""size_mm"":10.0}"
2025/12/01 20:34:10:043140,Front,KeyLog,KeyboardUI/Update,"{""c"":""B"",""position"":{""x"":0.0,""y"":0.0},""angle"":3.1415927410125734,""size_dots"":{""x"":0.0,""y"":0.0},""size_mm"":10.0}"
2025/12/01 20:34:10:043140,Front,KeyLog,KeyboardUI/Update,"{""c"":""N"",""position"":{""x"":0.0,""y"":0.0},""angle"":3.1415927410125734,""size_dots"":{""x"":0.0,""y"":0.0},""size_mm"":10.0}"
2025/12/01 20:34:10:044155,Front,KeyLog,KeyboardUI/Update,"{""c"":""M"",""position"":{""x"":0.0,""y"":0.0},""angle"":3.1415927410125734,""size_dots"":{""x"":0.0,""y"":0.0},""size_mm"":10.0}"
2025/12/01 20:34:10:044155,Front,KeyLog,KeyboardUI/Update,"{""c"":""#"",""position"":{""x"":0.0,""y"":0.0},""angle"":3.1415927410125734,""size_dots"":{""x"":0.0,""y"":0.0},""size_mm"":13.800000190734864}"
2025/12/01 20:34:10:045165,Front,KeyLog,KeyboardUI/Update,"{""c"":""&"",""position"":{""x"":0.0,""y"":0.0},""angle"":3.1415927410125734,""size_dots"":{""x"":0.0,""y"":0.0},""size_mm"":13.800000190734864}"
2025/12/01 20:34:10:045165,Front,KeyLog,KeyboardUI/Update,"{""c"":""%"",""position"":{""x"":0.0,""y"":0.0},""angle"":3.1415927410125734,""size_dots"":{""x"":0.0,""y"":0.0},""size_mm"":13.800000190734864}"
2025/12/01 20:34:10:054307,Front,ARMarkerLog,ARMarkerDetector/Update,"{""position"":[0.0,0.0],""angle"":0.0}"
2025/12/01 20:34:10:062423,Front,KeyLog,KeyboardUI/Update,"{""c"":""Q"",""position"":{""x"":0.0,""y"":0.0},""angle"":3.1415927410125734,""size_dots"":{""x"":0.0,""y"":0.0},""size_mm"":10.0}"
2025/12/01 20:34:10:063435,Front,KeyLog,KeyboardUI/Update,"{""c"":""W"",""position"":{""x"":0.0,""y"":0.0},""angle"":3.1415927410125734,""size_dots"":{""x"":0.0,""y"":0.0},""size_mm"":10.0}"
2025/12/01 20:34:10:063511,Front,KeyLog,KeyboardUI/Update,"{""c"":""E"",""position"":{""x"":0.0,""y"":0.0},""angle"":3.1415927410125734,""size_dots"":{""x"":0.0,""y"":0.0},""size_mm"":10.0}"
2025/12/01 20:34:10:063511,Front,KeyLog,KeyboardUI/Update,"{""c"":""R"",""position"":{""x"":0.0,""y"":0.0},""angle"":3.1415927410125734,""size_dots"":{""x"":0.0,""y"":0.0},""size_mm"":10.0}"
2025/12/01 20:34:10:064516,Front,KeyLog,KeyboardUI/Update,"{""c"":""T"",""position"":{""x"":0.0,""y"":0.0},""angle"":3.1415927410125734,""size_dots"":{""x"":0.0,""y"":0.0},""size_mm"":10.0}"
2025/12/01 20:34:10:064516,Front,KeyLog,KeyboardUI/Update,"{""c"":""Y"",""position"":{""x"":0.0,""y"":0.0},""angle"":3.1415927410125734,""size_dots"":{""x"":0.0,""y"":0.0},""size_mm"":10.0}"
2025/12/01 20:34:10:064516,Front,KeyLog,KeyboardUI/Update,"{""c"":""U"",""position"":{""x"":0.0,""y"":0.0},""angle"":3.1415927410125734,""size_dots"":{""x"":0.0,""y"":0.0},""size_mm"":10.0}"
2025/12/01 20:34:10:064516,Front,KeyLog,KeyboardUI/Update,"{""c"":""I"",""position"":{""x"":0.0,""y"":0.0},""angle"":3.1415927410125734,""size_dots"":{""x"":0.0,""y"":0.0},""size_mm"":10.0}"
2025/12/01 20:34:10:065525,Front,KeyLog,KeyboardUI/Update,"{""c"":""O"",""position"":{""x"":0.0,""y"":0.0},""angle"":3.1415927410125734,""size_dots"":{""x"":0.0,""y"":0.0},""size_mm"":10.0}"
2025/12/01 20:34:10:065525,Front,KeyLog,KeyboardUI/Update,"{""c"":""P"",""position"":{""x"":0.0,""y"":0.0},""angle"":3.1415927410125734,""size_dots"":{""x"":0.0,""y"":0.0},""size_mm"":10.0}"
2025/12/01 20:34:10:065525,Front,KeyLog,KeyboardUI/Update,"{""c"":""A"",""position"":{""x"":0.0,""y"":0.0},""angle"":3.1415927410125734,""size_dots"":{""x"":0.0,""y"":0.0},""size_mm"":10.0}"
2025/12/01 20:34:10:066524,Front,KeyLog,KeyboardUI/Update,"{""c"":""S"",""position"":{""x"":0.0,""y"":0.0},""angle"":3.1415927410125734,""size_dots"":{""x"":0.0,""y"":0.0},""size_mm"":10.0}"
2025/12/01 20:34:10:066524,Front,KeyLog,KeyboardUI/Update,"{""c"":""D"",""position"":{""x"":0.0,""y"":0.0},""angle"":3.1415927410125734,""size_dots"":{""x"":0.0,""y"":0.0},""size_mm"":10.0}"
2025/12/01 20:34:10:066524,Front,KeyLog,KeyboardUI/Update,"{""c"":""F"",""position"":{""x"":0.0,""y"":0.0},""angle"":3.1415927410125734,""size_dots"":{""x"":0.0,""y"":0.0},""size_mm"":10.0}"
2025/12/01 20:34:10:067028,Front,KeyLog,KeyboardUI/Update,"{""c"":""G"",""position"":{""x"":0.0,""y"":0.0},""angle"":3.1415927410125734,""size_dots"":{""x"":0.0,""y"":0.0},""size_mm"":10.0}"
2025/12/01 20:34:10:067028,Front,KeyLog,KeyboardUI/Update,"{""c"":""H"",""position"":{""x"":0.0,""y"":0.0},""angle"":3.1415927410125734,""size_dots"":{""x"":0.0,""y"":0.0},""size_mm"":10.0}"
2025/12/01 20:34:10:067028,Front,KeyLog,KeyboardUI/Update,"{""c"":""J"",""position"":{""x"":0.0,""y"":0.0},""angle"":3.1415927410125734,""size_dots"":{""x"":0.0,""y"":0.0},""size_mm"":10.0}"
2025/12/01 20:34:10:067028,Front,KeyLog,KeyboardUI/Update,"{""c"":""K"",""position"":{""x"":0.0,""y"":0.0},""angle"":3.1415927410125734,""size_dots"":{""x"":0.0,""y"":0.0},""size_mm"":10.0}"
2025/12/01 20:34:10:067028,Front,KeyLog,KeyboardUI/Update,"{""c"":""L"",""position"":{""x"":0.0,""y"":0.0},""angle"":3.1415927410125734,""size_dots"":{""x"":0.0,""y"":0.0},""size_mm"":10.0}"
2025/12/01 20:34:10:067028,Front,KeyLog,KeyboardUI/Update,"{""c"":""Z"",""position"":{""x"":0.0,""y"":0.0},""angle"":3.1415927410125734,""size_dots"":{""x"":0.0,""y"":0.0},""size_mm"":10.0}"
2025/12/01 20:34:10:068037,Front,KeyLog,KeyboardUI/Update,"{""c"":""X"",""position"":{""x"":0.0,""y"":0.0},""angle"":3.1415927410125734,""size_dots"":{""x"":0.0,""y"":0.0},""size_mm"":10.0}"
2025/12/01 20:34:10:068037,Front,KeyLog,KeyboardUI/Update,"{""c"":""C"",""position"":{""x"":0.0,""y"":0.0},""angle"":3.1415927410125734,""size_dots"":{""x"":0.0,""y"":0.0},""size_mm"":10.0}"
2025/12/01 20:34:10:068037,Front,KeyLog,KeyboardUI/Update,"{""c"":""V"",""position"":{""x"":0.0,""y"":0.0},""angle"":3.1415927410125734,""size_dots"":{""x"":0.0,""y"":0.0},""size_mm"":10.0}"
2025/12/01 20:34:10:068037,Front,KeyLog,KeyboardUI/Update,"{""c"":""B"",""position"":{""x"":0.0,""y"":0.0},""angle"":3.1415927410125734,""size_dots"":{""x"":0.0,""y"":0.0},""size_mm"":10.0}"
2025/12/01 20:34:10:068037,Front,KeyLog,KeyboardUI/Update,"{""c"":""N"",""position"":{""x"":0.0,""y"":0.0},""angle"":3.1415927410125734,""size_dots"":{""x"":0.0,""y"":0.0},""size_mm"":10.0}"
2025/12/01 20:34:10:069050,Front,KeyLog,KeyboardUI/Update,"{""c"":""M"",""position"":{""x"":0.0,""y"":0.0},""angle"":3.1415927410125734,""size_dots"":{""x"":0.0,""y"":0.0},""size_mm"":10.0}"
2025/12/01 20:34:10:069050,Front,KeyLog,KeyboardUI/Update,"{""c"":""#"",""position"":{""x"":0.0,""y"":0.0},""angle"":3.1415927410125734,""size_dots"":{""x"":0.0,""y"":0.0},""size_mm"":13.800000190734864}"
2025/12/01 20:34:10:069050,Front,KeyLog,KeyboardUI/Update,"{""c"":""&"",""position"":{""x"":0.0,""y"":0.0},""angle"":3.1415927410125734,""size_dots"":{""x"":0.0,""y"":0.0},""size_mm"":13.800000190734864}"
2025/12/01 20:34:10:070060,Front,KeyLog,KeyboardUI/Update,"{""c"":""%"",""position"":{""x"":0.0,""y"":0.0},""angle"":3.1415927410125734,""size_dots"":{""x"":0.0,""y"":0.0},""size_mm"":13.800000190734864}"
2025/12/01 20:34:10:080216,Front,ARMarkerLog,ARMarkerDetector/Update,"{""position"":[0.0,0.0],""angle"":0.0}"
2025/12/01 20:34:10:087307,Front,KeyLog,KeyboardUI/Update,"{""c"":""Q"",""position"":{""x"":0.0,""y"":0.0},""angle"":3.1415927410125734,""size_dots"":{""x"":0.0,""y"":0.0},""size_mm"":10.0}"
2025/12/01 20:34:10:089333,Front,KeyLog,KeyboardUI/Update,"{""c"":""W"",""position"":{""x"":0.0,""y"":0.0},""angle"":3.1415927410125734,""size_dots"":{""x"":0.0,""y"":0.0},""size_mm"":10.0}"
2025/12/01 20:34:10:090342,Front,KeyLog,KeyboardUI/Update,"{""c"":""E"",""position"":{""x"":0.0,""y"":0.0},""angle"":3.1415927410125734,""size_dots"":{""x"":0.0,""y"":0.0},""size_mm"":10.0}"
2025/12/01 20:34:10:091353,Front,KeyLog,KeyboardUI/Update,"{""c"":""R"",""position"":{""x"":0.0,""y"":0.0},""angle"":3.1415927410125734,""size_dots"":{""x"":0.0,""y"":0.0},""size_mm"":10.0}"
2025/12/01 20:34:10:092362,Front,KeyLog,KeyboardUI/Update,"{""c"":""T"",""position"":{""x"":0.0,""y"":0.0},""angle"":3.1415927410125734,""size_dots"":{""x"":0.0,""y"":0.0},""size_mm"":10.0}"
2025/12/01 20:34:10:094384,Front,KeyLog,KeyboardUI/Update,"{""c"":""Y"",""position"":{""x"":0.0,""y"":0.0},""angle"":3.1415927410125734,""size_dots"":{""x"":0.0,""y"":0.0},""size_mm"":10.0}"
2025/12/01 20:34:10:096444,Front,KeyLog,KeyboardUI/Update,"{""c"":""U"",""position"":{""x"":0.0,""y"":0.0},""angle"":3.1415927410125734,""size_dots"":{""x"":0.0,""y"":0.0},""size_mm"":10.0}"
2025/12/01 20:34:10:097472,Front,KeyLog,KeyboardUI/Update,"{""c"":""I"",""position"":{""x"":0.0,""y"":0.0},""angle"":3.1415927410125734,""size_dots"":{""x"":0.0,""y"":0.0},""size_mm"":10.0}"
2025/12/01 20:34:10:098482,Front,KeyLog,KeyboardUI/Update,"{""c"":""O"",""position"":{""x"":0.0,""y"":0.0},""angle"":3.1415927410125734,""size_dots"":{""x"":0.0,""y"":0.0},""size_mm"":10.0}"
2025/12/01 20:34:10:099491,Front,KeyLog,KeyboardUI/Update,"{""c"":""P"",""position"":{""x"":0.0,""y"":0.0},""angle"":3.1415927410125734,""size_dots"":{""x"":0.0,""y"":0.0},""size_mm"":10.0}"
2025/12/01 20:34:10:100502,Front,KeyLog,KeyboardUI/Update,"{""c"":""A"",""position"":{""x"":0.0,""y"":0.0},""angle"":3.1415927410125734,""size_dots"":{""x"":0.0,""y"":0.0},""size_mm"":10.0}"
2025/12/01 20:34:10:101513,Front,KeyLog,KeyboardUI/Update,"{""c"":""S"",""position"":{""x"":0.0,""y"":0.0},""angle"":3.1415927410125734,""size_dots"":{""x"":0.0,""y"":0.0},""size_mm"":10.0}"
2025/12/01 20:34:10:102524,Front,KeyLog,KeyboardUI/Update,"{""c"":""D"",""position"":{""x"":0.0,""y"":0.0},""angle"":3.1415927410125734,""size_dots"":{""x"":0.0,""y"":0.0},""size_mm"":10.0}"
2025/12/01 20:34:10:103533,Front,KeyLog,KeyboardUI/Update,"{""c"":""F"",""position"":{""x"":0.0,""y"":0.0},""angle"":3.1415927410125734,""size_dots"":{""x"":0.0,""y"":0.0},""size_mm"":10.0}"
2025/12/01 20:34:10:104542,Front,KeyLog,KeyboardUI/Update,"{""c"":""G"",""position"":{""x"":0.0,""y"":0.0},""angle"":3.1415927410125734,""size_dots"":{""x"":0.0,""y"":0.0},""size_mm"":10.0}"
2025/12/01 20:34:10:105554,Front,KeyLog,KeyboardUI/Update,"{""c"":""H"",""position"":{""x"":0.0,""y"":0.0},""angle"":3.1415927410125734,""size_dots"":{""x"":0.0,""y"":0.0},""size_mm"":10.0}"
2025/12/01 20:34:10:106553,Front,KeyLog,KeyboardUI/Update,"{""c"":""J"",""position"":{""x"":0.0,""y"":0.0},""angle"":3.1415927410125734,""size_dots"":{""x"":0.0,""y"":0.0},""size_mm"":10.0}"
2025/12/01 20:34:10:107056,Front,KeyLog,KeyboardUI/Update,"{""c"":""K"",""position"":{""x"":0.0,""y"":0.0},""angle"":3.1415927410125734,""size_dots"":{""x"":0.0,""y"":0.0},""size_mm"":10.0}"
2025/12/01 20:34:10:108070,Front,KeyLog,KeyboardUI/Update,"{""c"":""L"",""position"":{""x"":0.0,""y"":0.0},""angle"":3.1415927410125734,""size_dots"":{""x"":0.0,""y"":0.0},""size_mm"":10.0}"
2025/12/01 20:34:10:109082,Front,KeyLog,KeyboardUI/Update,"{""c"":""Z"",""position"":{""x"":0.0,""y"":0.0},""angle"":3.1415927410125734,""size_dots"":{""x"":0.0,""y"":0.0},""size_mm"":10.0}"
2025/12/01 20:34:10:110098,Front,KeyLog,KeyboardUI/Update,"{""c"":""X"",""position"":{""x"":0.0,""y"":0.0},""angle"":3.1415927410125734,""size_dots"":{""x"":0.0,""y"":0.0},""size_mm"":10.0}"
2025/12/01 20:34:10:111132,Front,KeyLog,KeyboardUI/Update,"{""c"":""C"",""position"":{""x"":0.0,""y"":0.0},""angle"":3.1415927410125734,""size_dots"":{""x"":0.0,""y"":0.0},""size_mm"":10.0}"
2025/12/01 20:34:10:112147,Front,KeyLog,KeyboardUI/Update,"{""c"":""V"",""position"":{""x"":0.0,""y"":0.0},""angle"":3.1415927410125734,""size_dots"":{""x"":0.0,""y"":0.0},""size_mm"":10.0}"
2025/12/01 20:34:10:113157,Front,KeyLog,KeyboardUI/Update,"{""c"":""B"",""position"":{""x"":0.0,""y"":0.0},""angle"":3.1415927410125734,""size_dots"":{""x"":0.0,""y"":0.0},""size_mm"":10.0}"
2025/12/01 20:34:10:114168,Front,KeyLog,KeyboardUI/Update,"{""c"":""N"",""position"":{""x"":0.0,""y"":0.0},""angle"":3.1415927410125734,""size_dots"":{""x"":0.0,""y"":0.0},""size_mm"":10.0}"
2025/12/01 20:34:10:115180,Front,KeyLog,KeyboardUI/Update,"{""c"":""M"",""position"":{""x"":0.0,""y"":0.0},""angle"":3.1415927410125734,""size_dots"":{""x"":0.0,""y"":0.0},""size_mm"":10.0}"
2025/12/01 20:34:10:116192,Front,KeyLog,KeyboardUI/Update,"{""c"":""#"",""position"":{""x"":0.0,""y"":0.0},""angle"":3.1415927410125734,""size_dots"":{""x"":0.0,""y"":0.0},""size_mm"":13.800000190734864}"
2025/12/01 20:34:10:117210,Front,KeyLog,KeyboardUI/Update,"{""c"":""&"",""position"":{""x"":0.0,""y"":0.0},""angle"":3.1415927410125734,""size_dots"":{""x"":0.0,""y"":0.0},""size_mm"":13.800000190734864}"
2025/12/01 20:34:10:118230,Front,KeyLog,KeyboardUI/Update,"{""c"":""%"",""position"":{""x"":0.0,""y"":0.0},""angle"":3.1415927410125734,""size_dots"":{""x"":0.0,""y"":0.0},""size_mm"":13.800000190734864}"
2025/12/01 20:34:10:142125,Front,ARMarkerLog,ARMarkerDetector/Update,"{""position"":[0.0,0.0],""angle"":0.0}"
2025/12/01 20:34:10:150231,Front,KeyLog,KeyboardUI/Update,"{""c"":""Q"",""position"":{""x"":0.0,""y"":0.0},""angle"":3.1415927410125734,""size_dots"":{""x"":0.0,""y"":0.0},""size_mm"":10.0}"
2025/12/01 20:34:10:151247,Front,KeyLog,KeyboardUI/Update,"{""c"":""W"",""position"":{""x"":0.0,""y"":0.0},""angle"":3.1415927410125734,""size_dots"":{""x"":0.0,""y"":0.0},""size_mm"":10.0}"
2025/12/01 20:34:10:151247,Front,KeyLog,KeyboardUI/Update,"{""c"":""E"",""position"":{""x"":0.0,""y"":0.0},""angle"":3.1415927410125734,""size_dots"":{""x"":0.0,""y"":0.0},""size_mm"":10.0}"
2025/12/01 20:34:10:151247,Front,KeyLog,KeyboardUI/Update,"{""c"":""R"",""position"":{""x"":0.0,""y"":0.0},""angle"":3.1415927410125734,""size_dots"":{""x"":0.0,""y"":0.0},""size_mm"":10.0}"
2025/12/01 20:34:10:151247,Front,KeyLog,KeyboardUI/Update,"{""c"":""T"",""position"":{""x"":0.0,""y"":0.0},""angle"":3.1415927410125734,""size_dots"":{""x"":0.0,""y"":0.0},""size_mm"":10.0}"
2025/12/01 20:34:10:152259,Front,KeyLog,KeyboardUI/Update,"{""c"":""Y"",""position"":{""x"":0.0,""y"":0.0},""angle"":3.1415927410125734,""size_dots"":{""x"":0.0,""y"":0.0},""size_mm"":10.0}"
2025/12/01 20:34:10:152259,Front,KeyLog,KeyboardUI/Update,"{""c"":""U"",""position"":{""x"":0.0,""y"":0.0},""angle"":3.1415927410125734,""size_dots"":{""x"":0.0,""y"":0.0},""size_mm"":10.0}"
2025/12/01 20:34:10:152259,Front,KeyLog,KeyboardUI/Update,"{""c"":""I"",""position"":{""x"":0.0,""y"":0.0},""angle"":3.1415927410125734,""size_dots"":{""x"":0.0,""y"":0.0},""size_mm"":10.0}"
2025/12/01 20:34:10:153270,Front,KeyLog,KeyboardUI/Update,"{""c"":""O"",""position"":{""x"":0.0,""y"":0.0},""angle"":3.1415927410125734,""size_dots"":{""x"":0.0,""y"":0.0},""size_mm"":10.0}"
2025/12/01 20:34:10:153270,Front,KeyLog,KeyboardUI/Update,"{""c"":""P"",""position"":{""x"":0.0,""y"":0.0},""angle"":3.1415927410125734,""size_dots"":{""x"":0.0,""y"":0.0},""size_mm"":10.0}"
2025/12/01 20:34:10:153270,Front,KeyLog,KeyboardUI/Update,"{""c"":""A"",""position"":{""x"":0.0,""y"":0.0},""angle"":3.1415927410125734,""size_dots"":{""x"":0.0,""y"":0.0},""size_mm"":10.0}"
2025/12/01 20:34:10:153270,Front,KeyLog,KeyboardUI/Update,"{""c"":""S"",""position"":{""x"":0.0,""y"":0.0},""angle"":3.1415927410125734,""size_dots"":{""x"":0.0,""y"":0.0},""size_mm"":10.0}"
2025/12/01 20:34:10:153270,Front,KeyLog,KeyboardUI/Update,"{""c"":""D"",""position"":{""x"":0.0,""y"":0.0},""angle"":3.1415927410125734,""size_dots"":{""x"":0.0,""y"":0.0},""size_mm"":10.0}"
2025/12/01 20:34:10:154281,Front,KeyLog,KeyboardUI/Update,"{""c"":""F"",""position"":{""x"":0.0,""y"":0.0},""angle"":3.1415927410125734,""size_dots"":{""x"":0.0,""y"":0.0},""size_mm"":10.0}"
2025/12/01 20:34:10:154281,Front,KeyLog,KeyboardUI/Update,"{""c"":""G"",""position"":{""x"":0.0,""y"":0.0},""angle"":3.1415927410125734,""size_dots"":{""x"":0.0,""y"":0.0},""size_mm"":10.0}"
2025/12/01 20:34:10:155293,Front,KeyLog,KeyboardUI/Update,"{""c"":""H"",""position"":{""x"":0.0,""y"":0.0},""angle"":3.1415927410125734,""size_dots"":{""x"":0.0,""y"":0.0},""size_mm"":10.0}"
2025/12/01 20:34:10:155293,Front,KeyLog,KeyboardUI/Update,"{""c"":""J"",""position"":{""x"":0.0,""y"":0.0},""angle"":3.1415927410125734,""size_dots"":{""x"":0.0,""y"":0.0},""size_mm"":10.0}"
2025/12/01 20:34:10:155293,Front,KeyLog,KeyboardUI/Update,"{""c"":""K"",""position"":{""x"":0.0,""y"":0.0},""angle"":3.1415927410125734,""size_dots"":{""x"":0.0,""y"":0.0},""size_mm"":10.0}"
2025/12/01 20:34:10:156303,Front,KeyLog,KeyboardUI/Update,"{""c"":""L"",""position"":{""x"":0.0,""y"":0.0},""angle"":3.1415927410125734,""size_dots"":{""x"":0.0,""y"":0.0},""size_mm"":10.0}"
2025/12/01 20:34:10:156303,Front,KeyLog,KeyboardUI/Update,"{""c"":""Z"",""position"":{""x"":0.0,""y"":0.0},""angle"":3.1415927410125734,""size_dots"":{""x"":0.0,""y"":0.0},""size_mm"":10.0}"
2025/12/01 20:34:10:156823,Front,KeyLog,KeyboardUI/Update,"{""c"":""X"",""position"":{""x"":0.0,""y"":0.0},""angle"":3.1415927410125734,""size_dots"":{""x"":0.0,""y"":0.0},""size_mm"":10.0}"
2025/12/01 20:34:10:156823,Front,KeyLog,KeyboardUI/Update,"{""c"":""C"",""position"":{""x"":0.0,""y"":0.0},""angle"":3.1415927410125734,""size_dots"":{""x"":0.0,""y"":0.0},""size_mm"":10.0}"
2025/12/01 20:34:10:156823,Front,KeyLog,KeyboardUI/Update,"{""c"":""V"",""position"":{""x"":0.0,""y"":0.0},""angle"":3.1415927410125734,""size_dots"":{""x"":0.0,""y"":0.0},""size_mm"":10.0}"
2025/12/01 20:34:10:157331,Front,KeyLog,KeyboardUI/Update,"{""c"":""B"",""position"":{""x"":0.0,""y"":0.0},""angle"":3.1415927410125734,""size_dots"":{""x"":0.0,""y"":0.0},""size_mm"":10.0}"
2025/12/01 20:34:10:157331,Front,KeyLog,KeyboardUI/Update,"{""c"":""N"",""position"":{""x"":0.0,""y"":0.0},""angle"":3.1415927410125734,""size_dots"":{""x"":0.0,""y"":0.0},""size_mm"":10.0}"
2025/12/01 20:34:10:157331,Front,KeyLog,KeyboardUI/Update,"{""c"":""M"",""position"":{""x"":0.0,""y"":0.0},""angle"":3.1415927410125734,""size_dots"":{""x"":0.0,""y"":0.0},""size_mm"":10.0}"
2025/12/01 20:34:10:157331,Front,KeyLog,KeyboardUI/Update,"{""c"":""#"",""position"":{""x"":0.0,""y"":0.0},""angle"":3.1415927410125734,""size_dots"":{""x"":0.0,""y"":0.0},""size_mm"":13.800000190734864}"
2025/12/01 20:34:10:158344,Front,KeyLog,KeyboardUI/Update,"{""c"":""&"",""position"":{""x"":0.0,""y"":0.0},""angle"":3.1415927410125734,""size_dots"":{""x"":0.0,""y"":0.0},""size_mm"":13.800000190734864}"
2025/12/01 20:34:10:158344,Front,KeyLog,KeyboardUI/Update,"{""c"":""%"",""position"":{""x"":0.0,""y"":0.0},""angle"":3.1415927410125734,""size_dots"":{""x"":0.0,""y"":0.0},""size_mm"":13.800000190734864}"
2025/12/01 20:34:10:169501,Front,ARMarkerLog,ARMarkerDetector/Update,"{""position"":[0.0,0.0],""angle"":0.0}"
2025/12/01 20:34:10:187278,Front,KeyLog,KeyboardUI/Update,"{""c"":""Q"",""position"":{""x"":0.0,""y"":0.0},""angle"":3.1415927410125734,""size_dots"":{""x"":0.0,""y"":0.0},""size_mm"":10.0}"
2025/12/01 20:34:10:187278,Front,KeyLog,KeyboardUI/Update,"{""c"":""W"",""position"":{""x"":0.0,""y"":0.0},""angle"":3.1415927410125734,""size_dots"":{""x"":0.0,""y"":0.0},""size_mm"":10.0}"
2025/12/01 20:34:10:188293,Front,KeyLog,KeyboardUI/Update,"{""c"":""E"",""position"":{""x"":0.0,""y"":0.0},""angle"":3.1415927410125734,""size_dots"":{""x"":0.0,""y"":0.0},""size_mm"":10.0}"
2025/12/01 20:34:10:188293,Front,KeyLog,KeyboardUI/Update,"{""c"":""R"",""position"":{""x"":0.0,""y"":0.0},""angle"":3.1415927410125734,""size_dots"":{""x"":0.0,""y"":0.0},""size_mm"":10.0}"
2025/12/01 20:34:10:188293,Front,KeyLog,KeyboardUI/Update,"{""c"":""T"",""position"":{""x"":0.0,""y"":0.0},""angle"":3.1415927410125734,""size_dots"":{""x"":0.0,""y"":0.0},""size_mm"":10.0}"
2025/12/01 20:34:10:189303,Front,KeyLog,KeyboardUI/Update,"{""c"":""Y"",""position"":{""x"":0.0,""y"":0.0},""angle"":3.1415927410125734,""size_dots"":{""x"":0.0,""y"":0.0},""size_mm"":10.0}"
2025/12/01 20:34:10:189303,Front,KeyLog,KeyboardUI/Update,"{""c"":""U"",""position"":{""x"":0.0,""y"":0.0},""angle"":3.1415927410125734,""size_dots"":{""x"":0.0,""y"":0.0},""size_mm"":10.0}"
2025/12/01 20:34:10:189303,Front,KeyLog,KeyboardUI/Update,"{""c"":""I"",""position"":{""x"":0.0,""y"":0.0},""angle"":3.1415927410125734,""size_dots"":{""x"":0.0,""y"":0.0},""size_mm"":10.0}"
2025/12/01 20:34:10:190316,Front,KeyLog,KeyboardUI/Update,"{""c"":""O"",""position"":{""x"":0.0,""y"":0.0},""angle"":3.1415927410125734,""size_dots"":{""x"":0.0,""y"":0.0},""size_mm"":10.0}"
2025/12/01 20:34:10:190316,Front,KeyLog,KeyboardUI/Update,"{""c"":""P"",""position"":{""x"":0.0,""y"":0.0},""angle"":3.1415927410125734,""size_dots"":{""x"":0.0,""y"":0.0},""size_mm"":10.0}"
2025/12/01 20:34:10:190316,Front,KeyLog,KeyboardUI/Update,"{""c"":""A"",""position"":{""x"":0.0,""y"":0.0},""angle"":3.1415927410125734,""size_dots"":{""x"":0.0,""y"":0.0},""size_mm"":10.0}"
2025/12/01 20:34:10:190316,Front,KeyLog,KeyboardUI/Update,"{""c"":""S"",""position"":{""x"":0.0,""y"":0.0},""angle"":3.1415927410125734,""size_dots"":{""x"":0.0,""y"":0.0},""size_mm"":10.0}"
2025/12/01 20:34:10:190316,Front,KeyLog,KeyboardUI/Update,"{""c"":""D"",""position"":{""x"":0.0,""y"":0.0},""angle"":3.1415927410125734,""size_dots"":{""x"":0.0,""y"":0.0},""size_mm"":10.0}"
2025/12/01 20:34:10:190316,Front,KeyLog,KeyboardUI/Update,"{""c"":""F"",""position"":{""x"":0.0,""y"":0.0},""angle"":3.1415927410125734,""size_dots"":{""x"":0.0,""y"":0.0},""size_mm"":10.0}"
2025/12/01 20:34:10:190316,Front,KeyLog,KeyboardUI/Update,"{""c"":""G"",""position"":{""x"":0.0,""y"":0.0},""angle"":3.1415927410125734,""size_dots"":{""x"":0.0,""y"":0.0},""size_mm"":10.0}"
2025/12/01 20:34:10:190316,Front,KeyLog,KeyboardUI/Update,"{""c"":""H"",""position"":{""x"":0.0,""y"":0.0},""angle"":3.1415927410125734,""size_dots"":{""x"":0.0,""y"":0.0},""size_mm"":10.0}"
2025/12/01 20:34:10:190316,Front,KeyLog,KeyboardUI/Update,"{""c"":""J"",""position"":{""x"":0.0,""y"":0.0},""angle"":3.1415927410125734,""size_dots"":{""x"":0.0,""y"":0.0},""size_mm"":10.0}"
2025/12/01 20:34:10:191326,Front,KeyLog,KeyboardUI/Update,"{""c"":""K"",""position"":{""x"":0.0,""y"":0.0},""angle"":3.1415927410125734,""size_dots"":{""x"":0.0,""y"":0.0},""size_mm"":10.0}"
2025/12/01 20:34:10:191326,Front,KeyLog,KeyboardUI/Update,"{""c"":""L"",""position"":{""x"":0.0,""y"":0.0},""angle"":3.1415927410125734,""size_dots"":{""x"":0.0,""y"":0.0},""size_mm"":10.0}"
2025/12/01 20:34:10:192340,Front,KeyLog,KeyboardUI/Update,"{""c"":""Z"",""position"":{""x"":0.0,""y"":0.0},""angle"":3.1415927410125734,""size_dots"":{""x"":0.0,""y"":0.0},""size_mm"":10.0}"
2025/12/01 20:34:10:192340,Front,KeyLog,KeyboardUI/Update,"{""c"":""X"",""position"":{""x"":0.0,""y"":0.0},""angle"":3.1415927410125734,""size_dots"":{""x"":0.0,""y"":0.0},""size_mm"":10.0}"
2025/12/01 20:34:10:193352,Front,KeyLog,KeyboardUI/Update,"{""c"":""C"",""position"":{""x"":0.0,""y"":0.0},""angle"":3.1415927410125734,""size_dots"":{""x"":0.0,""y"":0.0},""size_mm"":10.0}"
2025/12/01 20:34:10:193352,Front,KeyLog,KeyboardUI/Update,"{""c"":""V"",""position"":{""x"":0.0,""y"":0.0},""angle"":3.1415927410125734,""size_dots"":{""x"":0.0,""y"":0.0},""size_mm"":10.0}"
2025/12/01 20:34:10:193352,Front,KeyLog,KeyboardUI/Update,"{""c"":""B"",""position"":{""x"":0.0,""y"":0.0},""angle"":3.1415927410125734,""size_dots"":{""x"":0.0,""y"":0.0},""size_mm"":10.0}"
2025/12/01 20:34:10:193352,Front,KeyLog,KeyboardUI/Update,"{""c"":""N"",""position"":{""x"":0.0,""y"":0.0},""angle"":3.1415927410125734,""size_dots"":{""x"":0.0,""y"":0.0},""size_mm"":10.0}"
2025/12/01 20:34:10:193352,Front,KeyLog,KeyboardUI/Update,"{""c"":""M"",""position"":{""x"":0.0,""y"":0.0},""angle"":3.1415927410125734,""size_dots"":{""x"":0.0,""y"":0.0},""size_mm"":10.0}"
2025/12/01 20:34:10:195375,Front,KeyLog,KeyboardUI/Update,"{""c"":""#"",""position"":{""x"":0.0,""y"":0.0},""angle"":3.1415927410125734,""size_dots"":{""x"":0.0,""y"":0.0},""size_mm"":13.800000190734864}"
2025/12/01 20:34:10:196386,Front,KeyLog,KeyboardUI/Update,"{""c"":""&"",""position"":{""x"":0.0,""y"":0.0},""angle"":3.1415927410125734,""size_dots"":{""x"":0.0,""y"":0.0},""size_mm"":13.800000190734864}"
2025/12/01 20:34:10:196386,Front,KeyLog,KeyboardUI/Update,"{""c"":""%"",""position"":{""x"":0.0,""y"":0.0},""angle"":3.1415927410125734,""size_dots"":{""x"":0.0,""y"":0.0},""size_mm"":13.800000190734864}"
2025/12/01 20:34:10:207016,Front,ARMarkerLog,ARMarkerDetector/Update,"{""position"":[0.0,0.0],""angle"":0.0}"
2025/12/01 20:34:10:223324,Front,KeyLog,KeyboardUI/Update,"{""c"":""Q"",""position"":{""x"":0.0,""y"":0.0},""angle"":3.1415927410125734,""size_dots"":{""x"":0.0,""y"":0.0},""size_mm"":10.0}"
2025/12/01 20:34:10:223324,Front,KeyLog,KeyboardUI/Update,"{""c"":""W"",""position"":{""x"":0.0,""y"":0.0},""angle"":3.1415927410125734,""size_dots"":{""x"":0.0,""y"":0.0},""size_mm"":10.0}"
2025/12/01 20:34:10:223324,Front,KeyLog,KeyboardUI/Update,"{""c"":""E"",""position"":{""x"":0.0,""y"":0.0},""angle"":3.1415927410125734,""size_dots"":{""x"":0.0,""y"":0.0},""size_mm"":10.0}"
2025/12/01 20:34:10:223324,Front,KeyLog,KeyboardUI/Update,"{""c"":""R"",""position"":{""x"":0.0,""y"":0.0},""angle"":3.1415927410125734,""size_dots"":{""x"":0.0,""y"":0.0},""size_mm"":10.0}"
2025/12/01 20:34:10:223324,Front,KeyLog,KeyboardUI/Update,"{""c"":""T"",""position"":{""x"":0.0,""y"":0.0},""angle"":3.1415927410125734,""size_dots"":{""x"":0.0,""y"":0.0},""size_mm"":10.0}"
2025/12/01 20:34:10:223324,Front,KeyLog,KeyboardUI/Update,"{""c"":""Y"",""position"":{""x"":0.0,""y"":0.0},""angle"":3.1415927410125734,""size_dots"":{""x"":0.0,""y"":0.0},""size_mm"":10.0}"
2025/12/01 20:34:10:224336,Front,KeyLog,KeyboardUI/Update,"{""c"":""U"",""position"":{""x"":0.0,""y"":0.0},""angle"":3.1415927410125734,""size_dots"":{""x"":0.0,""y"":0.0},""size_mm"":10.0}"
2025/12/01 20:34:10:224336,Front,KeyLog,KeyboardUI/Update,"{""c"":""I"",""position"":{""x"":0.0,""y"":0.0},""angle"":3.1415927410125734,""size_dots"":{""x"":0.0,""y"":0.0},""size_mm"":10.0}"
2025/12/01 20:34:10:224336,Front,KeyLog,KeyboardUI/Update,"{""c"":""O"",""position"":{""x"":0.0,""y"":0.0},""angle"":3.1415927410125734,""size_dots"":{""x"":0.0,""y"":0.0},""size_mm"":10.0}"
2025/12/01 20:34:10:225371,Front,KeyLog,KeyboardUI/Update,"{""c"":""P"",""position"":{""x"":0.0,""y"":0.0},""angle"":3.1415927410125734,""size_dots"":{""x"":0.0,""y"":0.0},""size_mm"":10.0}"
2025/12/01 20:34:10:225371,Front,KeyLog,KeyboardUI/Update,"{""c"":""A"",""position"":{""x"":0.0,""y"":0.0},""angle"":3.1415927410125734,""size_dots"":{""x"":0.0,""y"":0.0},""size_mm"":10.0}"
2025/12/01 20:34:10:225371,Front,KeyLog,KeyboardUI/Update,"{""c"":""S"",""position"":{""x"":0.0,""y"":0.0},""angle"":3.1415927410125734,""size_dots"":{""x"":0.0,""y"":0.0},""size_mm"":10.0}"
2025/12/01 20:34:10:225371,Front,KeyLog,KeyboardUI/Update,"{""c"":""D"",""position"":{""x"":0.0,""y"":0.0},""angle"":3.1415927410125734,""size_dots"":{""x"":0.0,""y"":0.0},""size_mm"":10.0}"
2025/12/01 20:34:10:225371,Front,KeyLog,KeyboardUI/Update,"{""c"":""F"",""position"":{""x"":0.0,""y"":0.0},""angle"":3.1415927410125734,""size_dots"":{""x"":0.0,""y"":0.0},""size_mm"":10.0}"
2025/12/01 20:34:10:225371,Front,KeyLog,KeyboardUI/Update,"{""c"":""G"",""position"":{""x"":0.0,""y"":0.0},""angle"":3.1415927410125734,""size_dots"":{""x"":0.0,""y"":0.0},""size_mm"":10.0}"
2025/12/01 20:34:10:226887,Front,KeyLog,KeyboardUI/Update,"{""c"":""H"",""position"":{""x"":0.0,""y"":0.0},""angle"":3.1415927410125734,""size_dots"":{""x"":0.0,""y"":0.0},""size_mm"":10.0}"
2025/12/01 20:34:10:226887,Front,KeyLog,KeyboardUI/Update,"{""c"":""J"",""position"":{""x"":0.0,""y"":0.0},""angle"":3.1415927410125734,""size_dots"":{""x"":0.0,""y"":0.0},""size_mm"":10.0}"
2025/12/01 20:34:10:226887,Front,KeyLog,KeyboardUI/Update,"{""c"":""K"",""position"":{""x"":0.0,""y"":0.0},""angle"":3.1415927410125734,""size_dots"":{""x"":0.0,""y"":0.0},""size_mm"":10.0}"
2025/12/01 20:34:10:227397,Front,KeyLog,KeyboardUI/Update,"{""c"":""L"",""position"":{""x"":0.0,""y"":0.0},""angle"":3.1415927410125734,""size_dots"":{""x"":0.0,""y"":0.0},""size_mm"":10.0}"
2025/12/01 20:34:10:227397,Front,KeyLog,KeyboardUI/Update,"{""c"":""Z"",""position"":{""x"":0.0,""y"":0.0},""angle"":3.1415927410125734,""size_dots"":{""x"":0.0,""y"":0.0},""size_mm"":10.0}"
2025/12/01 20:34:10:227397,Front,KeyLog,KeyboardUI/Update,"{""c"":""X"",""position"":{""x"":0.0,""y"":0.0},""angle"":3.1415927410125734,""size_dots"":{""x"":0.0,""y"":0.0},""size_mm"":10.0}"
2025/12/01 20:34:10:227397,Front,KeyLog,KeyboardUI/Update,"{""c"":""C"",""position"":{""x"":0.0,""y"":0.0},""angle"":3.1415927410125734,""size_dots"":{""x"":0.0,""y"":0.0},""size_mm"":10.0}"
2025/12/01 20:34:10:228414,Front,KeyLog,KeyboardUI/Update,"{""c"":""V"",""position"":{""x"":0.0,""y"":0.0},""angle"":3.1415927410125734,""size_dots"":{""x"":0.0,""y"":0.0},""size_mm"":10.0}"
2025/12/01 20:34:10:228414,Front,KeyLog,KeyboardUI/Update,"{""c"":""B"",""position"":{""x"":0.0,""y"":0.0},""angle"":3.1415927410125734,""size_dots"":{""x"":0.0,""y"":0.0},""size_mm"":10.0}"
2025/12/01 20:34:10:228414,Front,KeyLog,KeyboardUI/Update,"{""c"":""N"",""position"":{""x"":0.0,""y"":0.0},""angle"":3.1415927410125734,""size_dots"":{""x"":0.0,""y"":0.0},""size_mm"":10.0}"
2025/12/01 20:34:10:228414,Front,KeyLog,KeyboardUI/Update,"{""c"":""M"",""position"":{""x"":0.0,""y"":0.0},""angle"":3.1415927410125734,""size_dots"":{""x"":0.0,""y"":0.0},""size_mm"":10.0}"
2025/12/01 20:34:10:228414,Front,KeyLog,KeyboardUI/Update,"{""c"":""#"",""position"":{""x"":0.0,""y"":0.0},""angle"":3.1415927410125734,""size_dots"":{""x"":0.0,""y"":0.0},""size_mm"":13.800000190734864}"
2025/12/01 20:34:10:230437,Front,KeyLog,KeyboardUI/Update,"{""c"":""&"",""position"":{""x"":0.0,""y"":0.0},""angle"":3.1415927410125734,""size_dots"":{""x"":0.0,""y"":0.0},""size_mm"":13.800000190734864}"
2025/12/01 20:34:10:230437,Front,KeyLog,KeyboardUI/Update,"{""c"":""%"",""position"":{""x"":0.0,""y"":0.0},""angle"":3.1415927410125734,""size_dots"":{""x"":0.0,""y"":0.0},""size_mm"":13.800000190734864}"
2025/12/01 20:34:10:240060,Front,ARMarkerLog,ARMarkerDetector/Update,"{""position"":[0.0,0.0],""angle"":0.0}"
2025/12/01 20:34:10:249179,Front,KeyLog,KeyboardUI/Update,"{""c"":""Q"",""position"":{""x"":0.0,""y"":0.0},""angle"":3.1415927410125734,""size_dots"":{""x"":0.0,""y"":0.0},""size_mm"":10.0}"
2025/12/01 20:34:10:250199,Front,KeyLog,KeyboardUI/Update,"{""c"":""W"",""position"":{""x"":0.0,""y"":0.0},""angle"":3.1415927410125734,""size_dots"":{""x"":0.0,""y"":0.0},""size_mm"":10.0}"
2025/12/01 20:34:10:250199,Front,KeyLog,KeyboardUI/Update,"{""c"":""E"",""position"":{""x"":0.0,""y"":0.0},""angle"":3.1415927410125734,""size_dots"":{""x"":0.0,""y"":0.0},""size_mm"":10.0}"
2025/12/01 20:34:10:250199,Front,KeyLog,KeyboardUI/Update,"{""c"":""R"",""position"":{""x"":0.0,""y"":0.0},""angle"":3.1415927410125734,""size_dots"":{""x"":0.0,""y"":0.0},""size_mm"":10.0}"
2025/12/01 20:34:10:250199,Front,KeyLog,KeyboardUI/Update,"{""c"":""T"",""position"":{""x"":0.0,""y"":0.0},""angle"":3.1415927410125734,""size_dots"":{""x"":0.0,""y"":0.0},""size_mm"":10.0}"
2025/12/01 20:34:10:251210,Front,KeyLog,KeyboardUI/Update,"{""c"":""Y"",""position"":{""x"":0.0,""y"":0.0},""angle"":3.1415927410125734,""size_dots"":{""x"":0.0,""y"":0.0},""size_mm"":10.0}"
2025/12/01 20:34:10:251210,Front,KeyLog,KeyboardUI/Update,"{""c"":""U"",""position"":{""x"":0.0,""y"":0.0},""angle"":3.1415927410125734,""size_dots"":{""x"":0.0,""y"":0.0},""size_mm"":10.0}"
2025/12/01 20:34:10:251210,Front,KeyLog,KeyboardUI/Update,"{""c"":""I"",""position"":{""x"":0.0,""y"":0.0},""angle"":3.1415927410125734,""size_dots"":{""x"":0.0,""y"":0.0},""size_mm"":10.0}"
2025/12/01 20:34:10:251210,Front,KeyLog,KeyboardUI/Update,"{""c"":""O"",""position"":{""x"":0.0,""y"":0.0},""angle"":3.1415927410125734,""size_dots"":{""x"":0.0,""y"":0.0},""size_mm"":10.0}"
2025/12/01 20:34:10:251210,Front,KeyLog,KeyboardUI/Update,"{""c"":""P"",""position"":{""x"":0.0,""y"":0.0},""angle"":3.1415927410125734,""size_dots"":{""x"":0.0,""y"":0.0},""size_mm"":10.0}"
2025/12/01 20:34:10:252223,Front,KeyLog,KeyboardUI/Update,"{""c"":""A"",""position"":{""x"":0.0,""y"":0.0},""angle"":3.1415927410125734,""size_dots"":{""x"":0.0,""y"":0.0},""size_mm"":10.0}"
2025/12/01 20:34:10:252223,Front,KeyLog,KeyboardUI/Update,"{""c"":""S"",""position"":{""x"":0.0,""y"":0.0},""angle"":3.1415927410125734,""size_dots"":{""x"":0.0,""y"":0.0},""size_mm"":10.0}"
2025/12/01 20:34:10:252223,Front,KeyLog,KeyboardUI/Update,"{""c"":""D"",""position"":{""x"":0.0,""y"":0.0},""angle"":3.1415927410125734,""size_dots"":{""x"":0.0,""y"":0.0},""size_mm"":10.0}"
2025/12/01 20:34:10:253234,Front,KeyLog,KeyboardUI/Update,"{""c"":""F"",""position"":{""x"":0.0,""y"":0.0},""angle"":3.1415927410125734,""size_dots"":{""x"":0.0,""y"":0.0},""size_mm"":10.0}"
2025/12/01 20:34:10:253234,Front,KeyLog,KeyboardUI/Update,"{""c"":""G"",""position"":{""x"":0.0,""y"":0.0},""angle"":3.1415927410125734,""size_dots"":{""x"":0.0,""y"":0.0},""size_mm"":10.0}"
2025/12/01 20:34:10:253234,Front,KeyLog,KeyboardUI/Update,"{""c"":""H"",""position"":{""x"":0.0,""y"":0.0},""angle"":3.1415927410125734,""size_dots"":{""x"":0.0,""y"":0.0},""size_mm"":10.0}"
2025/12/01 20:34:10:254245,Front,KeyLog,KeyboardUI/Update,"{""c"":""J"",""position"":{""x"":0.0,""y"":0.0},""angle"":3.1415927410125734,""size_dots"":{""x"":0.0,""y"":0.0},""size_mm"":10.0}"
2025/12/01 20:34:10:254245,Front,KeyLog,KeyboardUI/Update,"{""c"":""K"",""position"":{""x"":0.0,""y"":0.0},""angle"":3.1415927410125734,""size_dots"":{""x"":0.0,""y"":0.0},""size_mm"":10.0}"
2025/12/01 20:34:10:254245,Front,KeyLog,KeyboardUI/Update,"{""c"":""L"",""position"":{""x"":0.0,""y"":0.0},""angle"":3.1415927410125734,""size_dots"":{""x"":0.0,""y"":0.0},""size_mm"":10.0}"
2025/12/01 20:34:10:254245,Front,KeyLog,KeyboardUI/Update,"{""c"":""Z"",""position"":{""x"":0.0,""y"":0.0},""angle"":3.1415927410125734,""size_dots"":{""x"":0.0,""y"":0.0},""size_mm"":10.0}"
2025/12/01 20:34:10:254245,Front,KeyLog,KeyboardUI/Update,"{""c"":""X"",""position"":{""x"":0.0,""y"":0.0},""angle"":3.1415927410125734,""size_dots"":{""x"":0.0,""y"":0.0},""size_mm"":10.0}"
2025/12/01 20:34:10:255253,Front,KeyLog,KeyboardUI/Update,"{""c"":""C"",""position"":{""x"":0.0,""y"":0.0},""angle"":3.1415927410125734,""size_dots"":{""x"":0.0,""y"":0.0},""size_mm"":10.0}"
2025/12/01 20:34:10:255253,Front,KeyLog,KeyboardUI/Update,"{""c"":""V"",""position"":{""x"":0.0,""y"":0.0},""angle"":3.1415927410125734,""size_dots"":{""x"":0.0,""y"":0.0},""size_mm"":10.0}"
2025/12/01 20:34:10:255253,Front,KeyLog,KeyboardUI/Update,"{""c"":""B"",""position"":{""x"":0.0,""y"":0.0},""angle"":3.1415927410125734,""size_dots"":{""x"":0.0,""y"":0.0},""size_mm"":10.0}"
2025/12/01 20:34:10:256263,Front,KeyLog,KeyboardUI/Update,"{""c"":""N"",""position"":{""x"":0.0,""y"":0.0},""angle"":3.1415927410125734,""size_dots"":{""x"":0.0,""y"":0.0},""size_mm"":10.0}"
2025/12/01 20:34:10:256263,Front,KeyLog,KeyboardUI/Update,"{""c"":""M"",""position"":{""x"":0.0,""y"":0.0},""angle"":3.1415927410125734,""size_dots"":{""x"":0.0,""y"":0.0},""size_mm"":10.0}"
2025/12/01 20:34:10:257280,Front,KeyLog,KeyboardUI/Update,"{""c"":""#"",""position"":{""x"":0.0,""y"":0.0},""angle"":3.1415927410125734,""size_dots"":{""x"":0.0,""y"":0.0},""size_mm"":13.800000190734864}"
2025/12/01 20:34:10:257280,Front,KeyLog,KeyboardUI/Update,"{""c"":""&"",""position"":{""x"":0.0,""y"":0.0},""angle"":3.1415927410125734,""size_dots"":{""x"":0.0,""y"":0.0},""size_mm"":13.800000190734864}"
2025/12/01 20:34:10:257280,Front,KeyLog,KeyboardUI/Update,"{""c"":""%"",""position"":{""x"":0.0,""y"":0.0},""angle"":3.1415927410125734,""size_dots"":{""x"":0.0,""y"":0.0},""size_mm"":13.800000190734864}"
2025/12/01 20:34:10:267388,Front,ARMarkerLog,ARMarkerDetector/Update,"{""position"":[0.0,0.0],""angle"":0.0}"
2025/12/01 20:34:10:286636,Front,KeyLog,KeyboardUI/Update,"{""c"":""Q"",""position"":{""x"":0.0,""y"":0.0},""angle"":3.1415927410125734,""size_dots"":{""x"":0.0,""y"":0.0},""size_mm"":10.0}"
2025/12/01 20:34:10:288155,Front,KeyLog,KeyboardUI/Update,"{""c"":""W"",""position"":{""x"":0.0,""y"":0.0},""angle"":3.1415927410125734,""size_dots"":{""x"":0.0,""y"":0.0},""size_mm"":10.0}"
2025/12/01 20:34:10:289166,Front,KeyLog,KeyboardUI/Update,"{""c"":""E"",""position"":{""x"":0.0,""y"":0.0},""angle"":3.1415927410125734,""size_dots"":{""x"":0.0,""y"":0.0},""size_mm"":10.0}"
2025/12/01 20:34:10:290176,Front,KeyLog,KeyboardUI/Update,"{""c"":""R"",""position"":{""x"":0.0,""y"":0.0},""angle"":3.1415927410125734,""size_dots"":{""x"":0.0,""y"":0.0},""size_mm"":10.0}"
2025/12/01 20:34:10:291185,Front,KeyLog,KeyboardUI/Update,"{""c"":""T"",""position"":{""x"":0.0,""y"":0.0},""angle"":3.1415927410125734,""size_dots"":{""x"":0.0,""y"":0.0},""size_mm"":10.0}"
2025/12/01 20:34:10:292200,Front,KeyLog,KeyboardUI/Update,"{""c"":""Y"",""position"":{""x"":0.0,""y"":0.0},""angle"":3.1415927410125734,""size_dots"":{""x"":0.0,""y"":0.0},""size_mm"":10.0}"
2025/12/01 20:34:10:293209,Front,KeyLog,KeyboardUI/Update,"{""c"":""U"",""position"":{""x"":0.0,""y"":0.0},""angle"":3.1415927410125734,""size_dots"":{""x"":0.0,""y"":0.0},""size_mm"":10.0}"
2025/12/01 20:34:10:294222,Front,KeyLog,KeyboardUI/Update,"{""c"":""I"",""position"":{""x"":0.0,""y"":0.0},""angle"":3.1415927410125734,""size_dots"":{""x"":0.0,""y"":0.0},""size_mm"":10.0}"
2025/12/01 20:34:10:295229,Front,KeyLog,KeyboardUI/Update,"{""c"":""O"",""position"":{""x"":0.0,""y"":0.0},""angle"":3.1415927410125734,""size_dots"":{""x"":0.0,""y"":0.0},""size_mm"":10.0}"
2025/12/01 20:34:10:296255,Front,KeyLog,KeyboardUI/Update,"{""c"":""P"",""position"":{""x"":0.0,""y"":0.0},""angle"":3.1415927410125734,""size_dots"":{""x"":0.0,""y"":0.0},""size_mm"":10.0}"
2025/12/01 20:34:10:297275,Front,KeyLog,KeyboardUI/Update,"{""c"":""A"",""position"":{""x"":0.0,""y"":0.0},""angle"":3.1415927410125734,""size_dots"":{""x"":0.0,""y"":0.0},""size_mm"":10.0}"
2025/12/01 20:34:10:297275,Front,KeyLog,KeyboardUI/Update,"{""c"":""S"",""position"":{""x"":0.0,""y"":0.0},""angle"":3.1415927410125734,""size_dots"":{""x"":0.0,""y"":0.0},""size_mm"":10.0}"
2025/12/01 20:34:10:298290,Front,KeyLog,KeyboardUI/Update,"{""c"":""D"",""position"":{""x"":0.0,""y"":0.0},""angle"":3.1415927410125734,""size_dots"":{""x"":0.0,""y"":0.0},""size_mm"":10.0}"
2025/12/01 20:34:10:299301,Front,KeyLog,KeyboardUI/Update,"{""c"":""F"",""position"":{""x"":0.0,""y"":0.0},""angle"":3.1415927410125734,""size_dots"":{""x"":0.0,""y"":0.0},""size_mm"":10.0}"
2025/12/01 20:34:10:300311,Front,KeyLog,KeyboardUI/Update,"{""c"":""G"",""position"":{""x"":0.0,""y"":0.0},""angle"":3.1415927410125734,""size_dots"":{""x"":0.0,""y"":0.0},""size_mm"":10.0}"
2025/12/01 20:34:10:301321,Front,KeyLog,KeyboardUI/Update,"{""c"":""H"",""position"":{""x"":0.0,""y"":0.0},""angle"":3.1415927410125734,""size_dots"":{""x"":0.0,""y"":0.0},""size_mm"":10.0}"
2025/12/01 20:34:10:302331,Front,KeyLog,KeyboardUI/Update,"{""c"":""J"",""position"":{""x"":0.0,""y"":0.0},""angle"":3.1415927410125734,""size_dots"":{""x"":0.0,""y"":0.0},""size_mm"":10.0}"
2025/12/01 20:34:10:302331,Front,KeyLog,KeyboardUI/Update,"{""c"":""K"",""position"":{""x"":0.0,""y"":0.0},""angle"":3.1415927410125734,""size_dots"":{""x"":0.0,""y"":0.0},""size_mm"":10.0}"
2025/12/01 20:34:10:303340,Front,KeyLog,KeyboardUI/Update,"{""c"":""L"",""position"":{""x"":0.0,""y"":0.0},""angle"":3.1415927410125734,""size_dots"":{""x"":0.0,""y"":0.0},""size_mm"":10.0}"
2025/12/01 20:34:10:304356,Front,KeyLog,KeyboardUI/Update,"{""c"":""Z"",""position"":{""x"":0.0,""y"":0.0},""angle"":3.1415927410125734,""size_dots"":{""x"":0.0,""y"":0.0},""size_mm"":10.0}"
2025/12/01 20:34:10:305363,Front,KeyLog,KeyboardUI/Update,"{""c"":""X"",""position"":{""x"":0.0,""y"":0.0},""angle"":3.1415927410125734,""size_dots"":{""x"":0.0,""y"":0.0},""size_mm"":10.0}"
2025/12/01 20:34:10:306374,Front,KeyLog,KeyboardUI/Update,"{""c"":""C"",""position"":{""x"":0.0,""y"":0.0},""angle"":3.1415927410125734,""size_dots"":{""x"":0.0,""y"":0.0},""size_mm"":10.0}"
2025/12/01 20:34:10:307391,Front,KeyLog,KeyboardUI/Update,"{""c"":""V"",""position"":{""x"":0.0,""y"":0.0},""angle"":3.1415927410125734,""size_dots"":{""x"":0.0,""y"":0.0},""size_mm"":10.0}"
2025/12/01 20:34:10:308403,Front,KeyLog,KeyboardUI/Update,"{""c"":""B"",""position"":{""x"":0.0,""y"":0.0},""angle"":3.1415927410125734,""size_dots"":{""x"":0.0,""y"":0.0},""size_mm"":10.0}"
2025/12/01 20:34:10:309412,Front,KeyLog,KeyboardUI/Update,"{""c"":""N"",""position"":{""x"":0.0,""y"":0.0},""angle"":3.1415927410125734,""size_dots"":{""x"":0.0,""y"":0.0},""size_mm"":10.0}"
2025/12/01 20:34:10:309412,Front,KeyLog,KeyboardUI/Update,"{""c"":""M"",""position"":{""x"":0.0,""y"":0.0},""angle"":3.1415927410125734,""size_dots"":{""x"":0.0,""y"":0.0},""size_mm"":10.0}"
2025/12/01 20:34:10:309412,Front,KeyLog,KeyboardUI/Update,"{""c"":""#"",""position"":{""x"":0.0,""y"":0.0},""angle"":3.1415927410125734,""size_dots"":{""x"":0.0,""y"":0.0},""size_mm"":13.800000190734864}"
2025/12/01 20:34:10:311447,Front,KeyLog,KeyboardUI/Update,"{""c"":""&"",""position"":{""x"":0.0,""y"":0.0},""angle"":3.1415927410125734,""size_dots"":{""x"":0.0,""y"":0.0},""size_mm"":13.800000190734864}"
2025/12/01 20:34:10:312460,Front,KeyLog,KeyboardUI/Update,"{""c"":""%"",""position"":{""x"":0.0,""y"":0.0},""angle"":3.1415927410125734,""size_dots"":{""x"":0.0,""y"":0.0},""size_mm"":13.800000190734864}"
2025/12/01 20:34:10:336758,Front,ARMarkerLog,ARMarkerDetector/Update,"{""position"":[0.0,0.0],""angle"":0.0}"
2025/12/01 20:34:10:353409,Front,KeyLog,KeyboardUI/Update,"{""c"":""Q"",""position"":{""x"":0.0,""y"":0.0},""angle"":3.1415927410125734,""size_dots"":{""x"":0.0,""y"":0.0},""size_mm"":10.0}"
2025/12/01 20:34:10:355430,Front,KeyLog,KeyboardUI/Update,"{""c"":""W"",""position"":{""x"":0.0,""y"":0.0},""angle"":3.1415927410125734,""size_dots"":{""x"":0.0,""y"":0.0},""size_mm"":10.0}"
2025/12/01 20:34:10:356967,Front,KeyLog,KeyboardUI/Update,"{""c"":""E"",""position"":{""x"":0.0,""y"":0.0},""angle"":3.1415927410125734,""size_dots"":{""x"":0.0,""y"":0.0},""size_mm"":10.0}"
2025/12/01 20:34:10:357480,Front,KeyLog,KeyboardUI/Update,"{""c"":""R"",""position"":{""x"":0.0,""y"":0.0},""angle"":3.1415927410125734,""size_dots"":{""x"":0.0,""y"":0.0},""size_mm"":10.0}"
2025/12/01 20:34:10:359006,Front,KeyLog,KeyboardUI/Update,"{""c"":""T"",""position"":{""x"":0.0,""y"":0.0},""angle"":3.1415927410125734,""size_dots"":{""x"":0.0,""y"":0.0},""size_mm"":10.0}"
2025/12/01 20:34:10:359512,Front,KeyLog,KeyboardUI/Update,"{""c"":""Y"",""position"":{""x"":0.0,""y"":0.0},""angle"":3.1415927410125734,""size_dots"":{""x"":0.0,""y"":0.0},""size_mm"":10.0}"
2025/12/01 20:34:10:359512,Front,KeyLog,KeyboardUI/Update,"{""c"":""U"",""position"":{""x"":0.0,""y"":0.0},""angle"":3.1415927410125734,""size_dots"":{""x"":0.0,""y"":0.0},""size_mm"":10.0}"
2025/12/01 20:34:10:359512,Front,KeyLog,KeyboardUI/Update,"{""c"":""I"",""position"":{""x"":0.0,""y"":0.0},""angle"":3.1415927410125734,""size_dots"":{""x"":0.0,""y"":0.0},""size_mm"":10.0}"
2025/12/01 20:34:10:359512,Front,KeyLog,KeyboardUI/Update,"{""c"":""O"",""position"":{""x"":0.0,""y"":0.0},""angle"":3.1415927410125734,""size_dots"":{""x"":0.0,""y"":0.0},""size_mm"":10.0}"
2025/12/01 20:34:10:360523,Front,KeyLog,KeyboardUI/Update,"{""c"":""P"",""position"":{""x"":0.0,""y"":0.0},""angle"":3.1415927410125734,""size_dots"":{""x"":0.0,""y"":0.0},""size_mm"":10.0}"
2025/12/01 20:34:10:361533,Front,KeyLog,KeyboardUI/Update,"{""c"":""A"",""position"":{""x"":0.0,""y"":0.0},""angle"":3.1415927410125734,""size_dots"":{""x"":0.0,""y"":0.0},""size_mm"":10.0}"
2025/12/01 20:34:10:362544,Front,KeyLog,KeyboardUI/Update,"{""c"":""S"",""position"":{""x"":0.0,""y"":0.0},""angle"":3.1415927410125734,""size_dots"":{""x"":0.0,""y"":0.0},""size_mm"":10.0}"
2025/12/01 20:34:10:363554,Front,KeyLog,KeyboardUI/Update,"{""c"":""D"",""position"":{""x"":0.0,""y"":0.0},""angle"":3.1415927410125734,""size_dots"":{""x"":0.0,""y"":0.0},""size_mm"":10.0}"
2025/12/01 20:34:10:364567,Front,KeyLog,KeyboardUI/Update,"{""c"":""F"",""position"":{""x"":0.0,""y"":0.0},""angle"":3.1415927410125734,""size_dots"":{""x"":0.0,""y"":0.0},""size_mm"":10.0}"
2025/12/01 20:34:10:365576,Front,KeyLog,KeyboardUI/Update,"{""c"":""G"",""position"":{""x"":0.0,""y"":0.0},""angle"":3.1415927410125734,""size_dots"":{""x"":0.0,""y"":0.0},""size_mm"":10.0}"
2025/12/01 20:34:10:366575,Front,KeyLog,KeyboardUI/Update,"{""c"":""H"",""position"":{""x"":0.0,""y"":0.0},""angle"":3.1415927410125734,""size_dots"":{""x"":0.0,""y"":0.0},""size_mm"":10.0}"
2025/12/01 20:34:10:367078,Front,KeyLog,KeyboardUI/Update,"{""c"":""J"",""position"":{""x"":0.0,""y"":0.0},""angle"":3.1415927410125734,""size_dots"":{""x"":0.0,""y"":0.0},""size_mm"":10.0}"
2025/12/01 20:34:10:368089,Front,KeyLog,KeyboardUI/Update,"{""c"":""K"",""position"":{""x"":0.0,""y"":0.0},""angle"":3.1415927410125734,""size_dots"":{""x"":0.0,""y"":0.0},""size_mm"":10.0}"
2025/12/01 20:34:10:369102,Front,KeyLog,KeyboardUI/Update,"{""c"":""L"",""position"":{""x"":0.0,""y"":0.0},""angle"":3.1415927410125734,""size_dots"":{""x"":0.0,""y"":0.0},""size_mm"":10.0}"
2025/12/01 20:34:10:370113,Front,KeyLog,KeyboardUI/Update,"{""c"":""Z"",""position"":{""x"":0.0,""y"":0.0},""angle"":3.1415927410125734,""size_dots"":{""x"":0.0,""y"":0.0},""size_mm"":10.0}"
2025/12/01 20:34:10:371124,Front,KeyLog,KeyboardUI/Update,"{""c"":""X"",""position"":{""x"":0.0,""y"":0.0},""angle"":3.1415927410125734,""size_dots"":{""x"":0.0,""y"":0.0},""size_mm"":10.0}"
2025/12/01 20:34:10:371124,Front,KeyLog,KeyboardUI/Update,"{""c"":""C"",""position"":{""x"":0.0,""y"":0.0},""angle"":3.1415927410125734,""size_dots"":{""x"":0.0,""y"":0.0},""size_mm"":10.0}"
2025/12/01 20:34:10:372132,Front,KeyLog,KeyboardUI/Update,"{""c"":""V"",""position"":{""x"":0.0,""y"":0.0},""angle"":3.1415927410125734,""size_dots"":{""x"":0.0,""y"":0.0},""size_mm"":10.0}"
2025/12/01 20:34:10:373163,Front,KeyLog,KeyboardUI/Update,"{""c"":""B"",""position"":{""x"":0.0,""y"":0.0},""angle"":3.1415927410125734,""size_dots"":{""x"":0.0,""y"":0.0},""size_mm"":10.0}"
2025/12/01 20:34:10:374172,Front,KeyLog,KeyboardUI/Update,"{""c"":""N"",""position"":{""x"":0.0,""y"":0.0},""angle"":3.1415927410125734,""size_dots"":{""x"":0.0,""y"":0.0},""size_mm"":10.0}"
2025/12/01 20:34:10:375183,Front,KeyLog,KeyboardUI/Update,"{""c"":""M"",""position"":{""x"":0.0,""y"":0.0},""angle"":3.1415927410125734,""size_dots"":{""x"":0.0,""y"":0.0},""size_mm"":10.0}"
2025/12/01 20:34:10:376703,Front,KeyLog,KeyboardUI/Update,"{""c"":""#"",""position"":{""x"":0.0,""y"":0.0},""angle"":3.1415927410125734,""size_dots"":{""x"":0.0,""y"":0.0},""size_mm"":13.800000190734864}"
2025/12/01 20:34:10:376703,Front,KeyLog,KeyboardUI/Update,"{""c"":""&"",""position"":{""x"":0.0,""y"":0.0},""angle"":3.1415927410125734,""size_dots"":{""x"":0.0,""y"":0.0},""size_mm"":13.800000190734864}"
2025/12/01 20:34:10:377211,Front,KeyLog,KeyboardUI/Update,"{""c"":""%"",""position"":{""x"":0.0,""y"":0.0},""angle"":3.1415927410125734,""size_dots"":{""x"":0.0,""y"":0.0},""size_mm"":13.800000190734864}"
2025/12/01 20:34:10:410089,Front,ARMarkerLog,ARMarkerDetector/Update,"{""position"":[0.0,0.0],""angle"":0.0}"
2025/12/01 20:34:10:419246,Front,KeyLog,KeyboardUI/Update,"{""c"":""Q"",""position"":{""x"":0.0,""y"":0.0},""angle"":3.1415927410125734,""size_dots"":{""x"":0.0,""y"":0.0},""size_mm"":10.0}"
2025/12/01 20:34:10:420258,Front,KeyLog,KeyboardUI/Update,"{""c"":""W"",""position"":{""x"":0.0,""y"":0.0},""angle"":3.1415927410125734,""size_dots"":{""x"":0.0,""y"":0.0},""size_mm"":10.0}"
2025/12/01 20:34:10:421268,Front,KeyLog,KeyboardUI/Update,"{""c"":""E"",""position"":{""x"":0.0,""y"":0.0},""angle"":3.1415927410125734,""size_dots"":{""x"":0.0,""y"":0.0},""size_mm"":10.0}"
2025/12/01 20:34:10:422279,Front,KeyLog,KeyboardUI/Update,"{""c"":""R"",""position"":{""x"":0.0,""y"":0.0},""angle"":3.1415927410125734,""size_dots"":{""x"":0.0,""y"":0.0},""size_mm"":10.0}"
2025/12/01 20:34:10:422279,Front,KeyLog,KeyboardUI/Update,"{""c"":""T"",""position"":{""x"":0.0,""y"":0.0},""angle"":3.1415927410125734,""size_dots"":{""x"":0.0,""y"":0.0},""size_mm"":10.0}"
2025/12/01 20:34:10:423289,Front,KeyLog,KeyboardUI/Update,"{""c"":""Y"",""position"":{""x"":0.0,""y"":0.0},""angle"":3.1415927410125734,""size_dots"":{""x"":0.0,""y"":0.0},""size_mm"":10.0}"
2025/12/01 20:34:10:424297,Front,KeyLog,KeyboardUI/Update,"{""c"":""U"",""position"":{""x"":0.0,""y"":0.0},""angle"":3.1415927410125734,""size_dots"":{""x"":0.0,""y"":0.0},""size_mm"":10.0}"
2025/12/01 20:34:10:425333,Front,KeyLog,KeyboardUI/Update,"{""c"":""I"",""position"":{""x"":0.0,""y"":0.0},""angle"":3.1415927410125734,""size_dots"":{""x"":0.0,""y"":0.0},""size_mm"":10.0}"
2025/12/01 20:34:10:426847,Front,KeyLog,KeyboardUI/Update,"{""c"":""O"",""position"":{""x"":0.0,""y"":0.0},""angle"":3.1415927410125734,""size_dots"":{""x"":0.0,""y"":0.0},""size_mm"":10.0}"
2025/12/01 20:34:10:428382,Front,KeyLog,KeyboardUI/Update,"{""c"":""P"",""position"":{""x"":0.0,""y"":0.0},""angle"":3.1415927410125734,""size_dots"":{""x"":0.0,""y"":0.0},""size_mm"":10.0}"
2025/12/01 20:34:10:429392,Front,KeyLog,KeyboardUI/Update,"{""c"":""A"",""position"":{""x"":0.0,""y"":0.0},""angle"":3.1415927410125734,""size_dots"":{""x"":0.0,""y"":0.0},""size_mm"":10.0}"
2025/12/01 20:34:10:430408,Front,KeyLog,KeyboardUI/Update,"{""c"":""S"",""position"":{""x"":0.0,""y"":0.0},""angle"":3.1415927410125734,""size_dots"":{""x"":0.0,""y"":0.0},""size_mm"":10.0}"
2025/12/01 20:34:10:431423,Front,KeyLog,KeyboardUI/Update,"{""c"":""D"",""position"":{""x"":0.0,""y"":0.0},""angle"":3.1415927410125734,""size_dots"":{""x"":0.0,""y"":0.0},""size_mm"":10.0}"
2025/12/01 20:34:10:432436,Front,KeyLog,KeyboardUI/Update,"{""c"":""F"",""position"":{""x"":0.0,""y"":0.0},""angle"":3.1415927410125734,""size_dots"":{""x"":0.0,""y"":0.0},""size_mm"":10.0}"
2025/12/01 20:34:10:433443,Front,KeyLog,KeyboardUI/Update,"{""c"":""G"",""position"":{""x"":0.0,""y"":0.0},""angle"":3.1415927410125734,""size_dots"":{""x"":0.0,""y"":0.0},""size_mm"":10.0}"
2025/12/01 20:34:10:434459,Front,KeyLog,KeyboardUI/Update,"{""c"":""H"",""position"":{""x"":0.0,""y"":0.0},""angle"":3.1415927410125734,""size_dots"":{""x"":0.0,""y"":0.0},""size_mm"":10.0}"
2025/12/01 20:34:10:434459,Front,KeyLog,KeyboardUI/Update,"{""c"":""J"",""position"":{""x"":0.0,""y"":0.0},""angle"":3.1415927410125734,""size_dots"":{""x"":0.0,""y"":0.0},""size_mm"":10.0}"
2025/12/01 20:34:10:434459,Front,KeyLog,KeyboardUI/Update,"{""c"":""K"",""position"":{""x"":0.0,""y"":0.0},""angle"":3.1415927410125734,""size_dots"":{""x"":0.0,""y"":0.0},""size_mm"":10.0}"
2025/12/01 20:34:10:436483,Front,KeyLog,KeyboardUI/Update,"{""c"":""L"",""position"":{""x"":0.0,""y"":0.0},""angle"":3.1415927410125734,""size_dots"":{""x"":0.0,""y"":0.0},""size_mm"":10.0}"
2025/12/01 20:34:10:437492,Front,KeyLog,KeyboardUI/Update,"{""c"":""Z"",""position"":{""x"":0.0,""y"":0.0},""angle"":3.1415927410125734,""size_dots"":{""x"":0.0,""y"":0.0},""size_mm"":10.0}"
2025/12/01 20:34:10:437492,Front,KeyLog,KeyboardUI/Update,"{""c"":""X"",""position"":{""x"":0.0,""y"":0.0},""angle"":3.1415927410125734,""size_dots"":{""x"":0.0,""y"":0.0},""size_mm"":10.0}"
2025/12/01 20:34:10:438511,Front,KeyLog,KeyboardUI/Update,"{""c"":""C"",""position"":{""x"":0.0,""y"":0.0},""angle"":3.1415927410125734,""size_dots"":{""x"":0.0,""y"":0.0},""size_mm"":10.0}"
2025/12/01 20:34:10:439522,Front,KeyLog,KeyboardUI/Update,"{""c"":""V"",""position"":{""x"":0.0,""y"":0.0},""angle"":3.1415927410125734,""size_dots"":{""x"":0.0,""y"":0.0},""size_mm"":10.0}"
2025/12/01 20:34:10:439522,Front,KeyLog,KeyboardUI/Update,"{""c"":""B"",""position"":{""x"":0.0,""y"":0.0},""angle"":3.1415927410125734,""size_dots"":{""x"":0.0,""y"":0.0},""size_mm"":10.0}"
2025/12/01 20:34:10:441040,Front,KeyLog,KeyboardUI/Update,"{""c"":""N"",""position"":{""x"":0.0,""y"":0.0},""angle"":3.1415927410125734,""size_dots"":{""x"":0.0,""y"":0.0},""size_mm"":10.0}"
2025/12/01 20:34:10:442560,Front,KeyLog,KeyboardUI/Update,"{""c"":""M"",""position"":{""x"":0.0,""y"":0.0},""angle"":3.1415927410125734,""size_dots"":{""x"":0.0,""y"":0.0},""size_mm"":10.0}"
2025/12/01 20:34:10:443571,Front,KeyLog,KeyboardUI/Update,"{""c"":""#"",""position"":{""x"":0.0,""y"":0.0},""angle"":3.1415927410125734,""size_dots"":{""x"":0.0,""y"":0.0},""size_mm"":13.800000190734864}"
2025/12/01 20:34:10:444583,Front,KeyLog,KeyboardUI/Update,"{""c"":""&"",""position"":{""x"":0.0,""y"":0.0},""angle"":3.1415927410125734,""size_dots"":{""x"":0.0,""y"":0.0},""size_mm"":13.800000190734864}"
2025/12/01 20:34:10:445591,Front,KeyLog,KeyboardUI/Update,"{""c"":""%"",""position"":{""x"":0.0,""y"":0.0},""angle"":3.1415927410125734,""size_dots"":{""x"":0.0,""y"":0.0},""size_mm"":13.800000190734864}"
2025/12/01 20:34:10:475406,Front,ARMarkerLog,ARMarkerDetector/Update,"{""position"":[0.0,0.0],""angle"":0.0}"
2025/12/01 20:34:10:494126,Front,KeyLog,KeyboardUI/Update,"{""c"":""Q"",""position"":{""x"":0.0,""y"":0.0},""angle"":3.1415927410125734,""size_dots"":{""x"":0.0,""y"":0.0},""size_mm"":10.0}"
2025/12/01 20:34:10:496667,Front,KeyLog,KeyboardUI/Update,"{""c"":""W"",""position"":{""x"":0.0,""y"":0.0},""angle"":3.1415927410125734,""size_dots"":{""x"":0.0,""y"":0.0},""size_mm"":10.0}"
2025/12/01 20:34:10:497175,Front,KeyLog,KeyboardUI/Update,"{""c"":""E"",""position"":{""x"":0.0,""y"":0.0},""angle"":3.1415927410125734,""size_dots"":{""x"":0.0,""y"":0.0},""size_mm"":10.0}"
2025/12/01 20:34:10:498185,Front,KeyLog,KeyboardUI/Update,"{""c"":""R"",""position"":{""x"":0.0,""y"":0.0},""angle"":3.1415927410125734,""size_dots"":{""x"":0.0,""y"":0.0},""size_mm"":10.0}"
2025/12/01 20:34:10:499202,Front,KeyLog,KeyboardUI/Update,"{""c"":""T"",""position"":{""x"":0.0,""y"":0.0},""angle"":3.1415927410125734,""size_dots"":{""x"":0.0,""y"":0.0},""size_mm"":10.0}"
2025/12/01 20:34:10:499202,Front,KeyLog,KeyboardUI/Update,"{""c"":""Y"",""position"":{""x"":0.0,""y"":0.0},""angle"":3.1415927410125734,""size_dots"":{""x"":0.0,""y"":0.0},""size_mm"":10.0}"
2025/12/01 20:34:10:499202,Front,KeyLog,KeyboardUI/Update,"{""c"":""U"",""position"":{""x"":0.0,""y"":0.0},""angle"":3.1415927410125734,""size_dots"":{""x"":0.0,""y"":0.0},""size_mm"":10.0}"
2025/12/01 20:34:10:500216,Front,KeyLog,KeyboardUI/Update,"{""c"":""I"",""position"":{""x"":0.0,""y"":0.0},""angle"":3.1415927410125734,""size_dots"":{""x"":0.0,""y"":0.0},""size_mm"":10.0}"
2025/12/01 20:34:10:500216,Front,KeyLog,KeyboardUI/Update,"{""c"":""O"",""position"":{""x"":0.0,""y"":0.0},""angle"":3.1415927410125734,""size_dots"":{""x"":0.0,""y"":0.0},""size_mm"":10.0}"
2025/12/01 20:34:10:502234,Front,KeyLog,KeyboardUI/Update,"{""c"":""P"",""position"":{""x"":0.0,""y"":0.0},""angle"":3.1415927410125734,""size_dots"":{""x"":0.0,""y"":0.0},""size_mm"":10.0}"
2025/12/01 20:34:10:503244,Front,KeyLog,KeyboardUI/Update,"{""c"":""A"",""position"":{""x"":0.0,""y"":0.0},""angle"":3.1415927410125734,""size_dots"":{""x"":0.0,""y"":0.0},""size_mm"":10.0}"
2025/12/01 20:34:10:503244,Front,KeyLog,KeyboardUI/Update,"{""c"":""S"",""position"":{""x"":0.0,""y"":0.0},""angle"":3.1415927410125734,""size_dots"":{""x"":0.0,""y"":0.0},""size_mm"":10.0}"
2025/12/01 20:34:10:503244,Front,KeyLog,KeyboardUI/Update,"{""c"":""D"",""position"":{""x"":0.0,""y"":0.0},""angle"":3.1415927410125734,""size_dots"":{""x"":0.0,""y"":0.0},""size_mm"":10.0}"
2025/12/01 20:34:10:504254,Front,KeyLog,KeyboardUI/Update,"{""c"":""F"",""position"":{""x"":0.0,""y"":0.0},""angle"":3.1415927410125734,""size_dots"":{""x"":0.0,""y"":0.0},""size_mm"":10.0}"
2025/12/01 20:34:10:505264,Front,KeyLog,KeyboardUI/Update,"{""c"":""G"",""position"":{""x"":0.0,""y"":0.0},""angle"":3.1415927410125734,""size_dots"":{""x"":0.0,""y"":0.0},""size_mm"":10.0}"
2025/12/01 20:34:10:506783,Front,KeyLog,KeyboardUI/Update,"{""c"":""H"",""position"":{""x"":0.0,""y"":0.0},""angle"":3.1415927410125734,""size_dots"":{""x"":0.0,""y"":0.0},""size_mm"":10.0}"
2025/12/01 20:34:10:507296,Front,KeyLog,KeyboardUI/Update,"{""c"":""J"",""position"":{""x"":0.0,""y"":0.0},""angle"":3.1415927410125734,""size_dots"":{""x"":0.0,""y"":0.0},""size_mm"":10.0}"
2025/12/01 20:34:10:508305,Front,KeyLog,KeyboardUI/Update,"{""c"":""K"",""position"":{""x"":0.0,""y"":0.0},""angle"":3.1415927410125734,""size_dots"":{""x"":0.0,""y"":0.0},""size_mm"":10.0}"
2025/12/01 20:34:10:509315,Front,KeyLog,KeyboardUI/Update,"{""c"":""L"",""position"":{""x"":0.0,""y"":0.0},""angle"":3.1415927410125734,""size_dots"":{""x"":0.0,""y"":0.0},""size_mm"":10.0}"
2025/12/01 20:34:10:510329,Front,KeyLog,KeyboardUI/Update,"{""c"":""Z"",""position"":{""x"":0.0,""y"":0.0},""angle"":3.1415927410125734,""size_dots"":{""x"":0.0,""y"":0.0},""size_mm"":10.0}"
2025/12/01 20:34:10:510329,Front,KeyLog,KeyboardUI/Update,"{""c"":""X"",""position"":{""x"":0.0,""y"":0.0},""angle"":3.1415927410125734,""size_dots"":{""x"":0.0,""y"":0.0},""size_mm"":10.0}"
2025/12/01 20:34:10:511339,Front,KeyLog,KeyboardUI/Update,"{""c"":""C"",""position"":{""x"":0.0,""y"":0.0},""angle"":3.1415927410125734,""size_dots"":{""x"":0.0,""y"":0.0},""size_mm"":10.0}"
2025/12/01 20:34:10:512389,Front,KeyLog,KeyboardUI/Update,"{""c"":""V"",""position"":{""x"":0.0,""y"":0.0},""angle"":3.1415927410125734,""size_dots"":{""x"":0.0,""y"":0.0},""size_mm"":10.0}"
2025/12/01 20:34:10:513402,Front,KeyLog,KeyboardUI/Update,"{""c"":""B"",""position"":{""x"":0.0,""y"":0.0},""angle"":3.1415927410125734,""size_dots"":{""x"":0.0,""y"":0.0},""size_mm"":10.0}"
2025/12/01 20:34:10:514412,Front,KeyLog,KeyboardUI/Update,"{""c"":""N"",""position"":{""x"":0.0,""y"":0.0},""angle"":3.1415927410125734,""size_dots"":{""x"":0.0,""y"":0.0},""size_mm"":10.0}"
2025/12/01 20:34:10:515422,Front,KeyLog,KeyboardUI/Update,"{""c"":""M"",""position"":{""x"":0.0,""y"":0.0},""angle"":3.1415927410125734,""size_dots"":{""x"":0.0,""y"":0.0},""size_mm"":10.0}"
2025/12/01 20:34:10:516431,Front,KeyLog,KeyboardUI/Update,"{""c"":""#"",""position"":{""x"":0.0,""y"":0.0},""angle"":3.1415927410125734,""size_dots"":{""x"":0.0,""y"":0.0},""size_mm"":13.800000190734864}"
2025/12/01 20:34:10:517443,Front,KeyLog,KeyboardUI/Update,"{""c"":""&"",""position"":{""x"":0.0,""y"":0.0},""angle"":3.1415927410125734,""size_dots"":{""x"":0.0,""y"":0.0},""size_mm"":13.800000190734864}"
2025/12/01 20:34:10:517443,Front,KeyLog,KeyboardUI/Update,"{""c"":""%"",""position"":{""x"":0.0,""y"":0.0},""angle"":3.1415927410125734,""size_dots"":{""x"":0.0,""y"":0.0},""size_mm"":13.800000190734864}"
2025/12/01 20:34:10:550329,Front,ARMarkerLog,ARMarkerDetector/Update,"{""position"":[0.0,0.0],""angle"":0.0}"
2025/12/01 20:34:10:558443,Front,KeyLog,KeyboardUI/Update,"{""c"":""Q"",""position"":{""x"":0.0,""y"":0.0},""angle"":3.1415927410125734,""size_dots"":{""x"":0.0,""y"":0.0},""size_mm"":10.0}"
2025/12/01 20:34:10:560471,Front,KeyLog,KeyboardUI/Update,"{""c"":""W"",""position"":{""x"":0.0,""y"":0.0},""angle"":3.1415927410125734,""size_dots"":{""x"":0.0,""y"":0.0},""size_mm"":10.0}"
2025/12/01 20:34:10:561486,Front,KeyLog,KeyboardUI/Update,"{""c"":""E"",""position"":{""x"":0.0,""y"":0.0},""angle"":3.1415927410125734,""size_dots"":{""x"":0.0,""y"":0.0},""size_mm"":10.0}"
2025/12/01 20:34:10:562497,Front,KeyLog,KeyboardUI/Update,"{""c"":""R"",""position"":{""x"":0.0,""y"":0.0},""angle"":3.1415927410125734,""size_dots"":{""x"":0.0,""y"":0.0},""size_mm"":10.0}"
2025/12/01 20:34:10:563508,Front,KeyLog,KeyboardUI/Update,"{""c"":""T"",""position"":{""x"":0.0,""y"":0.0},""angle"":3.1415927410125734,""size_dots"":{""x"":0.0,""y"":0.0},""size_mm"":10.0}"
2025/12/01 20:34:10:563508,Front,KeyLog,KeyboardUI/Update,"{""c"":""Y"",""position"":{""x"":0.0,""y"":0.0},""angle"":3.1415927410125734,""size_dots"":{""x"":0.0,""y"":0.0},""size_mm"":10.0}"
2025/12/01 20:34:10:564519,Front,KeyLog,KeyboardUI/Update,"{""c"":""U"",""position"":{""x"":0.0,""y"":0.0},""angle"":3.1415927410125734,""size_dots"":{""x"":0.0,""y"":0.0},""size_mm"":10.0}"
2025/12/01 20:34:10:564519,Front,KeyLog,KeyboardUI/Update,"{""c"":""I"",""position"":{""x"":0.0,""y"":0.0},""angle"":3.1415927410125734,""size_dots"":{""x"":0.0,""y"":0.0},""size_mm"":10.0}"
2025/12/01 20:34:10:564519,Front,KeyLog,KeyboardUI/Update,"{""c"":""O"",""position"":{""x"":0.0,""y"":0.0},""angle"":3.1415927410125734,""size_dots"":{""x"":0.0,""y"":0.0},""size_mm"":10.0}"
2025/12/01 20:34:10:565528,Front,KeyLog,KeyboardUI/Update,"{""c"":""P"",""position"":{""x"":0.0,""y"":0.0},""angle"":3.1415927410125734,""size_dots"":{""x"":0.0,""y"":0.0},""size_mm"":10.0}"
2025/12/01 20:34:10:567031,Front,KeyLog,KeyboardUI/Update,"{""c"":""A"",""position"":{""x"":0.0,""y"":0.0},""angle"":3.1415927410125734,""size_dots"":{""x"":0.0,""y"":0.0},""size_mm"":10.0}"
2025/12/01 20:34:10:568040,Front,KeyLog,KeyboardUI/Update,"{""c"":""S"",""position"":{""x"":0.0,""y"":0.0},""angle"":3.1415927410125734,""size_dots"":{""x"":0.0,""y"":0.0},""size_mm"":10.0}"
2025/12/01 20:34:10:568040,Front,KeyLog,KeyboardUI/Update,"{""c"":""D"",""position"":{""x"":0.0,""y"":0.0},""angle"":3.1415927410125734,""size_dots"":{""x"":0.0,""y"":0.0},""size_mm"":10.0}"
2025/12/01 20:34:10:569052,Front,KeyLog,KeyboardUI/Update,"{""c"":""F"",""position"":{""x"":0.0,""y"":0.0},""angle"":3.1415927410125734,""size_dots"":{""x"":0.0,""y"":0.0},""size_mm"":10.0}"
2025/12/01 20:34:10:569052,Front,KeyLog,KeyboardUI/Update,"{""c"":""G"",""position"":{""x"":0.0,""y"":0.0},""angle"":3.1415927410125734,""size_dots"":{""x"":0.0,""y"":0.0},""size_mm"":10.0}"
2025/12/01 20:34:10:569052,Front,KeyLog,KeyboardUI/Update,"{""c"":""H"",""position"":{""x"":0.0,""y"":0.0},""angle"":3.1415927410125734,""size_dots"":{""x"":0.0,""y"":0.0},""size_mm"":10.0}"
2025/12/01 20:34:10:570060,Front,KeyLog,KeyboardUI/Update,"{""c"":""J"",""position"":{""x"":0.0,""y"":0.0},""angle"":3.1415927410125734,""size_dots"":{""x"":0.0,""y"":0.0},""size_mm"":10.0}"
2025/12/01 20:34:10:571068,Front,KeyLog,KeyboardUI/Update,"{""c"":""K"",""position"":{""x"":0.0,""y"":0.0},""angle"":3.1415927410125734,""size_dots"":{""x"":0.0,""y"":0.0},""size_mm"":10.0}"
2025/12/01 20:34:10:572083,Front,KeyLog,KeyboardUI/Update,"{""c"":""L"",""position"":{""x"":0.0,""y"":0.0},""angle"":3.1415927410125734,""size_dots"":{""x"":0.0,""y"":0.0},""size_mm"":10.0}"
2025/12/01 20:34:10:573092,Front,KeyLog,KeyboardUI/Update,"{""c"":""Z"",""position"":{""x"":0.0,""y"":0.0},""angle"":3.1415927410125734,""size_dots"":{""x"":0.0,""y"":0.0},""size_mm"":10.0}"
2025/12/01 20:34:10:574146,Front,KeyLog,KeyboardUI/Update,"{""c"":""X"",""position"":{""x"":0.0,""y"":0.0},""angle"":3.1415927410125734,""size_dots"":{""x"":0.0,""y"":0.0},""size_mm"":10.0}"
2025/12/01 20:34:10:575155,Front,KeyLog,KeyboardUI/Update,"{""c"":""C"",""position"":{""x"":0.0,""y"":0.0},""angle"":3.1415927410125734,""size_dots"":{""x"":0.0,""y"":0.0},""size_mm"":10.0}"
2025/12/01 20:34:10:576165,Front,KeyLog,KeyboardUI/Update,"{""c"":""V"",""position"":{""x"":0.0,""y"":0.0},""angle"":3.1415927410125734,""size_dots"":{""x"":0.0,""y"":0.0},""size_mm"":10.0}"
2025/12/01 20:34:10:577188,Front,KeyLog,KeyboardUI/Update,"{""c"":""B"",""position"":{""x"":0.0,""y"":0.0},""angle"":3.1415927410125734,""size_dots"":{""x"":0.0,""y"":0.0},""size_mm"":10.0}"
2025/12/01 20:34:10:578197,Front,KeyLog,KeyboardUI/Update,"{""c"":""N"",""position"":{""x"":0.0,""y"":0.0},""angle"":3.1415927410125734,""size_dots"":{""x"":0.0,""y"":0.0},""size_mm"":10.0}"
2025/12/01 20:34:10:579205,Front,KeyLog,KeyboardUI/Update,"{""c"":""M"",""position"":{""x"":0.0,""y"":0.0},""angle"":3.1415927410125734,""size_dots"":{""x"":0.0,""y"":0.0},""size_mm"":10.0}"
2025/12/01 20:34:10:580216,Front,KeyLog,KeyboardUI/Update,"{""c"":""#"",""position"":{""x"":0.0,""y"":0.0},""angle"":3.1415927410125734,""size_dots"":{""x"":0.0,""y"":0.0},""size_mm"":13.800000190734864}"
2025/12/01 20:34:10:580216,Front,KeyLog,KeyboardUI/Update,"{""c"":""&"",""position"":{""x"":0.0,""y"":0.0},""angle"":3.1415927410125734,""size_dots"":{""x"":0.0,""y"":0.0},""size_mm"":13.800000190734864}"
2025/12/01 20:34:10:581226,Front,KeyLog,KeyboardUI/Update,"{""c"":""%"",""position"":{""x"":0.0,""y"":0.0},""angle"":3.1415927410125734,""size_dots"":{""x"":0.0,""y"":0.0},""size_mm"":13.800000190734864}"
2025/12/01 20:34:10:612107,Front,ARMarkerLog,ARMarkerDetector/Update,"{""position"":[0.0,0.0],""angle"":0.0}"
2025/12/01 20:34:10:621216,Front,KeyLog,KeyboardUI/Update,"{""c"":""Q"",""position"":{""x"":0.0,""y"":0.0},""angle"":3.1415927410125734,""size_dots"":{""x"":0.0,""y"":0.0},""size_mm"":10.0}"
2025/12/01 20:34:10:622240,Front,KeyLog,KeyboardUI/Update,"{""c"":""W"",""position"":{""x"":0.0,""y"":0.0},""angle"":3.1415927410125734,""size_dots"":{""x"":0.0,""y"":0.0},""size_mm"":10.0}"
2025/12/01 20:34:10:624269,Front,KeyLog,KeyboardUI/Update,"{""c"":""E"",""position"":{""x"":0.0,""y"":0.0},""angle"":3.1415927410125734,""size_dots"":{""x"":0.0,""y"":0.0},""size_mm"":10.0}"
2025/12/01 20:34:10:625278,Front,KeyLog,KeyboardUI/Update,"{""c"":""R"",""position"":{""x"":0.0,""y"":0.0},""angle"":3.1415927410125734,""size_dots"":{""x"":0.0,""y"":0.0},""size_mm"":10.0}"
2025/12/01 20:34:10:625278,Front,KeyLog,KeyboardUI/Update,"{""c"":""T"",""position"":{""x"":0.0,""y"":0.0},""angle"":3.1415927410125734,""size_dots"":{""x"":0.0,""y"":0.0},""size_mm"":10.0}"
2025/12/01 20:34:10:626289,Front,KeyLog,KeyboardUI/Update,"{""c"":""Y"",""position"":{""x"":0.0,""y"":0.0},""angle"":3.1415927410125734,""size_dots"":{""x"":0.0,""y"":0.0},""size_mm"":10.0}"
2025/12/01 20:34:10:627308,Front,KeyLog,KeyboardUI/Update,"{""c"":""U"",""position"":{""x"":0.0,""y"":0.0},""angle"":3.1415927410125734,""size_dots"":{""x"":0.0,""y"":0.0},""size_mm"":10.0}"
2025/12/01 20:34:10:628320,Front,KeyLog,KeyboardUI/Update,"{""c"":""I"",""position"":{""x"":0.0,""y"":0.0},""angle"":3.1415927410125734,""size_dots"":{""x"":0.0,""y"":0.0},""size_mm"":10.0}"
2025/12/01 20:34:10:629330,Front,KeyLog,KeyboardUI/Update,"{""c"":""O"",""position"":{""x"":0.0,""y"":0.0},""angle"":3.1415927410125734,""size_dots"":{""x"":0.0,""y"":0.0},""size_mm"":10.0}"
2025/12/01 20:34:10:630340,Front,KeyLog,KeyboardUI/Update,"{""c"":""P"",""position"":{""x"":0.0,""y"":0.0},""angle"":3.1415927410125734,""size_dots"":{""x"":0.0,""y"":0.0},""size_mm"":10.0}"
2025/12/01 20:34:10:630340,Front,KeyLog,KeyboardUI/Update,"{""c"":""A"",""position"":{""x"":0.0,""y"":0.0},""angle"":3.1415927410125734,""size_dots"":{""x"":0.0,""y"":0.0},""size_mm"":10.0}"
2025/12/01 20:34:10:631349,Front,KeyLog,KeyboardUI/Update,"{""c"":""S"",""position"":{""x"":0.0,""y"":0.0},""angle"":3.1415927410125734,""size_dots"":{""x"":0.0,""y"":0.0},""size_mm"":10.0}"
2025/12/01 20:34:10:632358,Front,KeyLog,KeyboardUI/Update,"{""c"":""D"",""position"":{""x"":0.0,""y"":0.0},""angle"":3.1415927410125734,""size_dots"":{""x"":0.0,""y"":0.0},""size_mm"":10.0}"
2025/12/01 20:34:10:633371,Front,KeyLog,KeyboardUI/Update,"{""c"":""F"",""position"":{""x"":0.0,""y"":0.0},""angle"":3.1415927410125734,""size_dots"":{""x"":0.0,""y"":0.0},""size_mm"":10.0}"
2025/12/01 20:34:10:634382,Front,KeyLog,KeyboardUI/Update,"{""c"":""G"",""position"":{""x"":0.0,""y"":0.0},""angle"":3.1415927410125734,""size_dots"":{""x"":0.0,""y"":0.0},""size_mm"":10.0}"
2025/12/01 20:34:10:635406,Front,KeyLog,KeyboardUI/Update,"{""c"":""H"",""position"":{""x"":0.0,""y"":0.0},""angle"":3.1415927410125734,""size_dots"":{""x"":0.0,""y"":0.0},""size_mm"":10.0}"
2025/12/01 20:34:10:636415,Front,KeyLog,KeyboardUI/Update,"{""c"":""J"",""position"":{""x"":0.0,""y"":0.0},""angle"":3.1415927410125734,""size_dots"":{""x"":0.0,""y"":0.0},""size_mm"":10.0}"
2025/12/01 20:34:10:637432,Front,KeyLog,KeyboardUI/Update,"{""c"":""K"",""position"":{""x"":0.0,""y"":0.0},""angle"":3.1415927410125734,""size_dots"":{""x"":0.0,""y"":0.0},""size_mm"":10.0}"
2025/12/01 20:34:10:638447,Front,KeyLog,KeyboardUI/Update,"{""c"":""L"",""position"":{""x"":0.0,""y"":0.0},""angle"":3.1415927410125734,""size_dots"":{""x"":0.0,""y"":0.0},""size_mm"":10.0}"
2025/12/01 20:34:10:639461,Front,KeyLog,KeyboardUI/Update,"{""c"":""Z"",""position"":{""x"":0.0,""y"":0.0},""angle"":3.1415927410125734,""size_dots"":{""x"":0.0,""y"":0.0},""size_mm"":10.0}"
2025/12/01 20:34:10:640963,Front,KeyLog,KeyboardUI/Update,"{""c"":""X"",""position"":{""x"":0.0,""y"":0.0},""angle"":3.1415927410125734,""size_dots"":{""x"":0.0,""y"":0.0},""size_mm"":10.0}"
2025/12/01 20:34:10:641972,Front,KeyLog,KeyboardUI/Update,"{""c"":""C"",""position"":{""x"":0.0,""y"":0.0},""angle"":3.1415927410125734,""size_dots"":{""x"":0.0,""y"":0.0},""size_mm"":10.0}"
2025/12/01 20:34:10:642984,Front,KeyLog,KeyboardUI/Update,"{""c"":""V"",""position"":{""x"":0.0,""y"":0.0},""angle"":3.1415927410125734,""size_dots"":{""x"":0.0,""y"":0.0},""size_mm"":10.0}"
2025/12/01 20:34:10:643999,Front,KeyLog,KeyboardUI/Update,"{""c"":""B"",""position"":{""x"":0.0,""y"":0.0},""angle"":3.1415927410125734,""size_dots"":{""x"":0.0,""y"":0.0},""size_mm"":10.0}"
2025/12/01 20:34:10:645009,Front,KeyLog,KeyboardUI/Update,"{""c"":""N"",""position"":{""x"":0.0,""y"":0.0},""angle"":3.1415927410125734,""size_dots"":{""x"":0.0,""y"":0.0},""size_mm"":10.0}"
2025/12/01 20:34:10:645009,Front,KeyLog,KeyboardUI/Update,"{""c"":""M"",""position"":{""x"":0.0,""y"":0.0},""angle"":3.1415927410125734,""size_dots"":{""x"":0.0,""y"":0.0},""size_mm"":10.0}"
2025/12/01 20:34:10:646017,Front,KeyLog,KeyboardUI/Update,"{""c"":""#"",""position"":{""x"":0.0,""y"":0.0},""angle"":3.1415927410125734,""size_dots"":{""x"":0.0,""y"":0.0},""size_mm"":13.800000190734864}"
2025/12/01 20:34:10:647034,Front,KeyLog,KeyboardUI/Update,"{""c"":""&"",""position"":{""x"":0.0,""y"":0.0},""angle"":3.1415927410125734,""size_dots"":{""x"":0.0,""y"":0.0},""size_mm"":13.800000190734864}"
2025/12/01 20:34:10:647542,Front,KeyLog,KeyboardUI/Update,"{""c"":""%"",""position"":{""x"":0.0,""y"":0.0},""angle"":3.1415927410125734,""size_dots"":{""x"":0.0,""y"":0.0},""size_mm"":13.800000190734864}"
2025/12/01 20:34:10:675443,Front,ARMarkerLog,ARMarkerDetector/Update,"{""position"":[0.0,0.0],""angle"":0.0}"
2025/12/01 20:34:10:683599,Front,KeyLog,KeyboardUI/Update,"{""c"":""Q"",""position"":{""x"":0.0,""y"":0.0},""angle"":3.1415927410125734,""size_dots"":{""x"":0.0,""y"":0.0},""size_mm"":10.0}"
2025/12/01 20:34:10:684625,Front,KeyLog,KeyboardUI/Update,"{""c"":""W"",""position"":{""x"":0.0,""y"":0.0},""angle"":3.1415927410125734,""size_dots"":{""x"":0.0,""y"":0.0},""size_mm"":10.0}"
2025/12/01 20:34:10:684625,Front,KeyLog,KeyboardUI/Update,"{""c"":""E"",""position"":{""x"":0.0,""y"":0.0},""angle"":3.1415927410125734,""size_dots"":{""x"":0.0,""y"":0.0},""size_mm"":10.0}"
2025/12/01 20:34:10:684625,Front,KeyLog,KeyboardUI/Update,"{""c"":""R"",""position"":{""x"":0.0,""y"":0.0},""angle"":3.1415927410125734,""size_dots"":{""x"":0.0,""y"":0.0},""size_mm"":10.0}"
2025/12/01 20:34:10:684625,Front,KeyLog,KeyboardUI/Update,"{""c"":""T"",""position"":{""x"":0.0,""y"":0.0},""angle"":3.1415927410125734,""size_dots"":{""x"":0.0,""y"":0.0},""size_mm"":10.0}"
2025/12/01 20:34:10:684625,Front,KeyLog,KeyboardUI/Update,"{""c"":""Y"",""position"":{""x"":0.0,""y"":0.0},""angle"":3.1415927410125734,""size_dots"":{""x"":0.0,""y"":0.0},""size_mm"":10.0}"
2025/12/01 20:34:10:684625,Front,KeyLog,KeyboardUI/Update,"{""c"":""U"",""position"":{""x"":0.0,""y"":0.0},""angle"":3.1415927410125734,""size_dots"":{""x"":0.0,""y"":0.0},""size_mm"":10.0}"
2025/12/01 20:34:10:685633,Front,KeyLog,KeyboardUI/Update,"{""c"":""I"",""position"":{""x"":0.0,""y"":0.0},""angle"":3.1415927410125734,""size_dots"":{""x"":0.0,""y"":0.0},""size_mm"":10.0}"
2025/12/01 20:34:10:685633,Front,KeyLog,KeyboardUI/Update,"{""c"":""O"",""position"":{""x"":0.0,""y"":0.0},""angle"":3.1415927410125734,""size_dots"":{""x"":0.0,""y"":0.0},""size_mm"":10.0}"
2025/12/01 20:34:10:685633,Front,KeyLog,KeyboardUI/Update,"{""c"":""P"",""position"":{""x"":0.0,""y"":0.0},""angle"":3.1415927410125734,""size_dots"":{""x"":0.0,""y"":0.0},""size_mm"":10.0}"
2025/12/01 20:34:10:685633,Front,KeyLog,KeyboardUI/Update,"{""c"":""A"",""position"":{""x"":0.0,""y"":0.0},""angle"":3.1415927410125734,""size_dots"":{""x"":0.0,""y"":0.0},""size_mm"":10.0}"
2025/12/01 20:34:10:686632,Front,KeyLog,KeyboardUI/Update,"{""c"":""S"",""position"":{""x"":0.0,""y"":0.0},""angle"":3.1415927410125734,""size_dots"":{""x"":0.0,""y"":0.0},""size_mm"":10.0}"
2025/12/01 20:34:10:686632,Front,KeyLog,KeyboardUI/Update,"{""c"":""D"",""position"":{""x"":0.0,""y"":0.0},""angle"":3.1415927410125734,""size_dots"":{""x"":0.0,""y"":0.0},""size_mm"":10.0}"
2025/12/01 20:34:10:687135,Front,KeyLog,KeyboardUI/Update,"{""c"":""F"",""position"":{""x"":0.0,""y"":0.0},""angle"":3.1415927410125734,""size_dots"":{""x"":0.0,""y"":0.0},""size_mm"":10.0}"
2025/12/01 20:34:10:687135,Front,KeyLog,KeyboardUI/Update,"{""c"":""G"",""position"":{""x"":0.0,""y"":0.0},""angle"":3.1415927410125734,""size_dots"":{""x"":0.0,""y"":0.0},""size_mm"":10.0}"
2025/12/01 20:34:10:687135,Front,KeyLog,KeyboardUI/Update,"{""c"":""H"",""position"":{""x"":0.0,""y"":0.0},""angle"":3.1415927410125734,""size_dots"":{""x"":0.0,""y"":0.0},""size_mm"":10.0}"
2025/12/01 20:34:10:687135,Front,KeyLog,KeyboardUI/Update,"{""c"":""J"",""position"":{""x"":0.0,""y"":0.0},""angle"":3.1415927410125734,""size_dots"":{""x"":0.0,""y"":0.0},""size_mm"":10.0}"
2025/12/01 20:34:10:688143,Front,KeyLog,KeyboardUI/Update,"{""c"":""K"",""position"":{""x"":0.0,""y"":0.0},""angle"":3.1415927410125734,""size_dots"":{""x"":0.0,""y"":0.0},""size_mm"":10.0}"
2025/12/01 20:34:10:688143,Front,KeyLog,KeyboardUI/Update,"{""c"":""L"",""position"":{""x"":0.0,""y"":0.0},""angle"":3.1415927410125734,""size_dots"":{""x"":0.0,""y"":0.0},""size_mm"":10.0}"
2025/12/01 20:34:10:688143,Front,KeyLog,KeyboardUI/Update,"{""c"":""Z"",""position"":{""x"":0.0,""y"":0.0},""angle"":3.1415927410125734,""size_dots"":{""x"":0.0,""y"":0.0},""size_mm"":10.0}"
2025/12/01 20:34:10:688143,Front,KeyLog,KeyboardUI/Update,"{""c"":""X"",""position"":{""x"":0.0,""y"":0.0},""angle"":3.1415927410125734,""size_dots"":{""x"":0.0,""y"":0.0},""size_mm"":10.0}"
2025/12/01 20:34:10:688143,Front,KeyLog,KeyboardUI/Update,"{""c"":""C"",""position"":{""x"":0.0,""y"":0.0},""angle"":3.1415927410125734,""size_dots"":{""x"":0.0,""y"":0.0},""size_mm"":10.0}"
2025/12/01 20:34:10:689155,Front,KeyLog,KeyboardUI/Update,"{""c"":""V"",""position"":{""x"":0.0,""y"":0.0},""angle"":3.1415927410125734,""size_dots"":{""x"":0.0,""y"":0.0},""size_mm"":10.0}"
2025/12/01 20:34:10:689155,Front,KeyLog,KeyboardUI/Update,"{""c"":""B"",""position"":{""x"":0.0,""y"":0.0},""angle"":3.1415927410125734,""size_dots"":{""x"":0.0,""y"":0.0},""size_mm"":10.0}"
2025/12/01 20:34:10:689155,Front,KeyLog,KeyboardUI/Update,"{""c"":""N"",""position"":{""x"":0.0,""y"":0.0},""angle"":3.1415927410125734,""size_dots"":{""x"":0.0,""y"":0.0},""size_mm"":10.0}"
2025/12/01 20:34:10:689155,Front,KeyLog,KeyboardUI/Update,"{""c"":""M"",""position"":{""x"":0.0,""y"":0.0},""angle"":3.1415927410125734,""size_dots"":{""x"":0.0,""y"":0.0},""size_mm"":10.0}"
2025/12/01 20:34:10:690163,Front,KeyLog,KeyboardUI/Update,"{""c"":""#"",""position"":{""x"":0.0,""y"":0.0},""angle"":3.1415927410125734,""size_dots"":{""x"":0.0,""y"":0.0},""size_mm"":13.800000190734864}"
2025/12/01 20:34:10:690163,Front,KeyLog,KeyboardUI/Update,"{""c"":""&"",""position"":{""x"":0.0,""y"":0.0},""angle"":3.1415927410125734,""size_dots"":{""x"":0.0,""y"":0.0},""size_mm"":13.800000190734864}"
2025/12/01 20:34:10:691170,Front,KeyLog,KeyboardUI/Update,"{""c"":""%"",""position"":{""x"":0.0,""y"":0.0},""angle"":3.1415927410125734,""size_dots"":{""x"":0.0,""y"":0.0},""size_mm"":13.800000190734864}"
2025/12/01 20:34:10:701314,Front,ARMarkerLog,ARMarkerDetector/Update,"{""position"":[0.0,0.0],""angle"":0.0}"
2025/12/01 20:34:10:718078,Front,KeyLog,KeyboardUI/Update,"{""c"":""Q"",""position"":{""x"":0.0,""y"":0.0},""angle"":3.1415927410125734,""size_dots"":{""x"":0.0,""y"":0.0},""size_mm"":10.0}"
2025/12/01 20:34:10:719091,Front,KeyLog,KeyboardUI/Update,"{""c"":""W"",""position"":{""x"":0.0,""y"":0.0},""angle"":3.1415927410125734,""size_dots"":{""x"":0.0,""y"":0.0},""size_mm"":10.0}"
2025/12/01 20:34:10:719091,Front,KeyLog,KeyboardUI/Update,"{""c"":""E"",""position"":{""x"":0.0,""y"":0.0},""angle"":3.1415927410125734,""size_dots"":{""x"":0.0,""y"":0.0},""size_mm"":10.0}"
2025/12/01 20:34:10:719091,Front,KeyLog,KeyboardUI/Update,"{""c"":""R"",""position"":{""x"":0.0,""y"":0.0},""angle"":3.1415927410125734,""size_dots"":{""x"":0.0,""y"":0.0},""size_mm"":10.0}"
2025/12/01 20:34:10:720099,Front,KeyLog,KeyboardUI/Update,"{""c"":""T"",""position"":{""x"":0.0,""y"":0.0},""angle"":3.1415927410125734,""size_dots"":{""x"":0.0,""y"":0.0},""size_mm"":10.0}"
2025/12/01 20:34:10:720099,Front,KeyLog,KeyboardUI/Update,"{""c"":""Y"",""position"":{""x"":0.0,""y"":0.0},""angle"":3.1415927410125734,""size_dots"":{""x"":0.0,""y"":0.0},""size_mm"":10.0}"
2025/12/01 20:34:10:721111,Front,KeyLog,KeyboardUI/Update,"{""c"":""U"",""position"":{""x"":0.0,""y"":0.0},""angle"":3.1415927410125734,""size_dots"":{""x"":0.0,""y"":0.0},""size_mm"":10.0}"
2025/12/01 20:34:10:721111,Front,KeyLog,KeyboardUI/Update,"{""c"":""I"",""position"":{""x"":0.0,""y"":0.0},""angle"":3.1415927410125734,""size_dots"":{""x"":0.0,""y"":0.0},""size_mm"":10.0}"
2025/12/01 20:34:10:721111,Front,KeyLog,KeyboardUI/Update,"{""c"":""O"",""position"":{""x"":0.0,""y"":0.0},""angle"":3.1415927410125734,""size_dots"":{""x"":0.0,""y"":0.0},""size_mm"":10.0}"
2025/12/01 20:34:10:721111,Front,KeyLog,KeyboardUI/Update,"{""c"":""P"",""position"":{""x"":0.0,""y"":0.0},""angle"":3.1415927410125734,""size_dots"":{""x"":0.0,""y"":0.0},""size_mm"":10.0}"
2025/12/01 20:34:10:722121,Front,KeyLog,KeyboardUI/Update,"{""c"":""A"",""position"":{""x"":0.0,""y"":0.0},""angle"":3.1415927410125734,""size_dots"":{""x"":0.0,""y"":0.0},""size_mm"":10.0}"
2025/12/01 20:34:10:722121,Front,KeyLog,KeyboardUI/Update,"{""c"":""S"",""position"":{""x"":0.0,""y"":0.0},""angle"":3.1415927410125734,""size_dots"":{""x"":0.0,""y"":0.0},""size_mm"":10.0}"
2025/12/01 20:34:10:722121,Front,KeyLog,KeyboardUI/Update,"{""c"":""D"",""position"":{""x"":0.0,""y"":0.0},""angle"":3.1415927410125734,""size_dots"":{""x"":0.0,""y"":0.0},""size_mm"":10.0}"
2025/12/01 20:34:10:723130,Front,KeyLog,KeyboardUI/Update,"{""c"":""F"",""position"":{""x"":0.0,""y"":0.0},""angle"":3.1415927410125734,""size_dots"":{""x"":0.0,""y"":0.0},""size_mm"":10.0}"
2025/12/01 20:34:10:723130,Front,KeyLog,KeyboardUI/Update,"{""c"":""G"",""position"":{""x"":0.0,""y"":0.0},""angle"":3.1415927410125734,""size_dots"":{""x"":0.0,""y"":0.0},""size_mm"":10.0}"
2025/12/01 20:34:10:724138,Front,KeyLog,KeyboardUI/Update,"{""c"":""H"",""position"":{""x"":0.0,""y"":0.0},""angle"":3.1415927410125734,""size_dots"":{""x"":0.0,""y"":0.0},""size_mm"":10.0}"
2025/12/01 20:34:10:724138,Front,KeyLog,KeyboardUI/Update,"{""c"":""J"",""position"":{""x"":0.0,""y"":0.0},""angle"":3.1415927410125734,""size_dots"":{""x"":0.0,""y"":0.0},""size_mm"":10.0}"
2025/12/01 20:34:10:724138,Front,KeyLog,KeyboardUI/Update,"{""c"":""K"",""position"":{""x"":0.0,""y"":0.0},""angle"":3.1415927410125734,""size_dots"":{""x"":0.0,""y"":0.0},""size_mm"":10.0}"
2025/12/01 20:34:10:724138,Front,KeyLog,KeyboardUI/Update,"{""c"":""L"",""position"":{""x"":0.0,""y"":0.0},""angle"":3.1415927410125734,""size_dots"":{""x"":0.0,""y"":0.0},""size_mm"":10.0}"
2025/12/01 20:34:10:724138,Front,KeyLog,KeyboardUI/Update,"{""c"":""Z"",""position"":{""x"":0.0,""y"":0.0},""angle"":3.1415927410125734,""size_dots"":{""x"":0.0,""y"":0.0},""size_mm"":10.0}"
2025/12/01 20:34:10:724138,Front,KeyLog,KeyboardUI/Update,"{""c"":""X"",""position"":{""x"":0.0,""y"":0.0},""angle"":3.1415927410125734,""size_dots"":{""x"":0.0,""y"":0.0},""size_mm"":10.0}"
2025/12/01 20:34:10:724138,Front,KeyLog,KeyboardUI/Update,"{""c"":""C"",""position"":{""x"":0.0,""y"":0.0},""angle"":3.1415927410125734,""size_dots"":{""x"":0.0,""y"":0.0},""size_mm"":10.0}"
2025/12/01 20:34:10:724138,Front,KeyLog,KeyboardUI/Update,"{""c"":""V"",""position"":{""x"":0.0,""y"":0.0},""angle"":3.1415927410125734,""size_dots"":{""x"":0.0,""y"":0.0},""size_mm"":10.0}"
2025/12/01 20:34:10:724138,Front,KeyLog,KeyboardUI/Update,"{""c"":""B"",""position"":{""x"":0.0,""y"":0.0},""angle"":3.1415927410125734,""size_dots"":{""x"":0.0,""y"":0.0},""size_mm"":10.0}"
2025/12/01 20:34:10:725156,Front,KeyLog,KeyboardUI/Update,"{""c"":""N"",""position"":{""x"":0.0,""y"":0.0},""angle"":3.1415927410125734,""size_dots"":{""x"":0.0,""y"":0.0},""size_mm"":10.0}"
2025/12/01 20:34:10:726181,Front,KeyLog,KeyboardUI/Update,"{""c"":""M"",""position"":{""x"":0.0,""y"":0.0},""angle"":3.1415927410125734,""size_dots"":{""x"":0.0,""y"":0.0},""size_mm"":10.0}"
2025/12/01 20:34:10:726181,Front,KeyLog,KeyboardUI/Update,"{""c"":""#"",""position"":{""x"":0.0,""y"":0.0},""angle"":3.1415927410125734,""size_dots"":{""x"":0.0,""y"":0.0},""size_mm"":13.800000190734864}"
2025/12/01 20:34:10:726181,Front,KeyLog,KeyboardUI/Update,"{""c"":""&"",""position"":{""x"":0.0,""y"":0.0},""angle"":3.1415927410125734,""size_dots"":{""x"":0.0,""y"":0.0},""size_mm"":13.800000190734864}"
2025/12/01 20:34:10:726689,Front,KeyLog,KeyboardUI/Update,"{""c"":""%"",""position"":{""x"":0.0,""y"":0.0},""angle"":3.1415927410125734,""size_dots"":{""x"":0.0,""y"":0.0},""size_mm"":13.800000190734864}"
2025/12/01 20:34:10:736827,Front,ARMarkerLog,ARMarkerDetector/Update,"{""position"":[0.0,0.0],""angle"":0.0}"
2025/12/01 20:34:10:743914,Front,KeyLog,KeyboardUI/Update,"{""c"":""Q"",""position"":{""x"":0.0,""y"":0.0},""angle"":3.1415927410125734,""size_dots"":{""x"":0.0,""y"":0.0},""size_mm"":10.0}"
2025/12/01 20:34:10:743914,Front,KeyLog,KeyboardUI/Update,"{""c"":""W"",""position"":{""x"":0.0,""y"":0.0},""angle"":3.1415927410125734,""size_dots"":{""x"":0.0,""y"":0.0},""size_mm"":10.0}"
2025/12/01 20:34:10:743914,Front,KeyLog,KeyboardUI/Update,"{""c"":""E"",""position"":{""x"":0.0,""y"":0.0},""angle"":3.1415927410125734,""size_dots"":{""x"":0.0,""y"":0.0},""size_mm"":10.0}"
2025/12/01 20:34:10:743914,Front,KeyLog,KeyboardUI/Update,"{""c"":""R"",""position"":{""x"":0.0,""y"":0.0},""angle"":3.1415927410125734,""size_dots"":{""x"":0.0,""y"":0.0},""size_mm"":10.0}"
2025/12/01 20:34:10:744925,Front,KeyLog,KeyboardUI/Update,"{""c"":""T"",""position"":{""x"":0.0,""y"":0.0},""angle"":3.1415927410125734,""size_dots"":{""x"":0.0,""y"":0.0},""size_mm"":10.0}"
2025/12/01 20:34:10:744925,Front,KeyLog,KeyboardUI/Update,"{""c"":""Y"",""position"":{""x"":0.0,""y"":0.0},""angle"":3.1415927410125734,""size_dots"":{""x"":0.0,""y"":0.0},""size_mm"":10.0}"
2025/12/01 20:34:10:746941,Front,KeyLog,KeyboardUI/Update,"{""c"":""U"",""position"":{""x"":0.0,""y"":0.0},""angle"":3.1415927410125734,""size_dots"":{""x"":0.0,""y"":0.0},""size_mm"":10.0}"
2025/12/01 20:34:10:747445,Front,KeyLog,KeyboardUI/Update,"{""c"":""I"",""position"":{""x"":0.0,""y"":0.0},""angle"":3.1415927410125734,""size_dots"":{""x"":0.0,""y"":0.0},""size_mm"":10.0}"
2025/12/01 20:34:10:748455,Front,KeyLog,KeyboardUI/Update,"{""c"":""O"",""position"":{""x"":0.0,""y"":0.0},""angle"":3.1415927410125734,""size_dots"":{""x"":0.0,""y"":0.0},""size_mm"":10.0}"
2025/12/01 20:34:10:750475,Front,KeyLog,KeyboardUI/Update,"{""c"":""P"",""position"":{""x"":0.0,""y"":0.0},""angle"":3.1415927410125734,""size_dots"":{""x"":0.0,""y"":0.0},""size_mm"":10.0}"
2025/12/01 20:34:10:751486,Front,KeyLog,KeyboardUI/Update,"{""c"":""A"",""position"":{""x"":0.0,""y"":0.0},""angle"":3.1415927410125734,""size_dots"":{""x"":0.0,""y"":0.0},""size_mm"":10.0}"
2025/12/01 20:34:10:752494,Front,KeyLog,KeyboardUI/Update,"{""c"":""S"",""position"":{""x"":0.0,""y"":0.0},""angle"":3.1415927410125734,""size_dots"":{""x"":0.0,""y"":0.0},""size_mm"":10.0}"
2025/12/01 20:34:10:753522,Front,KeyLog,KeyboardUI/Update,"{""c"":""D"",""position"":{""x"":0.0,""y"":0.0},""angle"":3.1415927410125734,""size_dots"":{""x"":0.0,""y"":0.0},""size_mm"":10.0}"
2025/12/01 20:34:10:753522,Front,KeyLog,KeyboardUI/Update,"{""c"":""F"",""position"":{""x"":0.0,""y"":0.0},""angle"":3.1415927410125734,""size_dots"":{""x"":0.0,""y"":0.0},""size_mm"":10.0}"
2025/12/01 20:34:10:753522,Front,KeyLog,KeyboardUI/Update,"{""c"":""G"",""position"":{""x"":0.0,""y"":0.0},""angle"":3.1415927410125734,""size_dots"":{""x"":0.0,""y"":0.0},""size_mm"":10.0}"
2025/12/01 20:34:10:754534,Front,KeyLog,KeyboardUI/Update,"{""c"":""H"",""position"":{""x"":0.0,""y"":0.0},""angle"":3.1415927410125734,""size_dots"":{""x"":0.0,""y"":0.0},""size_mm"":10.0}"
2025/12/01 20:34:10:755559,Front,KeyLog,KeyboardUI/Update,"{""c"":""J"",""position"":{""x"":0.0,""y"":0.0},""angle"":3.1415927410125734,""size_dots"":{""x"":0.0,""y"":0.0},""size_mm"":10.0}"
2025/12/01 20:34:10:756558,Front,KeyLog,KeyboardUI/Update,"{""c"":""K"",""position"":{""x"":0.0,""y"":0.0},""angle"":3.1415927410125734,""size_dots"":{""x"":0.0,""y"":0.0},""size_mm"":10.0}"
2025/12/01 20:34:10:758089,Front,KeyLog,KeyboardUI/Update,"{""c"":""L"",""position"":{""x"":0.0,""y"":0.0},""angle"":3.1415927410125734,""size_dots"":{""x"":0.0,""y"":0.0},""size_mm"":10.0}"
2025/12/01 20:34:10:759103,Front,KeyLog,KeyboardUI/Update,"{""c"":""Z"",""position"":{""x"":0.0,""y"":0.0},""angle"":3.1415927410125734,""size_dots"":{""x"":0.0,""y"":0.0},""size_mm"":10.0}"
2025/12/01 20:34:10:760121,Front,KeyLog,KeyboardUI/Update,"{""c"":""X"",""position"":{""x"":0.0,""y"":0.0},""angle"":3.1415927410125734,""size_dots"":{""x"":0.0,""y"":0.0},""size_mm"":10.0}"
2025/12/01 20:34:10:761130,Front,KeyLog,KeyboardUI/Update,"{""c"":""C"",""position"":{""x"":0.0,""y"":0.0},""angle"":3.1415927410125734,""size_dots"":{""x"":0.0,""y"":0.0},""size_mm"":10.0}"
2025/12/01 20:34:10:761130,Front,KeyLog,KeyboardUI/Update,"{""c"":""V"",""position"":{""x"":0.0,""y"":0.0},""angle"":3.1415927410125734,""size_dots"":{""x"":0.0,""y"":0.0},""size_mm"":10.0}"
2025/12/01 20:34:10:762139,Front,KeyLog,KeyboardUI/Update,"{""c"":""B"",""position"":{""x"":0.0,""y"":0.0},""angle"":3.1415927410125734,""size_dots"":{""x"":0.0,""y"":0.0},""size_mm"":10.0}"
2025/12/01 20:34:10:763148,Front,KeyLog,KeyboardUI/Update,"{""c"":""N"",""position"":{""x"":0.0,""y"":0.0},""angle"":3.1415927410125734,""size_dots"":{""x"":0.0,""y"":0.0},""size_mm"":10.0}"
2025/12/01 20:34:10:763148,Front,KeyLog,KeyboardUI/Update,"{""c"":""M"",""position"":{""x"":0.0,""y"":0.0},""angle"":3.1415927410125734,""size_dots"":{""x"":0.0,""y"":0.0},""size_mm"":10.0}"
2025/12/01 20:34:10:764161,Front,KeyLog,KeyboardUI/Update,"{""c"":""#"",""position"":{""x"":0.0,""y"":0.0},""angle"":3.1415927410125734,""size_dots"":{""x"":0.0,""y"":0.0},""size_mm"":13.800000190734864}"
2025/12/01 20:34:10:765169,Front,KeyLog,KeyboardUI/Update,"{""c"":""&"",""position"":{""x"":0.0,""y"":0.0},""angle"":3.1415927410125734,""size_dots"":{""x"":0.0,""y"":0.0},""size_mm"":13.800000190734864}"
2025/12/01 20:34:10:766178,Front,KeyLog,KeyboardUI/Update,"{""c"":""%"",""position"":{""x"":0.0,""y"":0.0},""angle"":3.1415927410125734,""size_dots"":{""x"":0.0,""y"":0.0},""size_mm"":13.800000190734864}"
2025/12/01 20:34:10:793541,Front,ARMarkerLog,ARMarkerDetector/Update,"{""position"":[0.0,0.0],""angle"":0.0}"
2025/12/01 20:34:10:811340,Front,KeyLog,KeyboardUI/Update,"{""c"":""Q"",""position"":{""x"":0.0,""y"":0.0},""angle"":3.1415927410125734,""size_dots"":{""x"":0.0,""y"":0.0},""size_mm"":10.0}"
2025/12/01 20:34:10:812349,Front,KeyLog,KeyboardUI/Update,"{""c"":""W"",""position"":{""x"":0.0,""y"":0.0},""angle"":3.1415927410125734,""size_dots"":{""x"":0.0,""y"":0.0},""size_mm"":10.0}"
2025/12/01 20:34:10:813359,Front,KeyLog,KeyboardUI/Update,"{""c"":""E"",""position"":{""x"":0.0,""y"":0.0},""angle"":3.1415927410125734,""size_dots"":{""x"":0.0,""y"":0.0},""size_mm"":10.0}"
2025/12/01 20:34:10:814367,Front,KeyLog,KeyboardUI/Update,"{""c"":""R"",""position"":{""x"":0.0,""y"":0.0},""angle"":3.1415927410125734,""size_dots"":{""x"":0.0,""y"":0.0},""size_mm"":10.0}"
2025/12/01 20:34:10:815377,Front,KeyLog,KeyboardUI/Update,"{""c"":""T"",""position"":{""x"":0.0,""y"":0.0},""angle"":3.1415927410125734,""size_dots"":{""x"":0.0,""y"":0.0},""size_mm"":10.0}"
2025/12/01 20:34:10:816895,Front,KeyLog,KeyboardUI/Update,"{""c"":""Y"",""position"":{""x"":0.0,""y"":0.0},""angle"":3.1415927410125734,""size_dots"":{""x"":0.0,""y"":0.0},""size_mm"":10.0}"
2025/12/01 20:34:10:817403,Front,KeyLog,KeyboardUI/Update,"{""c"":""U"",""position"":{""x"":0.0,""y"":0.0},""angle"":3.1415927410125734,""size_dots"":{""x"":0.0,""y"":0.0},""size_mm"":10.0}"
2025/12/01 20:34:10:819494,Front,KeyLog,KeyboardUI/Update,"{""c"":""I"",""position"":{""x"":0.0,""y"":0.0},""angle"":3.1415927410125734,""size_dots"":{""x"":0.0,""y"":0.0},""size_mm"":10.0}"
2025/12/01 20:34:10:819494,Front,KeyLog,KeyboardUI/Update,"{""c"":""O"",""position"":{""x"":0.0,""y"":0.0},""angle"":3.1415927410125734,""size_dots"":{""x"":0.0,""y"":0.0},""size_mm"":10.0}"
2025/12/01 20:34:10:819494,Front,KeyLog,KeyboardUI/Update,"{""c"":""P"",""position"":{""x"":0.0,""y"":0.0},""angle"":3.1415927410125734,""size_dots"":{""x"":0.0,""y"":0.0},""size_mm"":10.0}"
2025/12/01 20:34:10:821521,Front,KeyLog,KeyboardUI/Update,"{""c"":""A"",""position"":{""x"":0.0,""y"":0.0},""angle"":3.1415927410125734,""size_dots"":{""x"":0.0,""y"":0.0},""size_mm"":10.0}"
2025/12/01 20:34:10:822529,Front,KeyLog,KeyboardUI/Update,"{""c"":""S"",""position"":{""x"":0.0,""y"":0.0},""angle"":3.1415927410125734,""size_dots"":{""x"":0.0,""y"":0.0},""size_mm"":10.0}"
2025/12/01 20:34:10:822529,Front,KeyLog,KeyboardUI/Update,"{""c"":""D"",""position"":{""x"":0.0,""y"":0.0},""angle"":3.1415927410125734,""size_dots"":{""x"":0.0,""y"":0.0},""size_mm"":10.0}"
2025/12/01 20:34:10:823538,Front,KeyLog,KeyboardUI/Update,"{""c"":""F"",""position"":{""x"":0.0,""y"":0.0},""angle"":3.1415927410125734,""size_dots"":{""x"":0.0,""y"":0.0},""size_mm"":10.0}"
2025/12/01 20:34:10:824549,Front,KeyLog,KeyboardUI/Update,"{""c"":""G"",""position"":{""x"":0.0,""y"":0.0},""angle"":3.1415927410125734,""size_dots"":{""x"":0.0,""y"":0.0},""size_mm"":10.0}"
2025/12/01 20:34:10:825557,Front,KeyLog,KeyboardUI/Update,"{""c"":""H"",""position"":{""x"":0.0,""y"":0.0},""angle"":3.1415927410125734,""size_dots"":{""x"":0.0,""y"":0.0},""size_mm"":10.0}"
2025/12/01 20:34:10:826557,Front,KeyLog,KeyboardUI/Update,"{""c"":""J"",""position"":{""x"":0.0,""y"":0.0},""angle"":3.1415927410125734,""size_dots"":{""x"":0.0,""y"":0.0},""size_mm"":10.0}"
2025/12/01 20:34:10:827060,Front,KeyLog,KeyboardUI/Update,"{""c"":""K"",""position"":{""x"":0.0,""y"":0.0},""angle"":3.1415927410125734,""size_dots"":{""x"":0.0,""y"":0.0},""size_mm"":10.0}"
2025/12/01 20:34:10:827060,Front,KeyLog,KeyboardUI/Update,"{""c"":""L"",""position"":{""x"":0.0,""y"":0.0},""angle"":3.1415927410125734,""size_dots"":{""x"":0.0,""y"":0.0},""size_mm"":10.0}"
2025/12/01 20:34:10:827060,Front,KeyLog,KeyboardUI/Update,"{""c"":""Z"",""position"":{""x"":0.0,""y"":0.0},""angle"":3.1415927410125734,""size_dots"":{""x"":0.0,""y"":0.0},""size_mm"":10.0}"
2025/12/01 20:34:10:828070,Front,KeyLog,KeyboardUI/Update,"{""c"":""X"",""position"":{""x"":0.0,""y"":0.0},""angle"":3.1415927410125734,""size_dots"":{""x"":0.0,""y"":0.0},""size_mm"":10.0}"
2025/12/01 20:34:10:829089,Front,KeyLog,KeyboardUI/Update,"{""c"":""C"",""position"":{""x"":0.0,""y"":0.0},""angle"":3.1415927410125734,""size_dots"":{""x"":0.0,""y"":0.0},""size_mm"":10.0}"
2025/12/01 20:34:10:830099,Front,KeyLog,KeyboardUI/Update,"{""c"":""V"",""position"":{""x"":0.0,""y"":0.0},""angle"":3.1415927410125734,""size_dots"":{""x"":0.0,""y"":0.0},""size_mm"":10.0}"
2025/12/01 20:34:10:831109,Front,KeyLog,KeyboardUI/Update,"{""c"":""B"",""position"":{""x"":0.0,""y"":0.0},""angle"":3.1415927410125734,""size_dots"":{""x"":0.0,""y"":0.0},""size_mm"":10.0}"
2025/12/01 20:34:10:832122,Front,KeyLog,KeyboardUI/Update,"{""c"":""N"",""position"":{""x"":0.0,""y"":0.0},""angle"":3.1415927410125734,""size_dots"":{""x"":0.0,""y"":0.0},""size_mm"":10.0}"
2025/12/01 20:34:10:833134,Front,KeyLog,KeyboardUI/Update,"{""c"":""M"",""position"":{""x"":0.0,""y"":0.0},""angle"":3.1415927410125734,""size_dots"":{""x"":0.0,""y"":0.0},""size_mm"":10.0}"
2025/12/01 20:34:10:834144,Front,KeyLog,KeyboardUI/Update,"{""c"":""#"",""position"":{""x"":0.0,""y"":0.0},""angle"":3.1415927410125734,""size_dots"":{""x"":0.0,""y"":0.0},""size_mm"":13.800000190734864}"
2025/12/01 20:34:10:835167,Front,KeyLog,KeyboardUI/Update,"{""c"":""&"",""position"":{""x"":0.0,""y"":0.0},""angle"":3.1415927410125734,""size_dots"":{""x"":0.0,""y"":0.0},""size_mm"":13.800000190734864}"
2025/12/01 20:34:10:836177,Front,KeyLog,KeyboardUI/Update,"{""c"":""%"",""position"":{""x"":0.0,""y"":0.0},""angle"":3.1415927410125734,""size_dots"":{""x"":0.0,""y"":0.0},""size_mm"":13.800000190734864}"
2025/12/01 20:34:10:864522,Front,ARMarkerLog,ARMarkerDetector/Update,"{""position"":[0.0,0.0],""angle"":0.0}"
2025/12/01 20:34:10:875149,Front,KeyLog,KeyboardUI/Update,"{""c"":""Q"",""position"":{""x"":0.0,""y"":0.0},""angle"":3.1415927410125734,""size_dots"":{""x"":0.0,""y"":0.0},""size_mm"":10.0}"
2025/12/01 20:34:10:877174,Front,KeyLog,KeyboardUI/Update,"{""c"":""W"",""position"":{""x"":0.0,""y"":0.0},""angle"":3.1415927410125734,""size_dots"":{""x"":0.0,""y"":0.0},""size_mm"":10.0}"
2025/12/01 20:34:10:878183,Front,KeyLog,KeyboardUI/Update,"{""c"":""E"",""position"":{""x"":0.0,""y"":0.0},""angle"":3.1415927410125734,""size_dots"":{""x"":0.0,""y"":0.0},""size_mm"":10.0}"
2025/12/01 20:34:10:879195,Front,KeyLog,KeyboardUI/Update,"{""c"":""R"",""position"":{""x"":0.0,""y"":0.0},""angle"":3.1415927410125734,""size_dots"":{""x"":0.0,""y"":0.0},""size_mm"":10.0}"
2025/12/01 20:34:10:880209,Front,KeyLog,KeyboardUI/Update,"{""c"":""T"",""position"":{""x"":0.0,""y"":0.0},""angle"":3.1415927410125734,""size_dots"":{""x"":0.0,""y"":0.0},""size_mm"":10.0}"
2025/12/01 20:34:10:881252,Front,KeyLog,KeyboardUI/Update,"{""c"":""Y"",""position"":{""x"":0.0,""y"":0.0},""angle"":3.1415927410125734,""size_dots"":{""x"":0.0,""y"":0.0},""size_mm"":10.0}"
2025/12/01 20:34:10:882261,Front,KeyLog,KeyboardUI/Update,"{""c"":""U"",""position"":{""x"":0.0,""y"":0.0},""angle"":3.1415927410125734,""size_dots"":{""x"":0.0,""y"":0.0},""size_mm"":10.0}"
2025/12/01 20:34:10:883273,Front,KeyLog,KeyboardUI/Update,"{""c"":""I"",""position"":{""x"":0.0,""y"":0.0},""angle"":3.1415927410125734,""size_dots"":{""x"":0.0,""y"":0.0},""size_mm"":10.0}"
2025/12/01 20:34:10:884282,Front,KeyLog,KeyboardUI/Update,"{""c"":""O"",""position"":{""x"":0.0,""y"":0.0},""angle"":3.1415927410125734,""size_dots"":{""x"":0.0,""y"":0.0},""size_mm"":10.0}"
2025/12/01 20:34:10:885290,Front,KeyLog,KeyboardUI/Update,"{""c"":""P"",""position"":{""x"":0.0,""y"":0.0},""angle"":3.1415927410125734,""size_dots"":{""x"":0.0,""y"":0.0},""size_mm"":10.0}"
2025/12/01 20:34:10:886809,Front,KeyLog,KeyboardUI/Update,"{""c"":""A"",""position"":{""x"":0.0,""y"":0.0},""angle"":3.1415927410125734,""size_dots"":{""x"":0.0,""y"":0.0},""size_mm"":10.0}"
2025/12/01 20:34:10:887315,Front,KeyLog,KeyboardUI/Update,"{""c"":""S"",""position"":{""x"":0.0,""y"":0.0},""angle"":3.1415927410125734,""size_dots"":{""x"":0.0,""y"":0.0},""size_mm"":10.0}"
2025/12/01 20:34:10:888326,Front,KeyLog,KeyboardUI/Update,"{""c"":""D"",""position"":{""x"":0.0,""y"":0.0},""angle"":3.1415927410125734,""size_dots"":{""x"":0.0,""y"":0.0},""size_mm"":10.0}"
2025/12/01 20:34:10:889336,Front,KeyLog,KeyboardUI/Update,"{""c"":""F"",""position"":{""x"":0.0,""y"":0.0},""angle"":3.1415927410125734,""size_dots"":{""x"":0.0,""y"":0.0},""size_mm"":10.0}"
2025/12/01 20:34:10:889336,Front,KeyLog,KeyboardUI/Update,"{""c"":""G"",""position"":{""x"":0.0,""y"":0.0},""angle"":3.1415927410125734,""size_dots"":{""x"":0.0,""y"":0.0},""size_mm"":10.0}"
2025/12/01 20:34:10:890353,Front,KeyLog,KeyboardUI/Update,"{""c"":""H"",""position"":{""x"":0.0,""y"":0.0},""angle"":3.1415927410125734,""size_dots"":{""x"":0.0,""y"":0.0},""size_mm"":10.0}"
2025/12/01 20:34:10:891363,Front,KeyLog,KeyboardUI/Update,"{""c"":""J"",""position"":{""x"":0.0,""y"":0.0},""angle"":3.1415927410125734,""size_dots"":{""x"":0.0,""y"":0.0},""size_mm"":10.0}"
2025/12/01 20:34:10:892373,Front,KeyLog,KeyboardUI/Update,"{""c"":""K"",""position"":{""x"":0.0,""y"":0.0},""angle"":3.1415927410125734,""size_dots"":{""x"":0.0,""y"":0.0},""size_mm"":10.0}"
2025/12/01 20:34:10:893384,Front,KeyLog,KeyboardUI/Update,"{""c"":""L"",""position"":{""x"":0.0,""y"":0.0},""angle"":3.1415927410125734,""size_dots"":{""x"":0.0,""y"":0.0},""size_mm"":10.0}"
2025/12/01 20:34:10:894394,Front,KeyLog,KeyboardUI/Update,"{""c"":""Z"",""position"":{""x"":0.0,""y"":0.0},""angle"":3.1415927410125734,""size_dots"":{""x"":0.0,""y"":0.0},""size_mm"":10.0}"
2025/12/01 20:34:10:895409,Front,KeyLog,KeyboardUI/Update,"{""c"":""X"",""position"":{""x"":0.0,""y"":0.0},""angle"":3.1415927410125734,""size_dots"":{""x"":0.0,""y"":0.0},""size_mm"":10.0}"
2025/12/01 20:34:10:896438,Front,KeyLog,KeyboardUI/Update,"{""c"":""C"",""position"":{""x"":0.0,""y"":0.0},""angle"":3.1415927410125734,""size_dots"":{""x"":0.0,""y"":0.0},""size_mm"":10.0}"
2025/12/01 20:34:10:897451,Front,KeyLog,KeyboardUI/Update,"{""c"":""V"",""position"":{""x"":0.0,""y"":0.0},""angle"":3.1415927410125734,""size_dots"":{""x"":0.0,""y"":0.0},""size_mm"":10.0}"
2025/12/01 20:34:10:898462,Front,KeyLog,KeyboardUI/Update,"{""c"":""B"",""position"":{""x"":0.0,""y"":0.0},""angle"":3.1415927410125734,""size_dots"":{""x"":0.0,""y"":0.0},""size_mm"":10.0}"
2025/12/01 20:34:10:899475,Front,KeyLog,KeyboardUI/Update,"{""c"":""N"",""position"":{""x"":0.0,""y"":0.0},""angle"":3.1415927410125734,""size_dots"":{""x"":0.0,""y"":0.0},""size_mm"":10.0}"
2025/12/01 20:34:10:900491,Front,KeyLog,KeyboardUI/Update,"{""c"":""M"",""position"":{""x"":0.0,""y"":0.0},""angle"":3.1415927410125734,""size_dots"":{""x"":0.0,""y"":0.0},""size_mm"":10.0}"
2025/12/01 20:34:10:901502,Front,KeyLog,KeyboardUI/Update,"{""c"":""#"",""position"":{""x"":0.0,""y"":0.0},""angle"":3.1415927410125734,""size_dots"":{""x"":0.0,""y"":0.0},""size_mm"":13.800000190734864}"
2025/12/01 20:34:10:902513,Front,KeyLog,KeyboardUI/Update,"{""c"":""&"",""position"":{""x"":0.0,""y"":0.0},""angle"":3.1415927410125734,""size_dots"":{""x"":0.0,""y"":0.0},""size_mm"":13.800000190734864}"
2025/12/01 20:34:10:902513,Front,KeyLog,KeyboardUI/Update,"{""c"":""%"",""position"":{""x"":0.0,""y"":0.0},""angle"":3.1415927410125734,""size_dots"":{""x"":0.0,""y"":0.0},""size_mm"":13.800000190734864}"
2025/12/01 20:34:10:934388,Front,ARMarkerLog,ARMarkerDetector/Update,"{""position"":[0.0,0.0],""angle"":0.0}"
2025/12/01 20:34:10:949089,Front,KeyLog,KeyboardUI/Update,"{""c"":""Q"",""position"":{""x"":0.0,""y"":0.0},""angle"":3.1415927410125734,""size_dots"":{""x"":0.0,""y"":0.0},""size_mm"":10.0}"
2025/12/01 20:34:10:949089,Front,KeyLog,KeyboardUI/Update,"{""c"":""W"",""position"":{""x"":0.0,""y"":0.0},""angle"":3.1415927410125734,""size_dots"":{""x"":0.0,""y"":0.0},""size_mm"":10.0}"
2025/12/01 20:34:10:950098,Front,KeyLog,KeyboardUI/Update,"{""c"":""E"",""position"":{""x"":0.0,""y"":0.0},""angle"":3.1415927410125734,""size_dots"":{""x"":0.0,""y"":0.0},""size_mm"":10.0}"
2025/12/01 20:34:10:950098,Front,KeyLog,KeyboardUI/Update,"{""c"":""R"",""position"":{""x"":0.0,""y"":0.0},""angle"":3.1415927410125734,""size_dots"":{""x"":0.0,""y"":0.0},""size_mm"":10.0}"
2025/12/01 20:34:10:950098,Front,KeyLog,KeyboardUI/Update,"{""c"":""T"",""position"":{""x"":0.0,""y"":0.0},""angle"":3.1415927410125734,""size_dots"":{""x"":0.0,""y"":0.0},""size_mm"":10.0}"
2025/12/01 20:34:10:950098,Front,KeyLog,KeyboardUI/Update,"{""c"":""Y"",""position"":{""x"":0.0,""y"":0.0},""angle"":3.1415927410125734,""size_dots"":{""x"":0.0,""y"":0.0},""size_mm"":10.0}"
2025/12/01 20:34:10:951107,Front,KeyLog,KeyboardUI/Update,"{""c"":""U"",""position"":{""x"":0.0,""y"":0.0},""angle"":3.1415927410125734,""size_dots"":{""x"":0.0,""y"":0.0},""size_mm"":10.0}"
2025/12/01 20:34:10:951107,Front,KeyLog,KeyboardUI/Update,"{""c"":""I"",""position"":{""x"":0.0,""y"":0.0},""angle"":3.1415927410125734,""size_dots"":{""x"":0.0,""y"":0.0},""size_mm"":10.0}"
2025/12/01 20:34:10:951107,Front,KeyLog,KeyboardUI/Update,"{""c"":""O"",""position"":{""x"":0.0,""y"":0.0},""angle"":3.1415927410125734,""size_dots"":{""x"":0.0,""y"":0.0},""size_mm"":10.0}"
2025/12/01 20:34:10:951107,Front,KeyLog,KeyboardUI/Update,"{""c"":""P"",""position"":{""x"":0.0,""y"":0.0},""angle"":3.1415927410125734,""size_dots"":{""x"":0.0,""y"":0.0},""size_mm"":10.0}"
2025/12/01 20:34:10:952124,Front,KeyLog,KeyboardUI/Update,"{""c"":""A"",""position"":{""x"":0.0,""y"":0.0},""angle"":3.1415927410125734,""size_dots"":{""x"":0.0,""y"":0.0},""size_mm"":10.0}"
2025/12/01 20:34:10:952124,Front,KeyLog,KeyboardUI/Update,"{""c"":""S"",""position"":{""x"":0.0,""y"":0.0},""angle"":3.1415927410125734,""size_dots"":{""x"":0.0,""y"":0.0},""size_mm"":10.0}"
2025/12/01 20:34:10:952124,Front,KeyLog,KeyboardUI/Update,"{""c"":""D"",""position"":{""x"":0.0,""y"":0.0},""angle"":3.1415927410125734,""size_dots"":{""x"":0.0,""y"":0.0},""size_mm"":10.0}"
2025/12/01 20:34:10:953135,Front,KeyLog,KeyboardUI/Update,"{""c"":""F"",""position"":{""x"":0.0,""y"":0.0},""angle"":3.1415927410125734,""size_dots"":{""x"":0.0,""y"":0.0},""size_mm"":10.0}"
2025/12/01 20:34:10:953135,Front,KeyLog,KeyboardUI/Update,"{""c"":""G"",""position"":{""x"":0.0,""y"":0.0},""angle"":3.1415927410125734,""size_dots"":{""x"":0.0,""y"":0.0},""size_mm"":10.0}"
2025/12/01 20:34:10:954146,Front,KeyLog,KeyboardUI/Update,"{""c"":""H"",""position"":{""x"":0.0,""y"":0.0},""angle"":3.1415927410125734,""size_dots"":{""x"":0.0,""y"":0.0},""size_mm"":10.0}"
2025/12/01 20:34:10:954146,Front,KeyLog,KeyboardUI/Update,"{""c"":""J"",""position"":{""x"":0.0,""y"":0.0},""angle"":3.1415927410125734,""size_dots"":{""x"":0.0,""y"":0.0},""size_mm"":10.0}"
2025/12/01 20:34:10:954146,Front,KeyLog,KeyboardUI/Update,"{""c"":""K"",""position"":{""x"":0.0,""y"":0.0},""angle"":3.1415927410125734,""size_dots"":{""x"":0.0,""y"":0.0},""size_mm"":10.0}"
2025/12/01 20:34:10:954146,Front,KeyLog,KeyboardUI/Update,"{""c"":""L"",""position"":{""x"":0.0,""y"":0.0},""angle"":3.1415927410125734,""size_dots"":{""x"":0.0,""y"":0.0},""size_mm"":10.0}"
2025/12/01 20:34:10:954146,Front,KeyLog,KeyboardUI/Update,"{""c"":""Z"",""position"":{""x"":0.0,""y"":0.0},""angle"":3.1415927410125734,""size_dots"":{""x"":0.0,""y"":0.0},""size_mm"":10.0}"
2025/12/01 20:34:10:954146,Front,KeyLog,KeyboardUI/Update,"{""c"":""X"",""position"":{""x"":0.0,""y"":0.0},""angle"":3.1415927410125734,""size_dots"":{""x"":0.0,""y"":0.0},""size_mm"":10.0}"
2025/12/01 20:34:10:954146,Front,KeyLog,KeyboardUI/Update,"{""c"":""C"",""position"":{""x"":0.0,""y"":0.0},""angle"":3.1415927410125734,""size_dots"":{""x"":0.0,""y"":0.0},""size_mm"":10.0}"
2025/12/01 20:34:10:954146,Front,KeyLog,KeyboardUI/Update,"{""c"":""V"",""position"":{""x"":0.0,""y"":0.0},""angle"":3.1415927410125734,""size_dots"":{""x"":0.0,""y"":0.0},""size_mm"":10.0}"
2025/12/01 20:34:10:955155,Front,KeyLog,KeyboardUI/Update,"{""c"":""B"",""position"":{""x"":0.0,""y"":0.0},""angle"":3.1415927410125734,""size_dots"":{""x"":0.0,""y"":0.0},""size_mm"":10.0}"
2025/12/01 20:34:10:955155,Front,KeyLog,KeyboardUI/Update,"{""c"":""N"",""position"":{""x"":0.0,""y"":0.0},""angle"":3.1415927410125734,""size_dots"":{""x"":0.0,""y"":0.0},""size_mm"":10.0}"
2025/12/01 20:34:10:955155,Front,KeyLog,KeyboardUI/Update,"{""c"":""M"",""position"":{""x"":0.0,""y"":0.0},""angle"":3.1415927410125734,""size_dots"":{""x"":0.0,""y"":0.0},""size_mm"":10.0}"
2025/12/01 20:34:10:956167,Front,KeyLog,KeyboardUI/Update,"{""c"":""#"",""position"":{""x"":0.0,""y"":0.0},""angle"":3.1415927410125734,""size_dots"":{""x"":0.0,""y"":0.0},""size_mm"":13.800000190734864}"
2025/12/01 20:34:10:956678,Front,KeyLog,KeyboardUI/Update,"{""c"":""&"",""position"":{""x"":0.0,""y"":0.0},""angle"":3.1415927410125734,""size_dots"":{""x"":0.0,""y"":0.0},""size_mm"":13.800000190734864}"
2025/12/01 20:34:10:957195,Front,KeyLog,KeyboardUI/Update,"{""c"":""%"",""position"":{""x"":0.0,""y"":0.0},""angle"":3.1415927410125734,""size_dots"":{""x"":0.0,""y"":0.0},""size_mm"":13.800000190734864}"
2025/12/01 20:34:10:966822,Front,ARMarkerLog,ARMarkerDetector/Update,"{""position"":[0.0,0.0],""angle"":0.0}"
2025/12/01 20:34:10:975489,Front,KeyLog,KeyboardUI/Update,"{""c"":""Q"",""position"":{""x"":0.0,""y"":0.0},""angle"":3.1415927410125734,""size_dots"":{""x"":0.0,""y"":0.0},""size_mm"":10.0}"
2025/12/01 20:34:10:975489,Front,KeyLog,KeyboardUI/Update,"{""c"":""W"",""position"":{""x"":0.0,""y"":0.0},""angle"":3.1415927410125734,""size_dots"":{""x"":0.0,""y"":0.0},""size_mm"":10.0}"
2025/12/01 20:34:10:975489,Front,KeyLog,KeyboardUI/Update,"{""c"":""E"",""position"":{""x"":0.0,""y"":0.0},""angle"":3.1415927410125734,""size_dots"":{""x"":0.0,""y"":0.0},""size_mm"":10.0}"
2025/12/01 20:34:10:975489,Front,KeyLog,KeyboardUI/Update,"{""c"":""R"",""position"":{""x"":0.0,""y"":0.0},""angle"":3.1415927410125734,""size_dots"":{""x"":0.0,""y"":0.0},""size_mm"":10.0}"
2025/12/01 20:34:10:976992,Front,KeyLog,KeyboardUI/Update,"{""c"":""T"",""position"":{""x"":0.0,""y"":0.0},""angle"":3.1415927410125734,""size_dots"":{""x"":0.0,""y"":0.0},""size_mm"":10.0}"
2025/12/01 20:34:10:976992,Front,KeyLog,KeyboardUI/Update,"{""c"":""Y"",""position"":{""x"":0.0,""y"":0.0},""angle"":3.1415927410125734,""size_dots"":{""x"":0.0,""y"":0.0},""size_mm"":10.0}"
2025/12/01 20:34:10:976992,Front,KeyLog,KeyboardUI/Update,"{""c"":""U"",""position"":{""x"":0.0,""y"":0.0},""angle"":3.1415927410125734,""size_dots"":{""x"":0.0,""y"":0.0},""size_mm"":10.0}"
2025/12/01 20:34:10:976992,Front,KeyLog,KeyboardUI/Update,"{""c"":""I"",""position"":{""x"":0.0,""y"":0.0},""angle"":3.1415927410125734,""size_dots"":{""x"":0.0,""y"":0.0},""size_mm"":10.0}"
2025/12/01 20:34:10:976992,Front,KeyLog,KeyboardUI/Update,"{""c"":""O"",""position"":{""x"":0.0,""y"":0.0},""angle"":3.1415927410125734,""size_dots"":{""x"":0.0,""y"":0.0},""size_mm"":10.0}"
2025/12/01 20:34:10:976992,Front,KeyLog,KeyboardUI/Update,"{""c"":""P"",""position"":{""x"":0.0,""y"":0.0},""angle"":3.1415927410125734,""size_dots"":{""x"":0.0,""y"":0.0},""size_mm"":10.0}"
2025/12/01 20:34:10:976992,Front,KeyLog,KeyboardUI/Update,"{""c"":""A"",""position"":{""x"":0.0,""y"":0.0},""angle"":3.1415927410125734,""size_dots"":{""x"":0.0,""y"":0.0},""size_mm"":10.0}"
2025/12/01 20:34:10:978004,Front,KeyLog,KeyboardUI/Update,"{""c"":""S"",""position"":{""x"":0.0,""y"":0.0},""angle"":3.1415927410125734,""size_dots"":{""x"":0.0,""y"":0.0},""size_mm"":10.0}"
2025/12/01 20:34:10:978004,Front,KeyLog,KeyboardUI/Update,"{""c"":""D"",""position"":{""x"":0.0,""y"":0.0},""angle"":3.1415927410125734,""size_dots"":{""x"":0.0,""y"":0.0},""size_mm"":10.0}"
2025/12/01 20:34:10:978004,Front,KeyLog,KeyboardUI/Update,"{""c"":""F"",""position"":{""x"":0.0,""y"":0.0},""angle"":3.1415927410125734,""size_dots"":{""x"":0.0,""y"":0.0},""size_mm"":10.0}"
2025/12/01 20:34:10:979016,Front,KeyLog,KeyboardUI/Update,"{""c"":""G"",""position"":{""x"":0.0,""y"":0.0},""angle"":3.1415927410125734,""size_dots"":{""x"":0.0,""y"":0.0},""size_mm"":10.0}"
2025/12/01 20:34:10:979016,Front,KeyLog,KeyboardUI/Update,"{""c"":""H"",""position"":{""x"":0.0,""y"":0.0},""angle"":3.1415927410125734,""size_dots"":{""x"":0.0,""y"":0.0},""size_mm"":10.0}"
2025/12/01 20:34:10:979016,Front,KeyLog,KeyboardUI/Update,"{""c"":""J"",""position"":{""x"":0.0,""y"":0.0},""angle"":3.1415927410125734,""size_dots"":{""x"":0.0,""y"":0.0},""size_mm"":10.0}"
2025/12/01 20:34:10:980030,Front,KeyLog,KeyboardUI/Update,"{""c"":""K"",""position"":{""x"":0.0,""y"":0.0},""angle"":3.1415927410125734,""size_dots"":{""x"":0.0,""y"":0.0},""size_mm"":10.0}"
2025/12/01 20:34:10:980030,Front,KeyLog,KeyboardUI/Update,"{""c"":""L"",""position"":{""x"":0.0,""y"":0.0},""angle"":3.1415927410125734,""size_dots"":{""x"":0.0,""y"":0.0},""size_mm"":10.0}"
2025/12/01 20:34:10:980030,Front,KeyLog,KeyboardUI/Update,"{""c"":""Z"",""position"":{""x"":0.0,""y"":0.0},""angle"":3.1415927410125734,""size_dots"":{""x"":0.0,""y"":0.0},""size_mm"":10.0}"
2025/12/01 20:34:10:980030,Front,KeyLog,KeyboardUI/Update,"{""c"":""X"",""position"":{""x"":0.0,""y"":0.0},""angle"":3.1415927410125734,""size_dots"":{""x"":0.0,""y"":0.0},""size_mm"":10.0}"
2025/12/01 20:34:10:980030,Front,KeyLog,KeyboardUI/Update,"{""c"":""C"",""position"":{""x"":0.0,""y"":0.0},""angle"":3.1415927410125734,""size_dots"":{""x"":0.0,""y"":0.0},""size_mm"":10.0}"
2025/12/01 20:34:10:981038,Front,KeyLog,KeyboardUI/Update,"{""c"":""V"",""position"":{""x"":0.0,""y"":0.0},""angle"":3.1415927410125734,""size_dots"":{""x"":0.0,""y"":0.0},""size_mm"":10.0}"
2025/12/01 20:34:10:981038,Front,KeyLog,KeyboardUI/Update,"{""c"":""B"",""position"":{""x"":0.0,""y"":0.0},""angle"":3.1415927410125734,""size_dots"":{""x"":0.0,""y"":0.0},""size_mm"":10.0}"
2025/12/01 20:34:10:982051,Front,KeyLog,KeyboardUI/Update,"{""c"":""N"",""position"":{""x"":0.0,""y"":0.0},""angle"":3.1415927410125734,""size_dots"":{""x"":0.0,""y"":0.0},""size_mm"":10.0}"
2025/12/01 20:34:10:982051,Front,KeyLog,KeyboardUI/Update,"{""c"":""M"",""position"":{""x"":0.0,""y"":0.0},""angle"":3.1415927410125734,""size_dots"":{""x"":0.0,""y"":0.0},""size_mm"":10.0}"
2025/12/01 20:34:10:982051,Front,KeyLog,KeyboardUI/Update,"{""c"":""#"",""position"":{""x"":0.0,""y"":0.0},""angle"":3.1415927410125734,""size_dots"":{""x"":0.0,""y"":0.0},""size_mm"":13.800000190734864}"
2025/12/01 20:34:10:983070,Front,KeyLog,KeyboardUI/Update,"{""c"":""&"",""position"":{""x"":0.0,""y"":0.0},""angle"":3.1415927410125734,""size_dots"":{""x"":0.0,""y"":0.0},""size_mm"":13.800000190734864}"
2025/12/01 20:34:10:983070,Front,KeyLog,KeyboardUI/Update,"{""c"":""%"",""position"":{""x"":0.0,""y"":0.0},""angle"":3.1415927410125734,""size_dots"":{""x"":0.0,""y"":0.0},""size_mm"":13.800000190734864}"
2025/12/01 20:34:10:996252,Front,ARMarkerLog,ARMarkerDetector/Update,"{""position"":[0.0,0.0],""angle"":0.0}"
2025/12/01 20:34:11:014512,Front,KeyLog,KeyboardUI/Update,"{""c"":""Q"",""position"":{""x"":0.0,""y"":0.0},""angle"":3.1415927410125734,""size_dots"":{""x"":0.0,""y"":0.0},""size_mm"":10.0}"
2025/12/01 20:34:11:015522,Front,KeyLog,KeyboardUI/Update,"{""c"":""W"",""position"":{""x"":0.0,""y"":0.0},""angle"":3.1415927410125734,""size_dots"":{""x"":0.0,""y"":0.0},""size_mm"":10.0}"
2025/12/01 20:34:11:017025,Front,KeyLog,KeyboardUI/Update,"{""c"":""E"",""position"":{""x"":0.0,""y"":0.0},""angle"":3.1415927410125734,""size_dots"":{""x"":0.0,""y"":0.0},""size_mm"":10.0}"
2025/12/01 20:34:11:018035,Front,KeyLog,KeyboardUI/Update,"{""c"":""R"",""position"":{""x"":0.0,""y"":0.0},""angle"":3.1415927410125734,""size_dots"":{""x"":0.0,""y"":0.0},""size_mm"":10.0}"
2025/12/01 20:34:11:019048,Front,KeyLog,KeyboardUI/Update,"{""c"":""T"",""position"":{""x"":0.0,""y"":0.0},""angle"":3.1415927410125734,""size_dots"":{""x"":0.0,""y"":0.0},""size_mm"":10.0}"
2025/12/01 20:34:11:020081,Front,KeyLog,KeyboardUI/Update,"{""c"":""Y"",""position"":{""x"":0.0,""y"":0.0},""angle"":3.1415927410125734,""size_dots"":{""x"":0.0,""y"":0.0},""size_mm"":10.0}"
2025/12/01 20:34:11:021089,Front,KeyLog,KeyboardUI/Update,"{""c"":""U"",""position"":{""x"":0.0,""y"":0.0},""angle"":3.1415927410125734,""size_dots"":{""x"":0.0,""y"":0.0},""size_mm"":10.0}"
2025/12/01 20:34:11:022099,Front,KeyLog,KeyboardUI/Update,"{""c"":""I"",""position"":{""x"":0.0,""y"":0.0},""angle"":3.1415927410125734,""size_dots"":{""x"":0.0,""y"":0.0},""size_mm"":10.0}"
2025/12/01 20:34:11:023111,Front,KeyLog,KeyboardUI/Update,"{""c"":""O"",""position"":{""x"":0.0,""y"":0.0},""angle"":3.1415927410125734,""size_dots"":{""x"":0.0,""y"":0.0},""size_mm"":10.0}"
2025/12/01 20:34:11:024124,Front,KeyLog,KeyboardUI/Update,"{""c"":""P"",""position"":{""x"":0.0,""y"":0.0},""angle"":3.1415927410125734,""size_dots"":{""x"":0.0,""y"":0.0},""size_mm"":10.0}"
2025/12/01 20:34:11:024124,Front,KeyLog,KeyboardUI/Update,"{""c"":""A"",""position"":{""x"":0.0,""y"":0.0},""angle"":3.1415927410125734,""size_dots"":{""x"":0.0,""y"":0.0},""size_mm"":10.0}"
2025/12/01 20:34:11:025134,Front,KeyLog,KeyboardUI/Update,"{""c"":""S"",""position"":{""x"":0.0,""y"":0.0},""angle"":3.1415927410125734,""size_dots"":{""x"":0.0,""y"":0.0},""size_mm"":10.0}"
2025/12/01 20:34:11:025134,Front,KeyLog,KeyboardUI/Update,"{""c"":""D"",""position"":{""x"":0.0,""y"":0.0},""angle"":3.1415927410125734,""size_dots"":{""x"":0.0,""y"":0.0},""size_mm"":10.0}"
2025/12/01 20:34:11:026165,Front,KeyLog,KeyboardUI/Update,"{""c"":""F"",""position"":{""x"":0.0,""y"":0.0},""angle"":3.1415927410125734,""size_dots"":{""x"":0.0,""y"":0.0},""size_mm"":10.0}"
2025/12/01 20:34:11:027182,Front,KeyLog,KeyboardUI/Update,"{""c"":""G"",""position"":{""x"":0.0,""y"":0.0},""angle"":3.1415927410125734,""size_dots"":{""x"":0.0,""y"":0.0},""size_mm"":10.0}"
2025/12/01 20:34:11:028191,Front,KeyLog,KeyboardUI/Update,"{""c"":""H"",""position"":{""x"":0.0,""y"":0.0},""angle"":3.1415927410125734,""size_dots"":{""x"":0.0,""y"":0.0},""size_mm"":10.0}"
2025/12/01 20:34:11:029201,Front,KeyLog,KeyboardUI/Update,"{""c"":""J"",""position"":{""x"":0.0,""y"":0.0},""angle"":3.1415927410125734,""size_dots"":{""x"":0.0,""y"":0.0},""size_mm"":10.0}"
2025/12/01 20:34:11:029201,Front,KeyLog,KeyboardUI/Update,"{""c"":""K"",""position"":{""x"":0.0,""y"":0.0},""angle"":3.1415927410125734,""size_dots"":{""x"":0.0,""y"":0.0},""size_mm"":10.0}"
2025/12/01 20:34:11:029201,Front,KeyLog,KeyboardUI/Update,"{""c"":""L"",""position"":{""x"":0.0,""y"":0.0},""angle"":3.1415927410125734,""size_dots"":{""x"":0.0,""y"":0.0},""size_mm"":10.0}"
2025/12/01 20:34:11:030210,Front,KeyLog,KeyboardUI/Update,"{""c"":""Z"",""position"":{""x"":0.0,""y"":0.0},""angle"":3.1415927410125734,""size_dots"":{""x"":0.0,""y"":0.0},""size_mm"":10.0}"
2025/12/01 20:34:11:031219,Front,KeyLog,KeyboardUI/Update,"{""c"":""X"",""position"":{""x"":0.0,""y"":0.0},""angle"":3.1415927410125734,""size_dots"":{""x"":0.0,""y"":0.0},""size_mm"":10.0}"
2025/12/01 20:34:11:032229,Front,KeyLog,KeyboardUI/Update,"{""c"":""C"",""position"":{""x"":0.0,""y"":0.0},""angle"":3.1415927410125734,""size_dots"":{""x"":0.0,""y"":0.0},""size_mm"":10.0}"
2025/12/01 20:34:11:033240,Front,KeyLog,KeyboardUI/Update,"{""c"":""V"",""position"":{""x"":0.0,""y"":0.0},""angle"":3.1415927410125734,""size_dots"":{""x"":0.0,""y"":0.0},""size_mm"":10.0}"
2025/12/01 20:34:11:033240,Front,KeyLog,KeyboardUI/Update,"{""c"":""B"",""position"":{""x"":0.0,""y"":0.0},""angle"":3.1415927410125734,""size_dots"":{""x"":0.0,""y"":0.0},""size_mm"":10.0}"
2025/12/01 20:34:11:034252,Front,KeyLog,KeyboardUI/Update,"{""c"":""N"",""position"":{""x"":0.0,""y"":0.0},""angle"":3.1415927410125734,""size_dots"":{""x"":0.0,""y"":0.0},""size_mm"":10.0}"
2025/12/01 20:34:11:035279,Front,KeyLog,KeyboardUI/Update,"{""c"":""M"",""position"":{""x"":0.0,""y"":0.0},""angle"":3.1415927410125734,""size_dots"":{""x"":0.0,""y"":0.0},""size_mm"":10.0}"
2025/12/01 20:34:11:035279,Front,KeyLog,KeyboardUI/Update,"{""c"":""#"",""position"":{""x"":0.0,""y"":0.0},""angle"":3.1415927410125734,""size_dots"":{""x"":0.0,""y"":0.0},""size_mm"":13.800000190734864}"
2025/12/01 20:34:11:036803,Front,KeyLog,KeyboardUI/Update,"{""c"":""&"",""position"":{""x"":0.0,""y"":0.0},""angle"":3.1415927410125734,""size_dots"":{""x"":0.0,""y"":0.0},""size_mm"":13.800000190734864}"
2025/12/01 20:34:11:037310,Front,KeyLog,KeyboardUI/Update,"{""c"":""%"",""position"":{""x"":0.0,""y"":0.0},""angle"":3.1415927410125734,""size_dots"":{""x"":0.0,""y"":0.0},""size_mm"":13.800000190734864}"
2025/12/01 20:34:11:049461,Front,ARMarkerLog,ARMarkerDetector/Update,"{""position"":[0.0,0.0],""angle"":0.0}"
2025/12/01 20:34:11:065717,Front,KeyLog,KeyboardUI/Update,"{""c"":""Q"",""position"":{""x"":0.0,""y"":0.0},""angle"":3.1415927410125734,""size_dots"":{""x"":0.0,""y"":0.0},""size_mm"":10.0}"
2025/12/01 20:34:11:065717,Front,KeyLog,KeyboardUI/Update,"{""c"":""W"",""position"":{""x"":0.0,""y"":0.0},""angle"":3.1415927410125734,""size_dots"":{""x"":0.0,""y"":0.0},""size_mm"":10.0}"
2025/12/01 20:34:11:066716,Front,KeyLog,KeyboardUI/Update,"{""c"":""E"",""position"":{""x"":0.0,""y"":0.0},""angle"":3.1415927410125734,""size_dots"":{""x"":0.0,""y"":0.0},""size_mm"":10.0}"
2025/12/01 20:34:11:066716,Front,KeyLog,KeyboardUI/Update,"{""c"":""R"",""position"":{""x"":0.0,""y"":0.0},""angle"":3.1415927410125734,""size_dots"":{""x"":0.0,""y"":0.0},""size_mm"":10.0}"
2025/12/01 20:34:11:067220,Front,KeyLog,KeyboardUI/Update,"{""c"":""T"",""position"":{""x"":0.0,""y"":0.0},""angle"":3.1415927410125734,""size_dots"":{""x"":0.0,""y"":0.0},""size_mm"":10.0}"
2025/12/01 20:34:11:067220,Front,KeyLog,KeyboardUI/Update,"{""c"":""Y"",""position"":{""x"":0.0,""y"":0.0},""angle"":3.1415927410125734,""size_dots"":{""x"":0.0,""y"":0.0},""size_mm"":10.0}"
2025/12/01 20:34:11:067220,Front,KeyLog,KeyboardUI/Update,"{""c"":""U"",""position"":{""x"":0.0,""y"":0.0},""angle"":3.1415927410125734,""size_dots"":{""x"":0.0,""y"":0.0},""size_mm"":10.0}"
2025/12/01 20:34:11:067220,Front,KeyLog,KeyboardUI/Update,"{""c"":""I"",""position"":{""x"":0.0,""y"":0.0},""angle"":3.1415927410125734,""size_dots"":{""x"":0.0,""y"":0.0},""size_mm"":10.0}"
2025/12/01 20:34:11:068232,Front,KeyLog,KeyboardUI/Update,"{""c"":""O"",""position"":{""x"":0.0,""y"":0.0},""angle"":3.1415927410125734,""size_dots"":{""x"":0.0,""y"":0.0},""size_mm"":10.0}"
2025/12/01 20:34:11:068232,Front,KeyLog,KeyboardUI/Update,"{""c"":""P"",""position"":{""x"":0.0,""y"":0.0},""angle"":3.1415927410125734,""size_dots"":{""x"":0.0,""y"":0.0},""size_mm"":10.0}"
2025/12/01 20:34:11:069243,Front,KeyLog,KeyboardUI/Update,"{""c"":""A"",""position"":{""x"":0.0,""y"":0.0},""angle"":3.1415927410125734,""size_dots"":{""x"":0.0,""y"":0.0},""size_mm"":10.0}"
2025/12/01 20:34:11:069243,Front,KeyLog,KeyboardUI/Update,"{""c"":""S"",""position"":{""x"":0.0,""y"":0.0},""angle"":3.1415927410125734,""size_dots"":{""x"":0.0,""y"":0.0},""size_mm"":10.0}"
2025/12/01 20:34:11:069243,Front,KeyLog,KeyboardUI/Update,"{""c"":""D"",""position"":{""x"":0.0,""y"":0.0},""angle"":3.1415927410125734,""size_dots"":{""x"":0.0,""y"":0.0},""size_mm"":10.0}"
2025/12/01 20:34:11:069243,Front,KeyLog,KeyboardUI/Update,"{""c"":""F"",""position"":{""x"":0.0,""y"":0.0},""angle"":3.1415927410125734,""size_dots"":{""x"":0.0,""y"":0.0},""size_mm"":10.0}"
2025/12/01 20:34:11:069243,Front,KeyLog,KeyboardUI/Update,"{""c"":""G"",""position"":{""x"":0.0,""y"":0.0},""angle"":3.1415927410125734,""size_dots"":{""x"":0.0,""y"":0.0},""size_mm"":10.0}"
2025/12/01 20:34:11:069243,Front,KeyLog,KeyboardUI/Update,"{""c"":""H"",""position"":{""x"":0.0,""y"":0.0},""angle"":3.1415927410125734,""size_dots"":{""x"":0.0,""y"":0.0},""size_mm"":10.0}"
2025/12/01 20:34:11:069243,Front,KeyLog,KeyboardUI/Update,"{""c"":""J"",""position"":{""x"":0.0,""y"":0.0},""angle"":3.1415927410125734,""size_dots"":{""x"":0.0,""y"":0.0},""size_mm"":10.0}"
2025/12/01 20:34:11:070254,Front,KeyLog,KeyboardUI/Update,"{""c"":""K"",""position"":{""x"":0.0,""y"":0.0},""angle"":3.1415927410125734,""size_dots"":{""x"":0.0,""y"":0.0},""size_mm"":10.0}"
2025/12/01 20:34:11:070254,Front,KeyLog,KeyboardUI/Update,"{""c"":""L"",""position"":{""x"":0.0,""y"":0.0},""angle"":3.1415927410125734,""size_dots"":{""x"":0.0,""y"":0.0},""size_mm"":10.0}"
2025/12/01 20:34:11:070254,Front,KeyLog,KeyboardUI/Update,"{""c"":""Z"",""position"":{""x"":0.0,""y"":0.0},""angle"":3.1415927410125734,""size_dots"":{""x"":0.0,""y"":0.0},""size_mm"":10.0}"
2025/12/01 20:34:11:070254,Front,KeyLog,KeyboardUI/Update,"{""c"":""X"",""position"":{""x"":0.0,""y"":0.0},""angle"":3.1415927410125734,""size_dots"":{""x"":0.0,""y"":0.0},""size_mm"":10.0}"
2025/12/01 20:34:11:070254,Front,KeyLog,KeyboardUI/Update,"{""c"":""C"",""position"":{""x"":0.0,""y"":0.0},""angle"":3.1415927410125734,""size_dots"":{""x"":0.0,""y"":0.0},""size_mm"":10.0}"
2025/12/01 20:34:11:071269,Front,KeyLog,KeyboardUI/Update,"{""c"":""V"",""position"":{""x"":0.0,""y"":0.0},""angle"":3.1415927410125734,""size_dots"":{""x"":0.0,""y"":0.0},""size_mm"":10.0}"
2025/12/01 20:34:11:071269,Front,KeyLog,KeyboardUI/Update,"{""c"":""B"",""position"":{""x"":0.0,""y"":0.0},""angle"":3.1415927410125734,""size_dots"":{""x"":0.0,""y"":0.0},""size_mm"":10.0}"
2025/12/01 20:34:11:071269,Front,KeyLog,KeyboardUI/Update,"{""c"":""N"",""position"":{""x"":0.0,""y"":0.0},""angle"":3.1415927410125734,""size_dots"":{""x"":0.0,""y"":0.0},""size_mm"":10.0}"
2025/12/01 20:34:11:072277,Front,KeyLog,KeyboardUI/Update,"{""c"":""M"",""position"":{""x"":0.0,""y"":0.0},""angle"":3.1415927410125734,""size_dots"":{""x"":0.0,""y"":0.0},""size_mm"":10.0}"
2025/12/01 20:34:11:072277,Front,KeyLog,KeyboardUI/Update,"{""c"":""#"",""position"":{""x"":0.0,""y"":0.0},""angle"":3.1415927410125734,""size_dots"":{""x"":0.0,""y"":0.0},""size_mm"":13.800000190734864}"
2025/12/01 20:34:11:072277,Front,KeyLog,KeyboardUI/Update,"{""c"":""&"",""position"":{""x"":0.0,""y"":0.0},""angle"":3.1415927410125734,""size_dots"":{""x"":0.0,""y"":0.0},""size_mm"":13.800000190734864}"
2025/12/01 20:34:11:072277,Front,KeyLog,KeyboardUI/Update,"{""c"":""%"",""position"":{""x"":0.0,""y"":0.0},""angle"":3.1415927410125734,""size_dots"":{""x"":0.0,""y"":0.0},""size_mm"":13.800000190734864}"
2025/12/01 20:34:11:082422,Front,ARMarkerLog,ARMarkerDetector/Update,"{""position"":[0.0,0.0],""angle"":0.0}"
2025/12/01 20:34:11:091005,Front,KeyLog,KeyboardUI/Update,"{""c"":""Q"",""position"":{""x"":0.0,""y"":0.0},""angle"":3.1415927410125734,""size_dots"":{""x"":0.0,""y"":0.0},""size_mm"":10.0}"
2025/12/01 20:34:11:092016,Front,KeyLog,KeyboardUI/Update,"{""c"":""W"",""position"":{""x"":0.0,""y"":0.0},""angle"":3.1415927410125734,""size_dots"":{""x"":0.0,""y"":0.0},""size_mm"":10.0}"
2025/12/01 20:34:11:093026,Front,KeyLog,KeyboardUI/Update,"{""c"":""E"",""position"":{""x"":0.0,""y"":0.0},""angle"":3.1415927410125734,""size_dots"":{""x"":0.0,""y"":0.0},""size_mm"":10.0}"
2025/12/01 20:34:11:094040,Front,KeyLog,KeyboardUI/Update,"{""c"":""R"",""position"":{""x"":0.0,""y"":0.0},""angle"":3.1415927410125734,""size_dots"":{""x"":0.0,""y"":0.0},""size_mm"":10.0}"
2025/12/01 20:34:11:095049,Front,KeyLog,KeyboardUI/Update,"{""c"":""T"",""position"":{""x"":0.0,""y"":0.0},""angle"":3.1415927410125734,""size_dots"":{""x"":0.0,""y"":0.0},""size_mm"":10.0}"
2025/12/01 20:34:11:096609,Front,KeyLog,KeyboardUI/Update,"{""c"":""Y"",""position"":{""x"":0.0,""y"":0.0},""angle"":3.1415927410125734,""size_dots"":{""x"":0.0,""y"":0.0},""size_mm"":10.0}"
2025/12/01 20:34:11:097120,Front,KeyLog,KeyboardUI/Update,"{""c"":""U"",""position"":{""x"":0.0,""y"":0.0},""angle"":3.1415927410125734,""size_dots"":{""x"":0.0,""y"":0.0},""size_mm"":10.0}"
2025/12/01 20:34:11:098131,Front,KeyLog,KeyboardUI/Update,"{""c"":""I"",""position"":{""x"":0.0,""y"":0.0},""angle"":3.1415927410125734,""size_dots"":{""x"":0.0,""y"":0.0},""size_mm"":10.0}"
2025/12/01 20:34:11:098131,Front,KeyLog,KeyboardUI/Update,"{""c"":""O"",""position"":{""x"":0.0,""y"":0.0},""angle"":3.1415927410125734,""size_dots"":{""x"":0.0,""y"":0.0},""size_mm"":10.0}"
2025/12/01 20:34:11:099143,Front,KeyLog,KeyboardUI/Update,"{""c"":""P"",""position"":{""x"":0.0,""y"":0.0},""angle"":3.1415927410125734,""size_dots"":{""x"":0.0,""y"":0.0},""size_mm"":10.0}"
2025/12/01 20:34:11:101163,Front,KeyLog,KeyboardUI/Update,"{""c"":""A"",""position"":{""x"":0.0,""y"":0.0},""angle"":3.1415927410125734,""size_dots"":{""x"":0.0,""y"":0.0},""size_mm"":10.0}"
2025/12/01 20:34:11:101163,Front,KeyLog,KeyboardUI/Update,"{""c"":""S"",""position"":{""x"":0.0,""y"":0.0},""angle"":3.1415927410125734,""size_dots"":{""x"":0.0,""y"":0.0},""size_mm"":10.0}"
2025/12/01 20:34:11:102212,Front,KeyLog,KeyboardUI/Update,"{""c"":""D"",""position"":{""x"":0.0,""y"":0.0},""angle"":3.1415927410125734,""size_dots"":{""x"":0.0,""y"":0.0},""size_mm"":10.0}"
2025/12/01 20:34:11:103225,Front,KeyLog,KeyboardUI/Update,"{""c"":""F"",""position"":{""x"":0.0,""y"":0.0},""angle"":3.1415927410125734,""size_dots"":{""x"":0.0,""y"":0.0},""size_mm"":10.0}"
2025/12/01 20:34:11:104238,Front,KeyLog,KeyboardUI/Update,"{""c"":""G"",""position"":{""x"":0.0,""y"":0.0},""angle"":3.1415927410125734,""size_dots"":{""x"":0.0,""y"":0.0},""size_mm"":10.0}"
2025/12/01 20:34:11:105247,Front,KeyLog,KeyboardUI/Update,"{""c"":""H"",""position"":{""x"":0.0,""y"":0.0},""angle"":3.1415927410125734,""size_dots"":{""x"":0.0,""y"":0.0},""size_mm"":10.0}"
2025/12/01 20:34:11:106773,Front,KeyLog,KeyboardUI/Update,"{""c"":""J"",""position"":{""x"":0.0,""y"":0.0},""angle"":3.1415927410125734,""size_dots"":{""x"":0.0,""y"":0.0},""size_mm"":10.0}"
2025/12/01 20:34:11:106773,Front,KeyLog,KeyboardUI/Update,"{""c"":""K"",""position"":{""x"":0.0,""y"":0.0},""angle"":3.1415927410125734,""size_dots"":{""x"":0.0,""y"":0.0},""size_mm"":10.0}"
2025/12/01 20:34:11:107290,Front,KeyLog,KeyboardUI/Update,"{""c"":""L"",""position"":{""x"":0.0,""y"":0.0},""angle"":3.1415927410125734,""size_dots"":{""x"":0.0,""y"":0.0},""size_mm"":10.0}"
2025/12/01 20:34:11:108301,Front,KeyLog,KeyboardUI/Update,"{""c"":""Z"",""position"":{""x"":0.0,""y"":0.0},""angle"":3.1415927410125734,""size_dots"":{""x"":0.0,""y"":0.0},""size_mm"":10.0}"
2025/12/01 20:34:11:109311,Front,KeyLog,KeyboardUI/Update,"{""c"":""X"",""position"":{""x"":0.0,""y"":0.0},""angle"":3.1415927410125734,""size_dots"":{""x"":0.0,""y"":0.0},""size_mm"":10.0}"
2025/12/01 20:34:11:110321,Front,KeyLog,KeyboardUI/Update,"{""c"":""C"",""position"":{""x"":0.0,""y"":0.0},""angle"":3.1415927410125734,""size_dots"":{""x"":0.0,""y"":0.0},""size_mm"":10.0}"
2025/12/01 20:34:11:112373,Front,KeyLog,KeyboardUI/Update,"{""c"":""V"",""position"":{""x"":0.0,""y"":0.0},""angle"":3.1415927410125734,""size_dots"":{""x"":0.0,""y"":0.0},""size_mm"":10.0}"
2025/12/01 20:34:11:113382,Front,KeyLog,KeyboardUI/Update,"{""c"":""B"",""position"":{""x"":0.0,""y"":0.0},""angle"":3.1415927410125734,""size_dots"":{""x"":0.0,""y"":0.0},""size_mm"":10.0}"
2025/12/01 20:34:11:114393,Front,KeyLog,KeyboardUI/Update,"{""c"":""N"",""position"":{""x"":0.0,""y"":0.0},""angle"":3.1415927410125734,""size_dots"":{""x"":0.0,""y"":0.0},""size_mm"":10.0}"
2025/12/01 20:34:11:114393,Front,KeyLog,KeyboardUI/Update,"{""c"":""M"",""position"":{""x"":0.0,""y"":0.0},""angle"":3.1415927410125734,""size_dots"":{""x"":0.0,""y"":0.0},""size_mm"":10.0}"
2025/12/01 20:34:11:114393,Front,KeyLog,KeyboardUI/Update,"{""c"":""#"",""position"":{""x"":0.0,""y"":0.0},""angle"":3.1415927410125734,""size_dots"":{""x"":0.0,""y"":0.0},""size_mm"":13.800000190734864}"
2025/12/01 20:34:11:115404,Front,KeyLog,KeyboardUI/Update,"{""c"":""&"",""position"":{""x"":0.0,""y"":0.0},""angle"":3.1415927410125734,""size_dots"":{""x"":0.0,""y"":0.0},""size_mm"":13.800000190734864}"
2025/12/01 20:34:11:116926,Front,KeyLog,KeyboardUI/Update,"{""c"":""%"",""position"":{""x"":0.0,""y"":0.0},""angle"":3.1415927410125734,""size_dots"":{""x"":0.0,""y"":0.0},""size_mm"":13.800000190734864}"
2025/12/01 20:34:11:141204,Front,ARMarkerLog,ARMarkerDetector/Update,"{""position"":[0.0,0.0],""angle"":0.0}"
2025/12/01 20:34:11:155428,Front,KeyLog,KeyboardUI/Update,"{""c"":""Q"",""position"":{""x"":0.0,""y"":0.0},""angle"":3.1415927410125734,""size_dots"":{""x"":0.0,""y"":0.0},""size_mm"":10.0}"
2025/12/01 20:34:11:156440,Front,KeyLog,KeyboardUI/Update,"{""c"":""W"",""position"":{""x"":0.0,""y"":0.0},""angle"":3.1415927410125734,""size_dots"":{""x"":0.0,""y"":0.0},""size_mm"":10.0}"
2025/12/01 20:34:11:156440,Front,KeyLog,KeyboardUI/Update,"{""c"":""E"",""position"":{""x"":0.0,""y"":0.0},""angle"":3.1415927410125734,""size_dots"":{""x"":0.0,""y"":0.0},""size_mm"":10.0}"
2025/12/01 20:34:11:156953,Front,KeyLog,KeyboardUI/Update,"{""c"":""R"",""position"":{""x"":0.0,""y"":0.0},""angle"":3.1415927410125734,""size_dots"":{""x"":0.0,""y"":0.0},""size_mm"":10.0}"
2025/12/01 20:34:11:157462,Front,KeyLog,KeyboardUI/Update,"{""c"":""T"",""position"":{""x"":0.0,""y"":0.0},""angle"":3.1415927410125734,""size_dots"":{""x"":0.0,""y"":0.0},""size_mm"":10.0}"
2025/12/01 20:34:11:157462,Front,KeyLog,KeyboardUI/Update,"{""c"":""Y"",""position"":{""x"":0.0,""y"":0.0},""angle"":3.1415927410125734,""size_dots"":{""x"":0.0,""y"":0.0},""size_mm"":10.0}"
2025/12/01 20:34:11:158501,Front,KeyLog,KeyboardUI/Update,"{""c"":""U"",""position"":{""x"":0.0,""y"":0.0},""angle"":3.1415927410125734,""size_dots"":{""x"":0.0,""y"":0.0},""size_mm"":10.0}"
2025/12/01 20:34:11:159512,Front,KeyLog,KeyboardUI/Update,"{""c"":""I"",""position"":{""x"":0.0,""y"":0.0},""angle"":3.1415927410125734,""size_dots"":{""x"":0.0,""y"":0.0},""size_mm"":10.0}"
2025/12/01 20:34:11:159512,Front,KeyLog,KeyboardUI/Update,"{""c"":""O"",""position"":{""x"":0.0,""y"":0.0},""angle"":3.1415927410125734,""size_dots"":{""x"":0.0,""y"":0.0},""size_mm"":10.0}"
2025/12/01 20:34:11:159512,Front,KeyLog,KeyboardUI/Update,"{""c"":""P"",""position"":{""x"":0.0,""y"":0.0},""angle"":3.1415927410125734,""size_dots"":{""x"":0.0,""y"":0.0},""size_mm"":10.0}"
2025/12/01 20:34:11:160019,Front,KeyLog,KeyboardUI/Update,"{""c"":""A"",""position"":{""x"":0.0,""y"":0.0},""angle"":3.1415927410125734,""size_dots"":{""x"":0.0,""y"":0.0},""size_mm"":10.0}"
2025/12/01 20:34:11:160019,Front,KeyLog,KeyboardUI/Update,"{""c"":""S"",""position"":{""x"":0.0,""y"":0.0},""angle"":3.1415927410125734,""size_dots"":{""x"":0.0,""y"":0.0},""size_mm"":10.0}"
2025/12/01 20:34:11:160019,Front,KeyLog,KeyboardUI/Update,"{""c"":""D"",""position"":{""x"":0.0,""y"":0.0},""angle"":3.1415927410125734,""size_dots"":{""x"":0.0,""y"":0.0},""size_mm"":10.0}"
2025/12/01 20:34:11:160019,Front,KeyLog,KeyboardUI/Update,"{""c"":""F"",""position"":{""x"":0.0,""y"":0.0},""angle"":3.1415927410125734,""size_dots"":{""x"":0.0,""y"":0.0},""size_mm"":10.0}"
2025/12/01 20:34:11:160528,Front,KeyLog,KeyboardUI/Update,"{""c"":""G"",""position"":{""x"":0.0,""y"":0.0},""angle"":3.1415927410125734,""size_dots"":{""x"":0.0,""y"":0.0},""size_mm"":10.0}"
2025/12/01 20:34:11:160528,Front,KeyLog,KeyboardUI/Update,"{""c"":""H"",""position"":{""x"":0.0,""y"":0.0},""angle"":3.1415927410125734,""size_dots"":{""x"":0.0,""y"":0.0},""size_mm"":10.0}"
2025/12/01 20:34:11:160528,Front,KeyLog,KeyboardUI/Update,"{""c"":""J"",""position"":{""x"":0.0,""y"":0.0},""angle"":3.1415927410125734,""size_dots"":{""x"":0.0,""y"":0.0},""size_mm"":10.0}"
2025/12/01 20:34:11:161539,Front,KeyLog,KeyboardUI/Update,"{""c"":""K"",""position"":{""x"":0.0,""y"":0.0},""angle"":3.1415927410125734,""size_dots"":{""x"":0.0,""y"":0.0},""size_mm"":10.0}"
2025/12/01 20:34:11:161539,Front,KeyLog,KeyboardUI/Update,"{""c"":""L"",""position"":{""x"":0.0,""y"":0.0},""angle"":3.1415927410125734,""size_dots"":{""x"":0.0,""y"":0.0},""size_mm"":10.0}"
2025/12/01 20:34:11:162549,Front,KeyLog,KeyboardUI/Update,"{""c"":""Z"",""position"":{""x"":0.0,""y"":0.0},""angle"":3.1415927410125734,""size_dots"":{""x"":0.0,""y"":0.0},""size_mm"":10.0}"
2025/12/01 20:34:11:163560,Front,KeyLog,KeyboardUI/Update,"{""c"":""X"",""position"":{""x"":0.0,""y"":0.0},""angle"":3.1415927410125734,""size_dots"":{""x"":0.0,""y"":0.0},""size_mm"":10.0}"
2025/12/01 20:34:11:163560,Front,KeyLog,KeyboardUI/Update,"{""c"":""C"",""position"":{""x"":0.0,""y"":0.0},""angle"":3.1415927410125734,""size_dots"":{""x"":0.0,""y"":0.0},""size_mm"":10.0}"
2025/12/01 20:34:11:163560,Front,KeyLog,KeyboardUI/Update,"{""c"":""V"",""position"":{""x"":0.0,""y"":0.0},""angle"":3.1415927410125734,""size_dots"":{""x"":0.0,""y"":0.0},""size_mm"":10.0}"
2025/12/01 20:34:11:164569,Front,KeyLog,KeyboardUI/Update,"{""c"":""B"",""position"":{""x"":0.0,""y"":0.0},""angle"":3.1415927410125734,""size_dots"":{""x"":0.0,""y"":0.0},""size_mm"":10.0}"
2025/12/01 20:34:11:165581,Front,KeyLog,KeyboardUI/Update,"{""c"":""N"",""position"":{""x"":0.0,""y"":0.0},""angle"":3.1415927410125734,""size_dots"":{""x"":0.0,""y"":0.0},""size_mm"":10.0}"
2025/12/01 20:34:11:166579,Front,KeyLog,KeyboardUI/Update,"{""c"":""M"",""position"":{""x"":0.0,""y"":0.0},""angle"":3.1415927410125734,""size_dots"":{""x"":0.0,""y"":0.0},""size_mm"":10.0}"
2025/12/01 20:34:11:168096,Front,KeyLog,KeyboardUI/Update,"{""c"":""#"",""position"":{""x"":0.0,""y"":0.0},""angle"":3.1415927410125734,""size_dots"":{""x"":0.0,""y"":0.0},""size_mm"":13.800000190734864}"
2025/12/01 20:34:11:168096,Front,KeyLog,KeyboardUI/Update,"{""c"":""&"",""position"":{""x"":0.0,""y"":0.0},""angle"":3.1415927410125734,""size_dots"":{""x"":0.0,""y"":0.0},""size_mm"":13.800000190734864}"
2025/12/01 20:34:11:169107,Front,KeyLog,KeyboardUI/Update,"{""c"":""%"",""position"":{""x"":0.0,""y"":0.0},""angle"":3.1415927410125734,""size_dots"":{""x"":0.0,""y"":0.0},""size_mm"":13.800000190734864}"
2025/12/01 20:34:11:190391,Front,ARMarkerLog,ARMarkerDetector/Update,"{""position"":[0.0,0.0],""angle"":0.0}"
2025/12/01 20:34:11:206597,Front,KeyLog,KeyboardUI/Update,"{""c"":""Q"",""position"":{""x"":0.0,""y"":0.0},""angle"":3.1415927410125734,""size_dots"":{""x"":0.0,""y"":0.0},""size_mm"":10.0}"
2025/12/01 20:34:11:207105,Front,KeyLog,KeyboardUI/Update,"{""c"":""W"",""position"":{""x"":0.0,""y"":0.0},""angle"":3.1415927410125734,""size_dots"":{""x"":0.0,""y"":0.0},""size_mm"":10.0}"
2025/12/01 20:34:11:207105,Front,KeyLog,KeyboardUI/Update,"{""c"":""E"",""position"":{""x"":0.0,""y"":0.0},""angle"":3.1415927410125734,""size_dots"":{""x"":0.0,""y"":0.0},""size_mm"":10.0}"
2025/12/01 20:34:11:208119,Front,KeyLog,KeyboardUI/Update,"{""c"":""R"",""position"":{""x"":0.0,""y"":0.0},""angle"":3.1415927410125734,""size_dots"":{""x"":0.0,""y"":0.0},""size_mm"":10.0}"
2025/12/01 20:34:11:208119,Front,KeyLog,KeyboardUI/Update,"{""c"":""T"",""position"":{""x"":0.0,""y"":0.0},""angle"":3.1415927410125734,""size_dots"":{""x"":0.0,""y"":0.0},""size_mm"":10.0}"
2025/12/01 20:34:11:208119,Front,KeyLog,KeyboardUI/Update,"{""c"":""Y"",""position"":{""x"":0.0,""y"":0.0},""angle"":3.1415927410125734,""size_dots"":{""x"":0.0,""y"":0.0},""size_mm"":10.0}"
2025/12/01 20:34:11:208119,Front,KeyLog,KeyboardUI/Update,"{""c"":""U"",""position"":{""x"":0.0,""y"":0.0},""angle"":3.1415927410125734,""size_dots"":{""x"":0.0,""y"":0.0},""size_mm"":10.0}"
2025/12/01 20:34:11:209136,Front,KeyLog,KeyboardUI/Update,"{""c"":""I"",""position"":{""x"":0.0,""y"":0.0},""angle"":3.1415927410125734,""size_dots"":{""x"":0.0,""y"":0.0},""size_mm"":10.0}"
2025/12/01 20:34:11:209136,Front,KeyLog,KeyboardUI/Update,"{""c"":""O"",""position"":{""x"":0.0,""y"":0.0},""angle"":3.1415927410125734,""size_dots"":{""x"":0.0,""y"":0.0},""size_mm"":10.0}"
2025/12/01 20:34:11:209136,Front,KeyLog,KeyboardUI/Update,"{""c"":""P"",""position"":{""x"":0.0,""y"":0.0},""angle"":3.1415927410125734,""size_dots"":{""x"":0.0,""y"":0.0},""size_mm"":10.0}"
2025/12/01 20:34:11:209136,Front,KeyLog,KeyboardUI/Update,"{""c"":""A"",""position"":{""x"":0.0,""y"":0.0},""angle"":3.1415927410125734,""size_dots"":{""x"":0.0,""y"":0.0},""size_mm"":10.0}"
2025/12/01 20:34:11:209136,Front,KeyLog,KeyboardUI/Update,"{""c"":""S"",""position"":{""x"":0.0,""y"":0.0},""angle"":3.1415927410125734,""size_dots"":{""x"":0.0,""y"":0.0},""size_mm"":10.0}"
2025/12/01 20:34:11:210148,Front,KeyLog,KeyboardUI/Update,"{""c"":""D"",""position"":{""x"":0.0,""y"":0.0},""angle"":3.1415927410125734,""size_dots"":{""x"":0.0,""y"":0.0},""size_mm"":10.0}"
2025/12/01 20:34:11:210148,Front,KeyLog,KeyboardUI/Update,"{""c"":""F"",""position"":{""x"":0.0,""y"":0.0},""angle"":3.1415927410125734,""size_dots"":{""x"":0.0,""y"":0.0},""size_mm"":10.0}"
2025/12/01 20:34:11:211157,Front,KeyLog,KeyboardUI/Update,"{""c"":""G"",""position"":{""x"":0.0,""y"":0.0},""angle"":3.1415927410125734,""size_dots"":{""x"":0.0,""y"":0.0},""size_mm"":10.0}"
2025/12/01 20:34:11:211157,Front,KeyLog,KeyboardUI/Update,"{""c"":""H"",""position"":{""x"":0.0,""y"":0.0},""angle"":3.1415927410125734,""size_dots"":{""x"":0.0,""y"":0.0},""size_mm"":10.0}"
2025/12/01 20:34:11:211157,Front,KeyLog,KeyboardUI/Update,"{""c"":""J"",""position"":{""x"":0.0,""y"":0.0},""angle"":3.1415927410125734,""size_dots"":{""x"":0.0,""y"":0.0},""size_mm"":10.0}"
2025/12/01 20:34:11:211157,Front,KeyLog,KeyboardUI/Update,"{""c"":""K"",""position"":{""x"":0.0,""y"":0.0},""angle"":3.1415927410125734,""size_dots"":{""x"":0.0,""y"":0.0},""size_mm"":10.0}"
2025/12/01 20:34:11:211157,Front,KeyLog,KeyboardUI/Update,"{""c"":""L"",""position"":{""x"":0.0,""y"":0.0},""angle"":3.1415927410125734,""size_dots"":{""x"":0.0,""y"":0.0},""size_mm"":10.0}"
2025/12/01 20:34:11:212167,Front,KeyLog,KeyboardUI/Update,"{""c"":""Z"",""position"":{""x"":0.0,""y"":0.0},""angle"":3.1415927410125734,""size_dots"":{""x"":0.0,""y"":0.0},""size_mm"":10.0}"
2025/12/01 20:34:11:212167,Front,KeyLog,KeyboardUI/Update,"{""c"":""X"",""position"":{""x"":0.0,""y"":0.0},""angle"":3.1415927410125734,""size_dots"":{""x"":0.0,""y"":0.0},""size_mm"":10.0}"
2025/12/01 20:34:11:212167,Front,KeyLog,KeyboardUI/Update,"{""c"":""C"",""position"":{""x"":0.0,""y"":0.0},""angle"":3.1415927410125734,""size_dots"":{""x"":0.0,""y"":0.0},""size_mm"":10.0}"
2025/12/01 20:34:11:213178,Front,KeyLog,KeyboardUI/Update,"{""c"":""V"",""position"":{""x"":0.0,""y"":0.0},""angle"":3.1415927410125734,""size_dots"":{""x"":0.0,""y"":0.0},""size_mm"":10.0}"
2025/12/01 20:34:11:213178,Front,KeyLog,KeyboardUI/Update,"{""c"":""B"",""position"":{""x"":0.0,""y"":0.0},""angle"":3.1415927410125734,""size_dots"":{""x"":0.0,""y"":0.0},""size_mm"":10.0}"
2025/12/01 20:34:11:214188,Front,KeyLog,KeyboardUI/Update,"{""c"":""N"",""position"":{""x"":0.0,""y"":0.0},""angle"":3.1415927410125734,""size_dots"":{""x"":0.0,""y"":0.0},""size_mm"":10.0}"
2025/12/01 20:34:11:214188,Front,KeyLog,KeyboardUI/Update,"{""c"":""M"",""position"":{""x"":0.0,""y"":0.0},""angle"":3.1415927410125734,""size_dots"":{""x"":0.0,""y"":0.0},""size_mm"":10.0}"
2025/12/01 20:34:11:214188,Front,KeyLog,KeyboardUI/Update,"{""c"":""#"",""position"":{""x"":0.0,""y"":0.0},""angle"":3.1415927410125734,""size_dots"":{""x"":0.0,""y"":0.0},""size_mm"":13.800000190734864}"
2025/12/01 20:34:11:214188,Front,KeyLog,KeyboardUI/Update,"{""c"":""&"",""position"":{""x"":0.0,""y"":0.0},""angle"":3.1415927410125734,""size_dots"":{""x"":0.0,""y"":0.0},""size_mm"":13.800000190734864}"
2025/12/01 20:34:11:214188,Front,KeyLog,KeyboardUI/Update,"{""c"":""%"",""position"":{""x"":0.0,""y"":0.0},""angle"":3.1415927410125734,""size_dots"":{""x"":0.0,""y"":0.0},""size_mm"":13.800000190734864}"
2025/12/01 20:34:11:225348,Front,ARMarkerLog,ARMarkerDetector/Update,"{""position"":[0.0,0.0],""angle"":0.0}"
2025/12/01 20:34:11:232439,Front,KeyLog,KeyboardUI/Update,"{""c"":""Q"",""position"":{""x"":0.0,""y"":0.0},""angle"":3.1415927410125734,""size_dots"":{""x"":0.0,""y"":0.0},""size_mm"":10.0}"
2025/12/01 20:34:11:233451,Front,KeyLog,KeyboardUI/Update,"{""c"":""W"",""position"":{""x"":0.0,""y"":0.0},""angle"":3.1415927410125734,""size_dots"":{""x"":0.0,""y"":0.0},""size_mm"":10.0}"
2025/12/01 20:34:11:233451,Front,KeyLog,KeyboardUI/Update,"{""c"":""E"",""position"":{""x"":0.0,""y"":0.0},""angle"":3.1415927410125734,""size_dots"":{""x"":0.0,""y"":0.0},""size_mm"":10.0}"
2025/12/01 20:34:11:233451,Front,KeyLog,KeyboardUI/Update,"{""c"":""R"",""position"":{""x"":0.0,""y"":0.0},""angle"":3.1415927410125734,""size_dots"":{""x"":0.0,""y"":0.0},""size_mm"":10.0}"
2025/12/01 20:34:11:233451,Front,KeyLog,KeyboardUI/Update,"{""c"":""T"",""position"":{""x"":0.0,""y"":0.0},""angle"":3.1415927410125734,""size_dots"":{""x"":0.0,""y"":0.0},""size_mm"":10.0}"
2025/12/01 20:34:11:234462,Front,KeyLog,KeyboardUI/Update,"{""c"":""Y"",""position"":{""x"":0.0,""y"":0.0},""angle"":3.1415927410125734,""size_dots"":{""x"":0.0,""y"":0.0},""size_mm"":10.0}"
2025/12/01 20:34:11:234462,Front,KeyLog,KeyboardUI/Update,"{""c"":""U"",""position"":{""x"":0.0,""y"":0.0},""angle"":3.1415927410125734,""size_dots"":{""x"":0.0,""y"":0.0},""size_mm"":10.0}"
2025/12/01 20:34:11:234462,Front,KeyLog,KeyboardUI/Update,"{""c"":""I"",""position"":{""x"":0.0,""y"":0.0},""angle"":3.1415927410125734,""size_dots"":{""x"":0.0,""y"":0.0},""size_mm"":10.0}"
2025/12/01 20:34:11:234462,Front,KeyLog,KeyboardUI/Update,"{""c"":""O"",""position"":{""x"":0.0,""y"":0.0},""angle"":3.1415927410125734,""size_dots"":{""x"":0.0,""y"":0.0},""size_mm"":10.0}"
2025/12/01 20:34:11:234462,Front,KeyLog,KeyboardUI/Update,"{""c"":""P"",""position"":{""x"":0.0,""y"":0.0},""angle"":3.1415927410125734,""size_dots"":{""x"":0.0,""y"":0.0},""size_mm"":10.0}"
2025/12/01 20:34:11:235482,Front,KeyLog,KeyboardUI/Update,"{""c"":""A"",""position"":{""x"":0.0,""y"":0.0},""angle"":3.1415927410125734,""size_dots"":{""x"":0.0,""y"":0.0},""size_mm"":10.0}"
2025/12/01 20:34:11:235482,Front,KeyLog,KeyboardUI/Update,"{""c"":""S"",""position"":{""x"":0.0,""y"":0.0},""angle"":3.1415927410125734,""size_dots"":{""x"":0.0,""y"":0.0},""size_mm"":10.0}"
2025/12/01 20:34:11:235482,Front,KeyLog,KeyboardUI/Update,"{""c"":""D"",""position"":{""x"":0.0,""y"":0.0},""angle"":3.1415927410125734,""size_dots"":{""x"":0.0,""y"":0.0},""size_mm"":10.0}"
2025/12/01 20:34:11:236482,Front,KeyLog,KeyboardUI/Update,"{""c"":""F"",""position"":{""x"":0.0,""y"":0.0},""angle"":3.1415927410125734,""size_dots"":{""x"":0.0,""y"":0.0},""size_mm"":10.0}"
2025/12/01 20:34:11:236482,Front,KeyLog,KeyboardUI/Update,"{""c"":""G"",""position"":{""x"":0.0,""y"":0.0},""angle"":3.1415927410125734,""size_dots"":{""x"":0.0,""y"":0.0},""size_mm"":10.0}"
2025/12/01 20:34:11:236482,Front,KeyLog,KeyboardUI/Update,"{""c"":""H"",""position"":{""x"":0.0,""y"":0.0},""angle"":3.1415927410125734,""size_dots"":{""x"":0.0,""y"":0.0},""size_mm"":10.0}"
2025/12/01 20:34:11:236986,Front,KeyLog,KeyboardUI/Update,"{""c"":""J"",""position"":{""x"":0.0,""y"":0.0},""angle"":3.1415927410125734,""size_dots"":{""x"":0.0,""y"":0.0},""size_mm"":10.0}"
2025/12/01 20:34:11:236986,Front,KeyLog,KeyboardUI/Update,"{""c"":""K"",""position"":{""x"":0.0,""y"":0.0},""angle"":3.1415927410125734,""size_dots"":{""x"":0.0,""y"":0.0},""size_mm"":10.0}"
2025/12/01 20:34:11:236986,Front,KeyLog,KeyboardUI/Update,"{""c"":""L"",""position"":{""x"":0.0,""y"":0.0},""angle"":3.1415927410125734,""size_dots"":{""x"":0.0,""y"":0.0},""size_mm"":10.0}"
2025/12/01 20:34:11:237995,Front,KeyLog,KeyboardUI/Update,"{""c"":""Z"",""position"":{""x"":0.0,""y"":0.0},""angle"":3.1415927410125734,""size_dots"":{""x"":0.0,""y"":0.0},""size_mm"":10.0}"
2025/12/01 20:34:11:237995,Front,KeyLog,KeyboardUI/Update,"{""c"":""X"",""position"":{""x"":0.0,""y"":0.0},""angle"":3.1415927410125734,""size_dots"":{""x"":0.0,""y"":0.0},""size_mm"":10.0}"
2025/12/01 20:34:11:237995,Front,KeyLog,KeyboardUI/Update,"{""c"":""C"",""position"":{""x"":0.0,""y"":0.0},""angle"":3.1415927410125734,""size_dots"":{""x"":0.0,""y"":0.0},""size_mm"":10.0}"
2025/12/01 20:34:11:237995,Front,KeyLog,KeyboardUI/Update,"{""c"":""V"",""position"":{""x"":0.0,""y"":0.0},""angle"":3.1415927410125734,""size_dots"":{""x"":0.0,""y"":0.0},""size_mm"":10.0}"
2025/12/01 20:34:11:239526,Front,KeyLog,KeyboardUI/Update,"{""c"":""B"",""position"":{""x"":0.0,""y"":0.0},""angle"":3.1415927410125734,""size_dots"":{""x"":0.0,""y"":0.0},""size_mm"":10.0}"
2025/12/01 20:34:11:240034,Front,KeyLog,KeyboardUI/Update,"{""c"":""N"",""position"":{""x"":0.0,""y"":0.0},""angle"":3.1415927410125734,""size_dots"":{""x"":0.0,""y"":0.0},""size_mm"":10.0}"
2025/12/01 20:34:11:240034,Front,KeyLog,KeyboardUI/Update,"{""c"":""M"",""position"":{""x"":0.0,""y"":0.0},""angle"":3.1415927410125734,""size_dots"":{""x"":0.0,""y"":0.0},""size_mm"":10.0}"
2025/12/01 20:34:11:240034,Front,KeyLog,KeyboardUI/Update,"{""c"":""#"",""position"":{""x"":0.0,""y"":0.0},""angle"":3.1415927410125734,""size_dots"":{""x"":0.0,""y"":0.0},""size_mm"":13.800000190734864}"
2025/12/01 20:34:11:240034,Front,KeyLog,KeyboardUI/Update,"{""c"":""&"",""position"":{""x"":0.0,""y"":0.0},""angle"":3.1415927410125734,""size_dots"":{""x"":0.0,""y"":0.0},""size_mm"":13.800000190734864}"
2025/12/01 20:34:11:240034,Front,KeyLog,KeyboardUI/Update,"{""c"":""%"",""position"":{""x"":0.0,""y"":0.0},""angle"":3.1415927410125734,""size_dots"":{""x"":0.0,""y"":0.0},""size_mm"":13.800000190734864}"
2025/12/01 20:34:11:249144,Front,ARMarkerLog,ARMarkerDetector/Update,"{""position"":[0.0,0.0],""angle"":0.0}"
2025/12/01 20:34:11:256771,Front,KeyLog,KeyboardUI/Update,"{""c"":""Q"",""position"":{""x"":0.0,""y"":0.0},""angle"":3.1415927410125734,""size_dots"":{""x"":0.0,""y"":0.0},""size_mm"":10.0}"
2025/12/01 20:34:11:257279,Front,KeyLog,KeyboardUI/Update,"{""c"":""W"",""position"":{""x"":0.0,""y"":0.0},""angle"":3.1415927410125734,""size_dots"":{""x"":0.0,""y"":0.0},""size_mm"":10.0}"
2025/12/01 20:34:11:258296,Front,KeyLog,KeyboardUI/Update,"{""c"":""E"",""position"":{""x"":0.0,""y"":0.0},""angle"":3.1415927410125734,""size_dots"":{""x"":0.0,""y"":0.0},""size_mm"":10.0}"
2025/12/01 20:34:11:258296,Front,KeyLog,KeyboardUI/Update,"{""c"":""R"",""position"":{""x"":0.0,""y"":0.0},""angle"":3.1415927410125734,""size_dots"":{""x"":0.0,""y"":0.0},""size_mm"":10.0}"
2025/12/01 20:34:11:258296,Front,KeyLog,KeyboardUI/Update,"{""c"":""T"",""position"":{""x"":0.0,""y"":0.0},""angle"":3.1415927410125734,""size_dots"":{""x"":0.0,""y"":0.0},""size_mm"":10.0}"
2025/12/01 20:34:11:258296,Front,KeyLog,KeyboardUI/Update,"{""c"":""Y"",""position"":{""x"":0.0,""y"":0.0},""angle"":3.1415927410125734,""size_dots"":{""x"":0.0,""y"":0.0},""size_mm"":10.0}"
2025/12/01 20:34:11:258296,Front,KeyLog,KeyboardUI/Update,"{""c"":""U"",""position"":{""x"":0.0,""y"":0.0},""angle"":3.1415927410125734,""size_dots"":{""x"":0.0,""y"":0.0},""size_mm"":10.0}"
2025/12/01 20:34:11:258296,Front,KeyLog,KeyboardUI/Update,"{""c"":""I"",""position"":{""x"":0.0,""y"":0.0},""angle"":3.1415927410125734,""size_dots"":{""x"":0.0,""y"":0.0},""size_mm"":10.0}"
2025/12/01 20:34:11:259320,Front,KeyLog,KeyboardUI/Update,"{""c"":""O"",""position"":{""x"":0.0,""y"":0.0},""angle"":3.1415927410125734,""size_dots"":{""x"":0.0,""y"":0.0},""size_mm"":10.0}"
2025/12/01 20:34:11:259320,Front,KeyLog,KeyboardUI/Update,"{""c"":""P"",""position"":{""x"":0.0,""y"":0.0},""angle"":3.1415927410125734,""size_dots"":{""x"":0.0,""y"":0.0},""size_mm"":10.0}"
2025/12/01 20:34:11:259320,Front,KeyLog,KeyboardUI/Update,"{""c"":""A"",""position"":{""x"":0.0,""y"":0.0},""angle"":3.1415927410125734,""size_dots"":{""x"":0.0,""y"":0.0},""size_mm"":10.0}"
2025/12/01 20:34:11:259320,Front,KeyLog,KeyboardUI/Update,"{""c"":""S"",""position"":{""x"":0.0,""y"":0.0},""angle"":3.1415927410125734,""size_dots"":{""x"":0.0,""y"":0.0},""size_mm"":10.0}"
2025/12/01 20:34:11:259320,Front,KeyLog,KeyboardUI/Update,"{""c"":""D"",""position"":{""x"":0.0,""y"":0.0},""angle"":3.1415927410125734,""size_dots"":{""x"":0.0,""y"":0.0},""size_mm"":10.0}"
2025/12/01 20:34:11:259320,Front,KeyLog,KeyboardUI/Update,"{""c"":""F"",""position"":{""x"":0.0,""y"":0.0},""angle"":3.1415927410125734,""size_dots"":{""x"":0.0,""y"":0.0},""size_mm"":10.0}"
2025/12/01 20:34:11:260320,Front,KeyLog,KeyboardUI/Update,"{""c"":""G"",""position"":{""x"":0.0,""y"":0.0},""angle"":3.1415927410125734,""size_dots"":{""x"":0.0,""y"":0.0},""size_mm"":10.0}"
2025/12/01 20:34:11:260320,Front,KeyLog,KeyboardUI/Update,"{""c"":""H"",""position"":{""x"":0.0,""y"":0.0},""angle"":3.1415927410125734,""size_dots"":{""x"":0.0,""y"":0.0},""size_mm"":10.0}"
2025/12/01 20:34:11:260824,Front,KeyLog,KeyboardUI/Update,"{""c"":""J"",""position"":{""x"":0.0,""y"":0.0},""angle"":3.1415927410125734,""size_dots"":{""x"":0.0,""y"":0.0},""size_mm"":10.0}"
2025/12/01 20:34:11:260824,Front,KeyLog,KeyboardUI/Update,"{""c"":""K"",""position"":{""x"":0.0,""y"":0.0},""angle"":3.1415927410125734,""size_dots"":{""x"":0.0,""y"":0.0},""size_mm"":10.0}"
2025/12/01 20:34:11:260824,Front,KeyLog,KeyboardUI/Update,"{""c"":""L"",""position"":{""x"":0.0,""y"":0.0},""angle"":3.1415927410125734,""size_dots"":{""x"":0.0,""y"":0.0},""size_mm"":10.0}"
2025/12/01 20:34:11:260824,Front,KeyLog,KeyboardUI/Update,"{""c"":""Z"",""position"":{""x"":0.0,""y"":0.0},""angle"":3.1415927410125734,""size_dots"":{""x"":0.0,""y"":0.0},""size_mm"":10.0}"
2025/12/01 20:34:11:261833,Front,KeyLog,KeyboardUI/Update,"{""c"":""X"",""position"":{""x"":0.0,""y"":0.0},""angle"":3.1415927410125734,""size_dots"":{""x"":0.0,""y"":0.0},""size_mm"":10.0}"
2025/12/01 20:34:11:261833,Front,KeyLog,KeyboardUI/Update,"{""c"":""C"",""position"":{""x"":0.0,""y"":0.0},""angle"":3.1415927410125734,""size_dots"":{""x"":0.0,""y"":0.0},""size_mm"":10.0}"
2025/12/01 20:34:11:262842,Front,KeyLog,KeyboardUI/Update,"{""c"":""V"",""position"":{""x"":0.0,""y"":0.0},""angle"":3.1415927410125734,""size_dots"":{""x"":0.0,""y"":0.0},""size_mm"":10.0}"
2025/12/01 20:34:11:262842,Front,KeyLog,KeyboardUI/Update,"{""c"":""B"",""position"":{""x"":0.0,""y"":0.0},""angle"":3.1415927410125734,""size_dots"":{""x"":0.0,""y"":0.0},""size_mm"":10.0}"
2025/12/01 20:34:11:262842,Front,KeyLog,KeyboardUI/Update,"{""c"":""N"",""position"":{""x"":0.0,""y"":0.0},""angle"":3.1415927410125734,""size_dots"":{""x"":0.0,""y"":0.0},""size_mm"":10.0}"
2025/12/01 20:34:11:262842,Front,KeyLog,KeyboardUI/Update,"{""c"":""M"",""position"":{""x"":0.0,""y"":0.0},""angle"":3.1415927410125734,""size_dots"":{""x"":0.0,""y"":0.0},""size_mm"":10.0}"
2025/12/01 20:34:11:262842,Front,KeyLog,KeyboardUI/Update,"{""c"":""#"",""position"":{""x"":0.0,""y"":0.0},""angle"":3.1415927410125734,""size_dots"":{""x"":0.0,""y"":0.0},""size_mm"":13.800000190734864}"
2025/12/01 20:34:11:263853,Front,KeyLog,KeyboardUI/Update,"{""c"":""&"",""position"":{""x"":0.0,""y"":0.0},""angle"":3.1415927410125734,""size_dots"":{""x"":0.0,""y"":0.0},""size_mm"":13.800000190734864}"
2025/12/01 20:34:11:263853,Front,KeyLog,KeyboardUI/Update,"{""c"":""%"",""position"":{""x"":0.0,""y"":0.0},""angle"":3.1415927410125734,""size_dots"":{""x"":0.0,""y"":0.0},""size_mm"":13.800000190734864}"
2025/12/01 20:34:11:272464,Front,ARMarkerLog,ARMarkerDetector/Update,"{""position"":[0.0,0.0],""angle"":0.0}"
2025/12/01 20:34:11:280043,Front,KeyLog,KeyboardUI/Update,"{""c"":""Q"",""position"":{""x"":0.0,""y"":0.0},""angle"":3.1415927410125734,""size_dots"":{""x"":0.0,""y"":0.0},""size_mm"":10.0}"
2025/12/01 20:34:11:281071,Front,KeyLog,KeyboardUI/Update,"{""c"":""W"",""position"":{""x"":0.0,""y"":0.0},""angle"":3.1415927410125734,""size_dots"":{""x"":0.0,""y"":0.0},""size_mm"":10.0}"
2025/12/01 20:34:11:281071,Front,KeyLog,KeyboardUI/Update,"{""c"":""E"",""position"":{""x"":0.0,""y"":0.0},""angle"":3.1415927410125734,""size_dots"":{""x"":0.0,""y"":0.0},""size_mm"":10.0}"
2025/12/01 20:34:11:281071,Front,KeyLog,KeyboardUI/Update,"{""c"":""R"",""position"":{""x"":0.0,""y"":0.0},""angle"":3.1415927410125734,""size_dots"":{""x"":0.0,""y"":0.0},""size_mm"":10.0}"
2025/12/01 20:34:11:281071,Front,KeyLog,KeyboardUI/Update,"{""c"":""T"",""position"":{""x"":0.0,""y"":0.0},""angle"":3.1415927410125734,""size_dots"":{""x"":0.0,""y"":0.0},""size_mm"":10.0}"
2025/12/01 20:34:11:281071,Front,KeyLog,KeyboardUI/Update,"{""c"":""Y"",""position"":{""x"":0.0,""y"":0.0},""angle"":3.1415927410125734,""size_dots"":{""x"":0.0,""y"":0.0},""size_mm"":10.0}"
2025/12/01 20:34:11:282083,Front,KeyLog,KeyboardUI/Update,"{""c"":""U"",""position"":{""x"":0.0,""y"":0.0},""angle"":3.1415927410125734,""size_dots"":{""x"":0.0,""y"":0.0},""size_mm"":10.0}"
2025/12/01 20:34:11:282083,Front,KeyLog,KeyboardUI/Update,"{""c"":""I"",""position"":{""x"":0.0,""y"":0.0},""angle"":3.1415927410125734,""size_dots"":{""x"":0.0,""y"":0.0},""size_mm"":10.0}"
2025/12/01 20:34:11:282083,Front,KeyLog,KeyboardUI/Update,"{""c"":""O"",""position"":{""x"":0.0,""y"":0.0},""angle"":3.1415927410125734,""size_dots"":{""x"":0.0,""y"":0.0},""size_mm"":10.0}"
2025/12/01 20:34:11:282083,Front,KeyLog,KeyboardUI/Update,"{""c"":""P"",""position"":{""x"":0.0,""y"":0.0},""angle"":3.1415927410125734,""size_dots"":{""x"":0.0,""y"":0.0},""size_mm"":10.0}"
2025/12/01 20:34:11:282083,Front,KeyLog,KeyboardUI/Update,"{""c"":""A"",""position"":{""x"":0.0,""y"":0.0},""angle"":3.1415927410125734,""size_dots"":{""x"":0.0,""y"":0.0},""size_mm"":10.0}"
2025/12/01 20:34:11:282083,Front,KeyLog,KeyboardUI/Update,"{""c"":""S"",""position"":{""x"":0.0,""y"":0.0},""angle"":3.1415927410125734,""size_dots"":{""x"":0.0,""y"":0.0},""size_mm"":10.0}"
2025/12/01 20:34:11:283093,Front,KeyLog,KeyboardUI/Update,"{""c"":""D"",""position"":{""x"":0.0,""y"":0.0},""angle"":3.1415927410125734,""size_dots"":{""x"":0.0,""y"":0.0},""size_mm"":10.0}"
2025/12/01 20:34:11:284108,Front,KeyLog,KeyboardUI/Update,"{""c"":""F"",""position"":{""x"":0.0,""y"":0.0},""angle"":3.1415927410125734,""size_dots"":{""x"":0.0,""y"":0.0},""size_mm"":10.0}"
2025/12/01 20:34:11:284108,Front,KeyLog,KeyboardUI/Update,"{""c"":""G"",""position"":{""x"":0.0,""y"":0.0},""angle"":3.1415927410125734,""size_dots"":{""x"":0.0,""y"":0.0},""size_mm"":10.0}"
2025/12/01 20:34:11:284108,Front,KeyLog,KeyboardUI/Update,"{""c"":""H"",""position"":{""x"":0.0,""y"":0.0},""angle"":3.1415927410125734,""size_dots"":{""x"":0.0,""y"":0.0},""size_mm"":10.0}"
2025/12/01 20:34:11:284108,Front,KeyLog,KeyboardUI/Update,"{""c"":""J"",""position"":{""x"":0.0,""y"":0.0},""angle"":3.1415927410125734,""size_dots"":{""x"":0.0,""y"":0.0},""size_mm"":10.0}"
2025/12/01 20:34:11:284108,Front,KeyLog,KeyboardUI/Update,"{""c"":""K"",""position"":{""x"":0.0,""y"":0.0},""angle"":3.1415927410125734,""size_dots"":{""x"":0.0,""y"":0.0},""size_mm"":10.0}"
2025/12/01 20:34:11:284108,Front,KeyLog,KeyboardUI/Update,"{""c"":""L"",""position"":{""x"":0.0,""y"":0.0},""angle"":3.1415927410125734,""size_dots"":{""x"":0.0,""y"":0.0},""size_mm"":10.0}"
2025/12/01 20:34:11:284108,Front,KeyLog,KeyboardUI/Update,"{""c"":""Z"",""position"":{""x"":0.0,""y"":0.0},""angle"":3.1415927410125734,""size_dots"":{""x"":0.0,""y"":0.0},""size_mm"":10.0}"
2025/12/01 20:34:11:284108,Front,KeyLog,KeyboardUI/Update,"{""c"":""X"",""position"":{""x"":0.0,""y"":0.0},""angle"":3.1415927410125734,""size_dots"":{""x"":0.0,""y"":0.0},""size_mm"":10.0}"
2025/12/01 20:34:11:286132,Front,KeyLog,KeyboardUI/Update,"{""c"":""C"",""position"":{""x"":0.0,""y"":0.0},""angle"":3.1415927410125734,""size_dots"":{""x"":0.0,""y"":0.0},""size_mm"":10.0}"
2025/12/01 20:34:11:286132,Front,KeyLog,KeyboardUI/Update,"{""c"":""V"",""position"":{""x"":0.0,""y"":0.0},""angle"":3.1415927410125734,""size_dots"":{""x"":0.0,""y"":0.0},""size_mm"":10.0}"
2025/12/01 20:34:11:286132,Front,KeyLog,KeyboardUI/Update,"{""c"":""B"",""position"":{""x"":0.0,""y"":0.0},""angle"":3.1415927410125734,""size_dots"":{""x"":0.0,""y"":0.0},""size_mm"":10.0}"
2025/12/01 20:34:11:286132,Front,KeyLog,KeyboardUI/Update,"{""c"":""N"",""position"":{""x"":0.0,""y"":0.0},""angle"":3.1415927410125734,""size_dots"":{""x"":0.0,""y"":0.0},""size_mm"":10.0}"
2025/12/01 20:34:11:286132,Front,KeyLog,KeyboardUI/Update,"{""c"":""M"",""position"":{""x"":0.0,""y"":0.0},""angle"":3.1415927410125734,""size_dots"":{""x"":0.0,""y"":0.0},""size_mm"":10.0}"
2025/12/01 20:34:11:286642,Front,KeyLog,KeyboardUI/Update,"{""c"":""#"",""position"":{""x"":0.0,""y"":0.0},""angle"":3.1415927410125734,""size_dots"":{""x"":0.0,""y"":0.0},""size_mm"":13.800000190734864}"
2025/12/01 20:34:11:286642,Front,KeyLog,KeyboardUI/Update,"{""c"":""&"",""position"":{""x"":0.0,""y"":0.0},""angle"":3.1415927410125734,""size_dots"":{""x"":0.0,""y"":0.0},""size_mm"":13.800000190734864}"
2025/12/01 20:34:11:286642,Front,KeyLog,KeyboardUI/Update,"{""c"":""%"",""position"":{""x"":0.0,""y"":0.0},""angle"":3.1415927410125734,""size_dots"":{""x"":0.0,""y"":0.0},""size_mm"":13.800000190734864}"
2025/12/01 20:34:11:295233,Front,ARMarkerLog,ARMarkerDetector/Update,"{""position"":[0.0,0.0],""angle"":0.0}"
2025/12/01 20:34:11:305374,Front,KeyLog,KeyboardUI/Update,"{""c"":""Q"",""position"":{""x"":0.0,""y"":0.0},""angle"":3.1415927410125734,""size_dots"":{""x"":0.0,""y"":0.0},""size_mm"":10.0}"
2025/12/01 20:34:11:306891,Front,KeyLog,KeyboardUI/Update,"{""c"":""W"",""position"":{""x"":0.0,""y"":0.0},""angle"":3.1415927410125734,""size_dots"":{""x"":0.0,""y"":0.0},""size_mm"":10.0}"
2025/12/01 20:34:11:306891,Front,KeyLog,KeyboardUI/Update,"{""c"":""E"",""position"":{""x"":0.0,""y"":0.0},""angle"":3.1415927410125734,""size_dots"":{""x"":0.0,""y"":0.0},""size_mm"":10.0}"
2025/12/01 20:34:11:307397,Front,KeyLog,KeyboardUI/Update,"{""c"":""R"",""position"":{""x"":0.0,""y"":0.0},""angle"":3.1415927410125734,""size_dots"":{""x"":0.0,""y"":0.0},""size_mm"":10.0}"
2025/12/01 20:34:11:307397,Front,KeyLog,KeyboardUI/Update,"{""c"":""T"",""position"":{""x"":0.0,""y"":0.0},""angle"":3.1415927410125734,""size_dots"":{""x"":0.0,""y"":0.0},""size_mm"":10.0}"
2025/12/01 20:34:11:307397,Front,KeyLog,KeyboardUI/Update,"{""c"":""Y"",""position"":{""x"":0.0,""y"":0.0},""angle"":3.1415927410125734,""size_dots"":{""x"":0.0,""y"":0.0},""size_mm"":10.0}"
2025/12/01 20:34:11:308410,Front,KeyLog,KeyboardUI/Update,"{""c"":""U"",""position"":{""x"":0.0,""y"":0.0},""angle"":3.1415927410125734,""size_dots"":{""x"":0.0,""y"":0.0},""size_mm"":10.0}"
2025/12/01 20:34:11:308410,Front,KeyLog,KeyboardUI/Update,"{""c"":""I"",""position"":{""x"":0.0,""y"":0.0},""angle"":3.1415927410125734,""size_dots"":{""x"":0.0,""y"":0.0},""size_mm"":10.0}"
2025/12/01 20:34:11:308410,Front,KeyLog,KeyboardUI/Update,"{""c"":""O"",""position"":{""x"":0.0,""y"":0.0},""angle"":3.1415927410125734,""size_dots"":{""x"":0.0,""y"":0.0},""size_mm"":10.0}"
2025/12/01 20:34:11:308410,Front,KeyLog,KeyboardUI/Update,"{""c"":""P"",""position"":{""x"":0.0,""y"":0.0},""angle"":3.1415927410125734,""size_dots"":{""x"":0.0,""y"":0.0},""size_mm"":10.0}"
2025/12/01 20:34:11:308410,Front,KeyLog,KeyboardUI/Update,"{""c"":""A"",""position"":{""x"":0.0,""y"":0.0},""angle"":3.1415927410125734,""size_dots"":{""x"":0.0,""y"":0.0},""size_mm"":10.0}"
2025/12/01 20:34:11:308410,Front,KeyLog,KeyboardUI/Update,"{""c"":""S"",""position"":{""x"":0.0,""y"":0.0},""angle"":3.1415927410125734,""size_dots"":{""x"":0.0,""y"":0.0},""size_mm"":10.0}"
2025/12/01 20:34:11:308410,Front,KeyLog,KeyboardUI/Update,"{""c"":""D"",""position"":{""x"":0.0,""y"":0.0},""angle"":3.1415927410125734,""size_dots"":{""x"":0.0,""y"":0.0},""size_mm"":10.0}"
2025/12/01 20:34:11:308410,Front,KeyLog,KeyboardUI/Update,"{""c"":""F"",""position"":{""x"":0.0,""y"":0.0},""angle"":3.1415927410125734,""size_dots"":{""x"":0.0,""y"":0.0},""size_mm"":10.0}"
2025/12/01 20:34:11:308410,Front,KeyLog,KeyboardUI/Update,"{""c"":""G"",""position"":{""x"":0.0,""y"":0.0},""angle"":3.1415927410125734,""size_dots"":{""x"":0.0,""y"":0.0},""size_mm"":10.0}"
2025/12/01 20:34:11:309419,Front,KeyLog,KeyboardUI/Update,"{""c"":""H"",""position"":{""x"":0.0,""y"":0.0},""angle"":3.1415927410125734,""size_dots"":{""x"":0.0,""y"":0.0},""size_mm"":10.0}"
2025/12/01 20:34:11:309419,Front,KeyLog,KeyboardUI/Update,"{""c"":""J"",""position"":{""x"":0.0,""y"":0.0},""angle"":3.1415927410125734,""size_dots"":{""x"":0.0,""y"":0.0},""size_mm"":10.0}"
2025/12/01 20:34:11:309419,Front,KeyLog,KeyboardUI/Update,"{""c"":""K"",""position"":{""x"":0.0,""y"":0.0},""angle"":3.1415927410125734,""size_dots"":{""x"":0.0,""y"":0.0},""size_mm"":10.0}"
2025/12/01 20:34:11:310433,Front,KeyLog,KeyboardUI/Update,"{""c"":""L"",""position"":{""x"":0.0,""y"":0.0},""angle"":3.1415927410125734,""size_dots"":{""x"":0.0,""y"":0.0},""size_mm"":10.0}"
2025/12/01 20:34:11:310433,Front,KeyLog,KeyboardUI/Update,"{""c"":""Z"",""position"":{""x"":0.0,""y"":0.0},""angle"":3.1415927410125734,""size_dots"":{""x"":0.0,""y"":0.0},""size_mm"":10.0}"
2025/12/01 20:34:11:310433,Front,KeyLog,KeyboardUI/Update,"{""c"":""X"",""position"":{""x"":0.0,""y"":0.0},""angle"":3.1415927410125734,""size_dots"":{""x"":0.0,""y"":0.0},""size_mm"":10.0}"
2025/12/01 20:34:11:311482,Front,KeyLog,KeyboardUI/Update,"{""c"":""C"",""position"":{""x"":0.0,""y"":0.0},""angle"":3.1415927410125734,""size_dots"":{""x"":0.0,""y"":0.0},""size_mm"":10.0}"
2025/12/01 20:34:11:311482,Front,KeyLog,KeyboardUI/Update,"{""c"":""V"",""position"":{""x"":0.0,""y"":0.0},""angle"":3.1415927410125734,""size_dots"":{""x"":0.0,""y"":0.0},""size_mm"":10.0}"
2025/12/01 20:34:11:311482,Front,KeyLog,KeyboardUI/Update,"{""c"":""B"",""position"":{""x"":0.0,""y"":0.0},""angle"":3.1415927410125734,""size_dots"":{""x"":0.0,""y"":0.0},""size_mm"":10.0}"
2025/12/01 20:34:11:312494,Front,KeyLog,KeyboardUI/Update,"{""c"":""N"",""position"":{""x"":0.0,""y"":0.0},""angle"":3.1415927410125734,""size_dots"":{""x"":0.0,""y"":0.0},""size_mm"":10.0}"
2025/12/01 20:34:11:312494,Front,KeyLog,KeyboardUI/Update,"{""c"":""M"",""position"":{""x"":0.0,""y"":0.0},""angle"":3.1415927410125734,""size_dots"":{""x"":0.0,""y"":0.0},""size_mm"":10.0}"
2025/12/01 20:34:11:313502,Front,KeyLog,KeyboardUI/Update,"{""c"":""#"",""position"":{""x"":0.0,""y"":0.0},""angle"":3.1415927410125734,""size_dots"":{""x"":0.0,""y"":0.0},""size_mm"":13.800000190734864}"
2025/12/01 20:34:11:313502,Front,KeyLog,KeyboardUI/Update,"{""c"":""&"",""position"":{""x"":0.0,""y"":0.0},""angle"":3.1415927410125734,""size_dots"":{""x"":0.0,""y"":0.0},""size_mm"":13.800000190734864}"
2025/12/01 20:34:11:313502,Front,KeyLog,KeyboardUI/Update,"{""c"":""%"",""position"":{""x"":0.0,""y"":0.0},""angle"":3.1415927410125734,""size_dots"":{""x"":0.0,""y"":0.0},""size_mm"":13.800000190734864}"
2025/12/01 20:34:11:323108,Front,ARMarkerLog,ARMarkerDetector/Update,"{""position"":[0.0,0.0],""angle"":0.0}"
2025/12/01 20:34:11:333271,Front,KeyLog,KeyboardUI/Update,"{""c"":""Q"",""position"":{""x"":0.0,""y"":0.0},""angle"":3.1415927410125734,""size_dots"":{""x"":0.0,""y"":0.0},""size_mm"":10.0}"
2025/12/01 20:34:11:334281,Front,KeyLog,KeyboardUI/Update,"{""c"":""W"",""position"":{""x"":0.0,""y"":0.0},""angle"":3.1415927410125734,""size_dots"":{""x"":0.0,""y"":0.0},""size_mm"":10.0}"
2025/12/01 20:34:11:335288,Front,KeyLog,KeyboardUI/Update,"{""c"":""E"",""position"":{""x"":0.0,""y"":0.0},""angle"":3.1415927410125734,""size_dots"":{""x"":0.0,""y"":0.0},""size_mm"":10.0}"
2025/12/01 20:34:11:336298,Front,KeyLog,KeyboardUI/Update,"{""c"":""R"",""position"":{""x"":0.0,""y"":0.0},""angle"":3.1415927410125734,""size_dots"":{""x"":0.0,""y"":0.0},""size_mm"":10.0}"
2025/12/01 20:34:11:337315,Front,KeyLog,KeyboardUI/Update,"{""c"":""T"",""position"":{""x"":0.0,""y"":0.0},""angle"":3.1415927410125734,""size_dots"":{""x"":0.0,""y"":0.0},""size_mm"":10.0}"
2025/12/01 20:34:11:338325,Front,KeyLog,KeyboardUI/Update,"{""c"":""Y"",""position"":{""x"":0.0,""y"":0.0},""angle"":3.1415927410125734,""size_dots"":{""x"":0.0,""y"":0.0},""size_mm"":10.0}"
2025/12/01 20:34:11:338325,Front,KeyLog,KeyboardUI/Update,"{""c"":""U"",""position"":{""x"":0.0,""y"":0.0},""angle"":3.1415927410125734,""size_dots"":{""x"":0.0,""y"":0.0},""size_mm"":10.0}"
2025/12/01 20:34:11:339324,Front,KeyLog,KeyboardUI/Update,"{""c"":""I"",""position"":{""x"":0.0,""y"":0.0},""angle"":3.1415927410125734,""size_dots"":{""x"":0.0,""y"":0.0},""size_mm"":10.0}"
2025/12/01 20:34:11:339828,Front,KeyLog,KeyboardUI/Update,"{""c"":""O"",""position"":{""x"":0.0,""y"":0.0},""angle"":3.1415927410125734,""size_dots"":{""x"":0.0,""y"":0.0},""size_mm"":10.0}"
2025/12/01 20:34:11:340838,Front,KeyLog,KeyboardUI/Update,"{""c"":""P"",""position"":{""x"":0.0,""y"":0.0},""angle"":3.1415927410125734,""size_dots"":{""x"":0.0,""y"":0.0},""size_mm"":10.0}"
2025/12/01 20:34:11:341853,Front,KeyLog,KeyboardUI/Update,"{""c"":""A"",""position"":{""x"":0.0,""y"":0.0},""angle"":3.1415927410125734,""size_dots"":{""x"":0.0,""y"":0.0},""size_mm"":10.0}"
2025/12/01 20:34:11:342882,Front,KeyLog,KeyboardUI/Update,"{""c"":""S"",""position"":{""x"":0.0,""y"":0.0},""angle"":3.1415927410125734,""size_dots"":{""x"":0.0,""y"":0.0},""size_mm"":10.0}"
2025/12/01 20:34:11:343891,Front,KeyLog,KeyboardUI/Update,"{""c"":""D"",""position"":{""x"":0.0,""y"":0.0},""angle"":3.1415927410125734,""size_dots"":{""x"":0.0,""y"":0.0},""size_mm"":10.0}"
2025/12/01 20:34:11:343891,Front,KeyLog,KeyboardUI/Update,"{""c"":""F"",""position"":{""x"":0.0,""y"":0.0},""angle"":3.1415927410125734,""size_dots"":{""x"":0.0,""y"":0.0},""size_mm"":10.0}"
2025/12/01 20:34:11:343891,Front,KeyLog,KeyboardUI/Update,"{""c"":""G"",""position"":{""x"":0.0,""y"":0.0},""angle"":3.1415927410125734,""size_dots"":{""x"":0.0,""y"":0.0},""size_mm"":10.0}"
2025/12/01 20:34:11:344901,Front,KeyLog,KeyboardUI/Update,"{""c"":""H"",""position"":{""x"":0.0,""y"":0.0},""angle"":3.1415927410125734,""size_dots"":{""x"":0.0,""y"":0.0},""size_mm"":10.0}"
2025/12/01 20:34:11:345912,Front,KeyLog,KeyboardUI/Update,"{""c"":""J"",""position"":{""x"":0.0,""y"":0.0},""angle"":3.1415927410125734,""size_dots"":{""x"":0.0,""y"":0.0},""size_mm"":10.0}"
2025/12/01 20:34:11:346912,Front,KeyLog,KeyboardUI/Update,"{""c"":""K"",""position"":{""x"":0.0,""y"":0.0},""angle"":3.1415927410125734,""size_dots"":{""x"":0.0,""y"":0.0},""size_mm"":10.0}"
2025/12/01 20:34:11:347922,Front,KeyLog,KeyboardUI/Update,"{""c"":""L"",""position"":{""x"":0.0,""y"":0.0},""angle"":3.1415927410125734,""size_dots"":{""x"":0.0,""y"":0.0},""size_mm"":10.0}"
2025/12/01 20:34:11:348430,Front,KeyLog,KeyboardUI/Update,"{""c"":""Z"",""position"":{""x"":0.0,""y"":0.0},""angle"":3.1415927410125734,""size_dots"":{""x"":0.0,""y"":0.0},""size_mm"":10.0}"
2025/12/01 20:34:11:348430,Front,KeyLog,KeyboardUI/Update,"{""c"":""X"",""position"":{""x"":0.0,""y"":0.0},""angle"":3.1415927410125734,""size_dots"":{""x"":0.0,""y"":0.0},""size_mm"":10.0}"
2025/12/01 20:34:11:349437,Front,KeyLog,KeyboardUI/Update,"{""c"":""C"",""position"":{""x"":0.0,""y"":0.0},""angle"":3.1415927410125734,""size_dots"":{""x"":0.0,""y"":0.0},""size_mm"":10.0}"
2025/12/01 20:34:11:350450,Front,KeyLog,KeyboardUI/Update,"{""c"":""V"",""position"":{""x"":0.0,""y"":0.0},""angle"":3.1415927410125734,""size_dots"":{""x"":0.0,""y"":0.0},""size_mm"":10.0}"
2025/12/01 20:34:11:351465,Front,KeyLog,KeyboardUI/Update,"{""c"":""B"",""position"":{""x"":0.0,""y"":0.0},""angle"":3.1415927410125734,""size_dots"":{""x"":0.0,""y"":0.0},""size_mm"":10.0}"
2025/12/01 20:34:11:352485,Front,KeyLog,KeyboardUI/Update,"{""c"":""N"",""position"":{""x"":0.0,""y"":0.0},""angle"":3.1415927410125734,""size_dots"":{""x"":0.0,""y"":0.0},""size_mm"":10.0}"
2025/12/01 20:34:11:352485,Front,KeyLog,KeyboardUI/Update,"{""c"":""M"",""position"":{""x"":0.0,""y"":0.0},""angle"":3.1415927410125734,""size_dots"":{""x"":0.0,""y"":0.0},""size_mm"":10.0}"
2025/12/01 20:34:11:352485,Front,KeyLog,KeyboardUI/Update,"{""c"":""#"",""position"":{""x"":0.0,""y"":0.0},""angle"":3.1415927410125734,""size_dots"":{""x"":0.0,""y"":0.0},""size_mm"":13.800000190734864}"
2025/12/01 20:34:11:352485,Front,KeyLog,KeyboardUI/Update,"{""c"":""&"",""position"":{""x"":0.0,""y"":0.0},""angle"":3.1415927410125734,""size_dots"":{""x"":0.0,""y"":0.0},""size_mm"":13.800000190734864}"
2025/12/01 20:34:11:352485,Front,KeyLog,KeyboardUI/Update,"{""c"":""%"",""position"":{""x"":0.0,""y"":0.0},""angle"":3.1415927410125734,""size_dots"":{""x"":0.0,""y"":0.0},""size_mm"":13.800000190734864}"
2025/12/01 20:34:11:356542,Front,ARMarkerLog,ARMarkerDetector/Update,"{""position"":[0.0,0.0],""angle"":0.0}"
2025/12/01 20:34:11:372261,Front,KeyLog,KeyboardUI/Update,"{""c"":""Q"",""position"":{""x"":0.0,""y"":0.0},""angle"":3.1415927410125734,""size_dots"":{""x"":0.0,""y"":0.0},""size_mm"":10.0}"
2025/12/01 20:34:11:373314,Front,KeyLog,KeyboardUI/Update,"{""c"":""W"",""position"":{""x"":0.0,""y"":0.0},""angle"":3.1415927410125734,""size_dots"":{""x"":0.0,""y"":0.0},""size_mm"":10.0}"
2025/12/01 20:34:11:373314,Front,KeyLog,KeyboardUI/Update,"{""c"":""E"",""position"":{""x"":0.0,""y"":0.0},""angle"":3.1415927410125734,""size_dots"":{""x"":0.0,""y"":0.0},""size_mm"":10.0}"
2025/12/01 20:34:11:373314,Front,KeyLog,KeyboardUI/Update,"{""c"":""R"",""position"":{""x"":0.0,""y"":0.0},""angle"":3.1415927410125734,""size_dots"":{""x"":0.0,""y"":0.0},""size_mm"":10.0}"
2025/12/01 20:34:11:373314,Front,KeyLog,KeyboardUI/Update,"{""c"":""T"",""position"":{""x"":0.0,""y"":0.0},""angle"":3.1415927410125734,""size_dots"":{""x"":0.0,""y"":0.0},""size_mm"":10.0}"
2025/12/01 20:34:11:373314,Front,KeyLog,KeyboardUI/Update,"{""c"":""Y"",""position"":{""x"":0.0,""y"":0.0},""angle"":3.1415927410125734,""size_dots"":{""x"":0.0,""y"":0.0},""size_mm"":10.0}"
2025/12/01 20:34:11:374323,Front,KeyLog,KeyboardUI/Update,"{""c"":""U"",""position"":{""x"":0.0,""y"":0.0},""angle"":3.1415927410125734,""size_dots"":{""x"":0.0,""y"":0.0},""size_mm"":10.0}"
2025/12/01 20:34:11:374323,Front,KeyLog,KeyboardUI/Update,"{""c"":""I"",""position"":{""x"":0.0,""y"":0.0},""angle"":3.1415927410125734,""size_dots"":{""x"":0.0,""y"":0.0},""size_mm"":10.0}"
2025/12/01 20:34:11:374323,Front,KeyLog,KeyboardUI/Update,"{""c"":""O"",""position"":{""x"":0.0,""y"":0.0},""angle"":3.1415927410125734,""size_dots"":{""x"":0.0,""y"":0.0},""size_mm"":10.0}"
2025/12/01 20:34:11:375334,Front,KeyLog,KeyboardUI/Update,"{""c"":""P"",""position"":{""x"":0.0,""y"":0.0},""angle"":3.1415927410125734,""size_dots"":{""x"":0.0,""y"":0.0},""size_mm"":10.0}"
2025/12/01 20:34:11:376349,Front,KeyLog,KeyboardUI/Update,"{""c"":""A"",""position"":{""x"":0.0,""y"":0.0},""angle"":3.1415927410125734,""size_dots"":{""x"":0.0,""y"":0.0},""size_mm"":10.0}"
2025/12/01 20:34:11:376861,Front,KeyLog,KeyboardUI/Update,"{""c"":""S"",""position"":{""x"":0.0,""y"":0.0},""angle"":3.1415927410125734,""size_dots"":{""x"":0.0,""y"":0.0},""size_mm"":10.0}"
2025/12/01 20:34:11:376861,Front,KeyLog,KeyboardUI/Update,"{""c"":""D"",""position"":{""x"":0.0,""y"":0.0},""angle"":3.1415927410125734,""size_dots"":{""x"":0.0,""y"":0.0},""size_mm"":10.0}"
2025/12/01 20:34:11:376861,Front,KeyLog,KeyboardUI/Update,"{""c"":""F"",""position"":{""x"":0.0,""y"":0.0},""angle"":3.1415927410125734,""size_dots"":{""x"":0.0,""y"":0.0},""size_mm"":10.0}"
2025/12/01 20:34:11:376861,Front,KeyLog,KeyboardUI/Update,"{""c"":""G"",""position"":{""x"":0.0,""y"":0.0},""angle"":3.1415927410125734,""size_dots"":{""x"":0.0,""y"":0.0},""size_mm"":10.0}"
2025/12/01 20:34:11:377368,Front,KeyLog,KeyboardUI/Update,"{""c"":""H"",""position"":{""x"":0.0,""y"":0.0},""angle"":3.1415927410125734,""size_dots"":{""x"":0.0,""y"":0.0},""size_mm"":10.0}"
2025/12/01 20:34:11:377368,Front,KeyLog,KeyboardUI/Update,"{""c"":""J"",""position"":{""x"":0.0,""y"":0.0},""angle"":3.1415927410125734,""size_dots"":{""x"":0.0,""y"":0.0},""size_mm"":10.0}"
2025/12/01 20:34:11:377368,Front,KeyLog,KeyboardUI/Update,"{""c"":""K"",""position"":{""x"":0.0,""y"":0.0},""angle"":3.1415927410125734,""size_dots"":{""x"":0.0,""y"":0.0},""size_mm"":10.0}"
2025/12/01 20:34:11:378384,Front,KeyLog,KeyboardUI/Update,"{""c"":""L"",""position"":{""x"":0.0,""y"":0.0},""angle"":3.1415927410125734,""size_dots"":{""x"":0.0,""y"":0.0},""size_mm"":10.0}"
2025/12/01 20:34:11:378384,Front,KeyLog,KeyboardUI/Update,"{""c"":""Z"",""position"":{""x"":0.0,""y"":0.0},""angle"":3.1415927410125734,""size_dots"":{""x"":0.0,""y"":0.0},""size_mm"":10.0}"
2025/12/01 20:34:11:378384,Front,KeyLog,KeyboardUI/Update,"{""c"":""X"",""position"":{""x"":0.0,""y"":0.0},""angle"":3.1415927410125734,""size_dots"":{""x"":0.0,""y"":0.0},""size_mm"":10.0}"
2025/12/01 20:34:11:378384,Front,KeyLog,KeyboardUI/Update,"{""c"":""C"",""position"":{""x"":0.0,""y"":0.0},""angle"":3.1415927410125734,""size_dots"":{""x"":0.0,""y"":0.0},""size_mm"":10.0}"
2025/12/01 20:34:11:378384,Front,KeyLog,KeyboardUI/Update,"{""c"":""V"",""position"":{""x"":0.0,""y"":0.0},""angle"":3.1415927410125734,""size_dots"":{""x"":0.0,""y"":0.0},""size_mm"":10.0}"
2025/12/01 20:34:11:378384,Front,KeyLog,KeyboardUI/Update,"{""c"":""B"",""position"":{""x"":0.0,""y"":0.0},""angle"":3.1415927410125734,""size_dots"":{""x"":0.0,""y"":0.0},""size_mm"":10.0}"
2025/12/01 20:34:11:378384,Front,KeyLog,KeyboardUI/Update,"{""c"":""N"",""position"":{""x"":0.0,""y"":0.0},""angle"":3.1415927410125734,""size_dots"":{""x"":0.0,""y"":0.0},""size_mm"":10.0}"
2025/12/01 20:34:11:379391,Front,KeyLog,KeyboardUI/Update,"{""c"":""M"",""position"":{""x"":0.0,""y"":0.0},""angle"":3.1415927410125734,""size_dots"":{""x"":0.0,""y"":0.0},""size_mm"":10.0}"
2025/12/01 20:34:11:379391,Front,KeyLog,KeyboardUI/Update,"{""c"":""#"",""position"":{""x"":0.0,""y"":0.0},""angle"":3.1415927410125734,""size_dots"":{""x"":0.0,""y"":0.0},""size_mm"":13.800000190734864}"
2025/12/01 20:34:11:380401,Front,KeyLog,KeyboardUI/Update,"{""c"":""&"",""position"":{""x"":0.0,""y"":0.0},""angle"":3.1415927410125734,""size_dots"":{""x"":0.0,""y"":0.0},""size_mm"":13.800000190734864}"
2025/12/01 20:34:11:380401,Front,KeyLog,KeyboardUI/Update,"{""c"":""%"",""position"":{""x"":0.0,""y"":0.0},""angle"":3.1415927410125734,""size_dots"":{""x"":0.0,""y"":0.0},""size_mm"":13.800000190734864}"
2025/12/01 20:34:11:390026,Front,ARMarkerLog,ARMarkerDetector/Update,"{""position"":[0.0,0.0],""angle"":0.0}"
2025/12/01 20:34:11:399230,Front,KeyLog,KeyboardUI/Update,"{""c"":""Q"",""position"":{""x"":0.0,""y"":0.0},""angle"":3.1415927410125734,""size_dots"":{""x"":0.0,""y"":0.0},""size_mm"":10.0}"
2025/12/01 20:34:11:400246,Front,KeyLog,KeyboardUI/Update,"{""c"":""W"",""position"":{""x"":0.0,""y"":0.0},""angle"":3.1415927410125734,""size_dots"":{""x"":0.0,""y"":0.0},""size_mm"":10.0}"
2025/12/01 20:34:11:401259,Front,KeyLog,KeyboardUI/Update,"{""c"":""E"",""position"":{""x"":0.0,""y"":0.0},""angle"":3.1415927410125734,""size_dots"":{""x"":0.0,""y"":0.0},""size_mm"":10.0}"
2025/12/01 20:34:11:402269,Front,KeyLog,KeyboardUI/Update,"{""c"":""R"",""position"":{""x"":0.0,""y"":0.0},""angle"":3.1415927410125734,""size_dots"":{""x"":0.0,""y"":0.0},""size_mm"":10.0}"
2025/12/01 20:34:11:403279,Front,KeyLog,KeyboardUI/Update,"{""c"":""T"",""position"":{""x"":0.0,""y"":0.0},""angle"":3.1415927410125734,""size_dots"":{""x"":0.0,""y"":0.0},""size_mm"":10.0}"
2025/12/01 20:34:11:404325,Front,KeyLog,KeyboardUI/Update,"{""c"":""Y"",""position"":{""x"":0.0,""y"":0.0},""angle"":3.1415927410125734,""size_dots"":{""x"":0.0,""y"":0.0},""size_mm"":10.0}"
2025/12/01 20:34:11:404325,Front,KeyLog,KeyboardUI/Update,"{""c"":""U"",""position"":{""x"":0.0,""y"":0.0},""angle"":3.1415927410125734,""size_dots"":{""x"":0.0,""y"":0.0},""size_mm"":10.0}"
2025/12/01 20:34:11:404325,Front,KeyLog,KeyboardUI/Update,"{""c"":""I"",""position"":{""x"":0.0,""y"":0.0},""angle"":3.1415927410125734,""size_dots"":{""x"":0.0,""y"":0.0},""size_mm"":10.0}"
2025/12/01 20:34:11:405334,Front,KeyLog,KeyboardUI/Update,"{""c"":""O"",""position"":{""x"":0.0,""y"":0.0},""angle"":3.1415927410125734,""size_dots"":{""x"":0.0,""y"":0.0},""size_mm"":10.0}"
2025/12/01 20:34:11:406852,Front,KeyLog,KeyboardUI/Update,"{""c"":""P"",""position"":{""x"":0.0,""y"":0.0},""angle"":3.1415927410125734,""size_dots"":{""x"":0.0,""y"":0.0},""size_mm"":10.0}"
2025/12/01 20:34:11:407361,Front,KeyLog,KeyboardUI/Update,"{""c"":""A"",""position"":{""x"":0.0,""y"":0.0},""angle"":3.1415927410125734,""size_dots"":{""x"":0.0,""y"":0.0},""size_mm"":10.0}"
2025/12/01 20:34:11:408371,Front,KeyLog,KeyboardUI/Update,"{""c"":""S"",""position"":{""x"":0.0,""y"":0.0},""angle"":3.1415927410125734,""size_dots"":{""x"":0.0,""y"":0.0},""size_mm"":10.0}"
2025/12/01 20:34:11:409387,Front,KeyLog,KeyboardUI/Update,"{""c"":""D"",""position"":{""x"":0.0,""y"":0.0},""angle"":3.1415927410125734,""size_dots"":{""x"":0.0,""y"":0.0},""size_mm"":10.0}"
2025/12/01 20:34:11:410398,Front,KeyLog,KeyboardUI/Update,"{""c"":""F"",""position"":{""x"":0.0,""y"":0.0},""angle"":3.1415927410125734,""size_dots"":{""x"":0.0,""y"":0.0},""size_mm"":10.0}"
2025/12/01 20:34:11:410398,Front,KeyLog,KeyboardUI/Update,"{""c"":""G"",""position"":{""x"":0.0,""y"":0.0},""angle"":3.1415927410125734,""size_dots"":{""x"":0.0,""y"":0.0},""size_mm"":10.0}"
2025/12/01 20:34:11:410398,Front,KeyLog,KeyboardUI/Update,"{""c"":""H"",""position"":{""x"":0.0,""y"":0.0},""angle"":3.1415927410125734,""size_dots"":{""x"":0.0,""y"":0.0},""size_mm"":10.0}"
2025/12/01 20:34:11:410398,Front,KeyLog,KeyboardUI/Update,"{""c"":""J"",""position"":{""x"":0.0,""y"":0.0},""angle"":3.1415927410125734,""size_dots"":{""x"":0.0,""y"":0.0},""size_mm"":10.0}"
2025/12/01 20:34:11:410398,Front,KeyLog,KeyboardUI/Update,"{""c"":""K"",""position"":{""x"":0.0,""y"":0.0},""angle"":3.1415927410125734,""size_dots"":{""x"":0.0,""y"":0.0},""size_mm"":10.0}"
2025/12/01 20:34:11:410398,Front,KeyLog,KeyboardUI/Update,"{""c"":""L"",""position"":{""x"":0.0,""y"":0.0},""angle"":3.1415927410125734,""size_dots"":{""x"":0.0,""y"":0.0},""size_mm"":10.0}"
2025/12/01 20:34:11:410398,Front,KeyLog,KeyboardUI/Update,"{""c"":""Z"",""position"":{""x"":0.0,""y"":0.0},""angle"":3.1415927410125734,""size_dots"":{""x"":0.0,""y"":0.0},""size_mm"":10.0}"
2025/12/01 20:34:11:410398,Front,KeyLog,KeyboardUI/Update,"{""c"":""X"",""position"":{""x"":0.0,""y"":0.0},""angle"":3.1415927410125734,""size_dots"":{""x"":0.0,""y"":0.0},""size_mm"":10.0}"
2025/12/01 20:34:11:410398,Front,KeyLog,KeyboardUI/Update,"{""c"":""C"",""position"":{""x"":0.0,""y"":0.0},""angle"":3.1415927410125734,""size_dots"":{""x"":0.0,""y"":0.0},""size_mm"":10.0}"
2025/12/01 20:34:11:411408,Front,KeyLog,KeyboardUI/Update,"{""c"":""V"",""position"":{""x"":0.0,""y"":0.0},""angle"":3.1415927410125734,""size_dots"":{""x"":0.0,""y"":0.0},""size_mm"":10.0}"
2025/12/01 20:34:11:411408,Front,KeyLog,KeyboardUI/Update,"{""c"":""B"",""position"":{""x"":0.0,""y"":0.0},""angle"":3.1415927410125734,""size_dots"":{""x"":0.0,""y"":0.0},""size_mm"":10.0}"
2025/12/01 20:34:11:411408,Front,KeyLog,KeyboardUI/Update,"{""c"":""N"",""position"":{""x"":0.0,""y"":0.0},""angle"":3.1415927410125734,""size_dots"":{""x"":0.0,""y"":0.0},""size_mm"":10.0}"
2025/12/01 20:34:11:411408,Front,KeyLog,KeyboardUI/Update,"{""c"":""M"",""position"":{""x"":0.0,""y"":0.0},""angle"":3.1415927410125734,""size_dots"":{""x"":0.0,""y"":0.0},""size_mm"":10.0}"
2025/12/01 20:34:11:411408,Front,KeyLog,KeyboardUI/Update,"{""c"":""#"",""position"":{""x"":0.0,""y"":0.0},""angle"":3.1415927410125734,""size_dots"":{""x"":0.0,""y"":0.0},""size_mm"":13.800000190734864}"
2025/12/01 20:34:11:411408,Front,KeyLog,KeyboardUI/Update,"{""c"":""&"",""position"":{""x"":0.0,""y"":0.0},""angle"":3.1415927410125734,""size_dots"":{""x"":0.0,""y"":0.0},""size_mm"":13.800000190734864}"
2025/12/01 20:34:11:411408,Front,KeyLog,KeyboardUI/Update,"{""c"":""%"",""position"":{""x"":0.0,""y"":0.0},""angle"":3.1415927410125734,""size_dots"":{""x"":0.0,""y"":0.0},""size_mm"":13.800000190734864}"
2025/12/01 20:34:11:416457,Front,ARMarkerLog,ARMarkerDetector/Update,"{""position"":[0.0,0.0],""angle"":0.0}"
2025/12/01 20:34:11:423073,Front,KeyLog,KeyboardUI/Update,"{""c"":""Q"",""position"":{""x"":0.0,""y"":0.0},""angle"":3.1415927410125734,""size_dots"":{""x"":0.0,""y"":0.0},""size_mm"":10.0}"
2025/12/01 20:34:11:423073,Front,KeyLog,KeyboardUI/Update,"{""c"":""W"",""position"":{""x"":0.0,""y"":0.0},""angle"":3.1415927410125734,""size_dots"":{""x"":0.0,""y"":0.0},""size_mm"":10.0}"
2025/12/01 20:34:11:424082,Front,KeyLog,KeyboardUI/Update,"{""c"":""E"",""position"":{""x"":0.0,""y"":0.0},""angle"":3.1415927410125734,""size_dots"":{""x"":0.0,""y"":0.0},""size_mm"":10.0}"
2025/12/01 20:34:11:424082,Front,KeyLog,KeyboardUI/Update,"{""c"":""R"",""position"":{""x"":0.0,""y"":0.0},""angle"":3.1415927410125734,""size_dots"":{""x"":0.0,""y"":0.0},""size_mm"":10.0}"
2025/12/01 20:34:11:424082,Front,KeyLog,KeyboardUI/Update,"{""c"":""T"",""position"":{""x"":0.0,""y"":0.0},""angle"":3.1415927410125734,""size_dots"":{""x"":0.0,""y"":0.0},""size_mm"":10.0}"
2025/12/01 20:34:11:424082,Front,KeyLog,KeyboardUI/Update,"{""c"":""Y"",""position"":{""x"":0.0,""y"":0.0},""angle"":3.1415927410125734,""size_dots"":{""x"":0.0,""y"":0.0},""size_mm"":10.0}"
2025/12/01 20:34:11:425099,Front,KeyLog,KeyboardUI/Update,"{""c"":""U"",""position"":{""x"":0.0,""y"":0.0},""angle"":3.1415927410125734,""size_dots"":{""x"":0.0,""y"":0.0},""size_mm"":10.0}"
2025/12/01 20:34:11:425099,Front,KeyLog,KeyboardUI/Update,"{""c"":""I"",""position"":{""x"":0.0,""y"":0.0},""angle"":3.1415927410125734,""size_dots"":{""x"":0.0,""y"":0.0},""size_mm"":10.0}"
2025/12/01 20:34:11:425099,Front,KeyLog,KeyboardUI/Update,"{""c"":""O"",""position"":{""x"":0.0,""y"":0.0},""angle"":3.1415927410125734,""size_dots"":{""x"":0.0,""y"":0.0},""size_mm"":10.0}"
2025/12/01 20:34:11:426112,Front,KeyLog,KeyboardUI/Update,"{""c"":""P"",""position"":{""x"":0.0,""y"":0.0},""angle"":3.1415927410125734,""size_dots"":{""x"":0.0,""y"":0.0},""size_mm"":10.0}"
2025/12/01 20:34:11:426112,Front,KeyLog,KeyboardUI/Update,"{""c"":""A"",""position"":{""x"":0.0,""y"":0.0},""angle"":3.1415927410125734,""size_dots"":{""x"":0.0,""y"":0.0},""size_mm"":10.0}"
2025/12/01 20:34:11:426624,Front,KeyLog,KeyboardUI/Update,"{""c"":""S"",""position"":{""x"":0.0,""y"":0.0},""angle"":3.1415927410125734,""size_dots"":{""x"":0.0,""y"":0.0},""size_mm"":10.0}"
2025/12/01 20:34:11:426624,Front,KeyLog,KeyboardUI/Update,"{""c"":""D"",""position"":{""x"":0.0,""y"":0.0},""angle"":3.1415927410125734,""size_dots"":{""x"":0.0,""y"":0.0},""size_mm"":10.0}"
2025/12/01 20:34:11:427132,Front,KeyLog,KeyboardUI/Update,"{""c"":""F"",""position"":{""x"":0.0,""y"":0.0},""angle"":3.1415927410125734,""size_dots"":{""x"":0.0,""y"":0.0},""size_mm"":10.0}"
2025/12/01 20:34:11:427132,Front,KeyLog,KeyboardUI/Update,"{""c"":""G"",""position"":{""x"":0.0,""y"":0.0},""angle"":3.1415927410125734,""size_dots"":{""x"":0.0,""y"":0.0},""size_mm"":10.0}"
2025/12/01 20:34:11:428144,Front,KeyLog,KeyboardUI/Update,"{""c"":""H"",""position"":{""x"":0.0,""y"":0.0},""angle"":3.1415927410125734,""size_dots"":{""x"":0.0,""y"":0.0},""size_mm"":10.0}"
2025/12/01 20:34:11:428144,Front,KeyLog,KeyboardUI/Update,"{""c"":""J"",""position"":{""x"":0.0,""y"":0.0},""angle"":3.1415927410125734,""size_dots"":{""x"":0.0,""y"":0.0},""size_mm"":10.0}"
2025/12/01 20:34:11:428144,Front,KeyLog,KeyboardUI/Update,"{""c"":""K"",""position"":{""x"":0.0,""y"":0.0},""angle"":3.1415927410125734,""size_dots"":{""x"":0.0,""y"":0.0},""size_mm"":10.0}"
2025/12/01 20:34:11:429156,Front,KeyLog,KeyboardUI/Update,"{""c"":""L"",""position"":{""x"":0.0,""y"":0.0},""angle"":3.1415927410125734,""size_dots"":{""x"":0.0,""y"":0.0},""size_mm"":10.0}"
2025/12/01 20:34:11:429156,Front,KeyLog,KeyboardUI/Update,"{""c"":""Z"",""position"":{""x"":0.0,""y"":0.0},""angle"":3.1415927410125734,""size_dots"":{""x"":0.0,""y"":0.0},""size_mm"":10.0}"
2025/12/01 20:34:11:429156,Front,KeyLog,KeyboardUI/Update,"{""c"":""X"",""position"":{""x"":0.0,""y"":0.0},""angle"":3.1415927410125734,""size_dots"":{""x"":0.0,""y"":0.0},""size_mm"":10.0}"
2025/12/01 20:34:11:429156,Front,KeyLog,KeyboardUI/Update,"{""c"":""C"",""position"":{""x"":0.0,""y"":0.0},""angle"":3.1415927410125734,""size_dots"":{""x"":0.0,""y"":0.0},""size_mm"":10.0}"
2025/12/01 20:34:11:429156,Front,KeyLog,KeyboardUI/Update,"{""c"":""V"",""position"":{""x"":0.0,""y"":0.0},""angle"":3.1415927410125734,""size_dots"":{""x"":0.0,""y"":0.0},""size_mm"":10.0}"
2025/12/01 20:34:11:429156,Front,KeyLog,KeyboardUI/Update,"{""c"":""B"",""position"":{""x"":0.0,""y"":0.0},""angle"":3.1415927410125734,""size_dots"":{""x"":0.0,""y"":0.0},""size_mm"":10.0}"
2025/12/01 20:34:11:431184,Front,KeyLog,KeyboardUI/Update,"{""c"":""N"",""position"":{""x"":0.0,""y"":0.0},""angle"":3.1415927410125734,""size_dots"":{""x"":0.0,""y"":0.0},""size_mm"":10.0}"
2025/12/01 20:34:11:431184,Front,KeyLog,KeyboardUI/Update,"{""c"":""M"",""position"":{""x"":0.0,""y"":0.0},""angle"":3.1415927410125734,""size_dots"":{""x"":0.0,""y"":0.0},""size_mm"":10.0}"
2025/12/01 20:34:11:431184,Front,KeyLog,KeyboardUI/Update,"{""c"":""#"",""position"":{""x"":0.0,""y"":0.0},""angle"":3.1415927410125734,""size_dots"":{""x"":0.0,""y"":0.0},""size_mm"":13.800000190734864}"
2025/12/01 20:34:11:431184,Front,KeyLog,KeyboardUI/Update,"{""c"":""&"",""position"":{""x"":0.0,""y"":0.0},""angle"":3.1415927410125734,""size_dots"":{""x"":0.0,""y"":0.0},""size_mm"":13.800000190734864}"
2025/12/01 20:34:11:431184,Front,KeyLog,KeyboardUI/Update,"{""c"":""%"",""position"":{""x"":0.0,""y"":0.0},""angle"":3.1415927410125734,""size_dots"":{""x"":0.0,""y"":0.0},""size_mm"":13.800000190734864}"
2025/12/01 20:34:11:440835,Front,ARMarkerLog,ARMarkerDetector/Update,"{""position"":[0.0,0.0],""angle"":0.0}"
2025/12/01 20:34:11:448437,Front,KeyLog,KeyboardUI/Update,"{""c"":""Q"",""position"":{""x"":0.0,""y"":0.0},""angle"":3.1415927410125734,""size_dots"":{""x"":0.0,""y"":0.0},""size_mm"":10.0}"
2025/12/01 20:34:11:449449,Front,KeyLog,KeyboardUI/Update,"{""c"":""W"",""position"":{""x"":0.0,""y"":0.0},""angle"":3.1415927410125734,""size_dots"":{""x"":0.0,""y"":0.0},""size_mm"":10.0}"
2025/12/01 20:34:11:449449,Front,KeyLog,KeyboardUI/Update,"{""c"":""E"",""position"":{""x"":0.0,""y"":0.0},""angle"":3.1415927410125734,""size_dots"":{""x"":0.0,""y"":0.0},""size_mm"":10.0}"
2025/12/01 20:34:11:449449,Front,KeyLog,KeyboardUI/Update,"{""c"":""R"",""position"":{""x"":0.0,""y"":0.0},""angle"":3.1415927410125734,""size_dots"":{""x"":0.0,""y"":0.0},""size_mm"":10.0}"
2025/12/01 20:34:11:449449,Front,KeyLog,KeyboardUI/Update,"{""c"":""T"",""position"":{""x"":0.0,""y"":0.0},""angle"":3.1415927410125734,""size_dots"":{""x"":0.0,""y"":0.0},""size_mm"":10.0}"
2025/12/01 20:34:11:449449,Front,KeyLog,KeyboardUI/Update,"{""c"":""Y"",""position"":{""x"":0.0,""y"":0.0},""angle"":3.1415927410125734,""size_dots"":{""x"":0.0,""y"":0.0},""size_mm"":10.0}"
2025/12/01 20:34:11:449449,Front,KeyLog,KeyboardUI/Update,"{""c"":""U"",""position"":{""x"":0.0,""y"":0.0},""angle"":3.1415927410125734,""size_dots"":{""x"":0.0,""y"":0.0},""size_mm"":10.0}"
2025/12/01 20:34:11:449449,Front,KeyLog,KeyboardUI/Update,"{""c"":""I"",""position"":{""x"":0.0,""y"":0.0},""angle"":3.1415927410125734,""size_dots"":{""x"":0.0,""y"":0.0},""size_mm"":10.0}"
2025/12/01 20:34:11:450493,Front,KeyLog,KeyboardUI/Update,"{""c"":""O"",""position"":{""x"":0.0,""y"":0.0},""angle"":3.1415927410125734,""size_dots"":{""x"":0.0,""y"":0.0},""size_mm"":10.0}"
2025/12/01 20:34:11:450493,Front,KeyLog,KeyboardUI/Update,"{""c"":""P"",""position"":{""x"":0.0,""y"":0.0},""angle"":3.1415927410125734,""size_dots"":{""x"":0.0,""y"":0.0},""size_mm"":10.0}"
2025/12/01 20:34:11:450493,Front,KeyLog,KeyboardUI/Update,"{""c"":""A"",""position"":{""x"":0.0,""y"":0.0},""angle"":3.1415927410125734,""size_dots"":{""x"":0.0,""y"":0.0},""size_mm"":10.0}"
2025/12/01 20:34:11:451507,Front,KeyLog,KeyboardUI/Update,"{""c"":""S"",""position"":{""x"":0.0,""y"":0.0},""angle"":3.1415927410125734,""size_dots"":{""x"":0.0,""y"":0.0},""size_mm"":10.0}"
2025/12/01 20:34:11:451507,Front,KeyLog,KeyboardUI/Update,"{""c"":""D"",""position"":{""x"":0.0,""y"":0.0},""angle"":3.1415927410125734,""size_dots"":{""x"":0.0,""y"":0.0},""size_mm"":10.0}"
2025/12/01 20:34:11:452518,Front,KeyLog,KeyboardUI/Update,"{""c"":""F"",""position"":{""x"":0.0,""y"":0.0},""angle"":3.1415927410125734,""size_dots"":{""x"":0.0,""y"":0.0},""size_mm"":10.0}"
2025/12/01 20:34:11:452518,Front,KeyLog,KeyboardUI/Update,"{""c"":""G"",""position"":{""x"":0.0,""y"":0.0},""angle"":3.1415927410125734,""size_dots"":{""x"":0.0,""y"":0.0},""size_mm"":10.0}"
2025/12/01 20:34:11:452518,Front,KeyLog,KeyboardUI/Update,"{""c"":""H"",""position"":{""x"":0.0,""y"":0.0},""angle"":3.1415927410125734,""size_dots"":{""x"":0.0,""y"":0.0},""size_mm"":10.0}"
2025/12/01 20:34:11:452518,Front,KeyLog,KeyboardUI/Update,"{""c"":""J"",""position"":{""x"":0.0,""y"":0.0},""angle"":3.1415927410125734,""size_dots"":{""x"":0.0,""y"":0.0},""size_mm"":10.0}"
2025/12/01 20:34:11:452518,Front,KeyLog,KeyboardUI/Update,"{""c"":""K"",""position"":{""x"":0.0,""y"":0.0},""angle"":3.1415927410125734,""size_dots"":{""x"":0.0,""y"":0.0},""size_mm"":10.0}"
2025/12/01 20:34:11:452518,Front,KeyLog,KeyboardUI/Update,"{""c"":""L"",""position"":{""x"":0.0,""y"":0.0},""angle"":3.1415927410125734,""size_dots"":{""x"":0.0,""y"":0.0},""size_mm"":10.0}"
2025/12/01 20:34:11:453526,Front,KeyLog,KeyboardUI/Update,"{""c"":""Z"",""position"":{""x"":0.0,""y"":0.0},""angle"":3.1415927410125734,""size_dots"":{""x"":0.0,""y"":0.0},""size_mm"":10.0}"
2025/12/01 20:34:11:453526,Front,KeyLog,KeyboardUI/Update,"{""c"":""X"",""position"":{""x"":0.0,""y"":0.0},""angle"":3.1415927410125734,""size_dots"":{""x"":0.0,""y"":0.0},""size_mm"":10.0}"
2025/12/01 20:34:11:454534,Front,KeyLog,KeyboardUI/Update,"{""c"":""C"",""position"":{""x"":0.0,""y"":0.0},""angle"":3.1415927410125734,""size_dots"":{""x"":0.0,""y"":0.0},""size_mm"":10.0}"
2025/12/01 20:34:11:454534,Front,KeyLog,KeyboardUI/Update,"{""c"":""V"",""position"":{""x"":0.0,""y"":0.0},""angle"":3.1415927410125734,""size_dots"":{""x"":0.0,""y"":0.0},""size_mm"":10.0}"
2025/12/01 20:34:11:454534,Front,KeyLog,KeyboardUI/Update,"{""c"":""B"",""position"":{""x"":0.0,""y"":0.0},""angle"":3.1415927410125734,""size_dots"":{""x"":0.0,""y"":0.0},""size_mm"":10.0}"
2025/12/01 20:34:11:455543,Front,KeyLog,KeyboardUI/Update,"{""c"":""N"",""position"":{""x"":0.0,""y"":0.0},""angle"":3.1415927410125734,""size_dots"":{""x"":0.0,""y"":0.0},""size_mm"":10.0}"
2025/12/01 20:34:11:455543,Front,KeyLog,KeyboardUI/Update,"{""c"":""M"",""position"":{""x"":0.0,""y"":0.0},""angle"":3.1415927410125734,""size_dots"":{""x"":0.0,""y"":0.0},""size_mm"":10.0}"
2025/12/01 20:34:11:455543,Front,KeyLog,KeyboardUI/Update,"{""c"":""#"",""position"":{""x"":0.0,""y"":0.0},""angle"":3.1415927410125734,""size_dots"":{""x"":0.0,""y"":0.0},""size_mm"":13.800000190734864}"
2025/12/01 20:34:11:455543,Front,KeyLog,KeyboardUI/Update,"{""c"":""&"",""position"":{""x"":0.0,""y"":0.0},""angle"":3.1415927410125734,""size_dots"":{""x"":0.0,""y"":0.0},""size_mm"":13.800000190734864}"
2025/12/01 20:34:11:455543,Front,KeyLog,KeyboardUI/Update,"{""c"":""%"",""position"":{""x"":0.0,""y"":0.0},""angle"":3.1415927410125734,""size_dots"":{""x"":0.0,""y"":0.0},""size_mm"":13.800000190734864}"
2025/12/01 20:34:11:465169,Front,ARMarkerLog,ARMarkerDetector/Update,"{""position"":[0.0,0.0],""angle"":0.0}"
2025/12/01 20:34:11:474335,Front,KeyLog,KeyboardUI/Update,"{""c"":""Q"",""position"":{""x"":0.0,""y"":0.0},""angle"":3.1415927410125734,""size_dots"":{""x"":0.0,""y"":0.0},""size_mm"":10.0}"
2025/12/01 20:34:11:475345,Front,KeyLog,KeyboardUI/Update,"{""c"":""W"",""position"":{""x"":0.0,""y"":0.0},""angle"":3.1415927410125734,""size_dots"":{""x"":0.0,""y"":0.0},""size_mm"":10.0}"
2025/12/01 20:34:11:476357,Front,KeyLog,KeyboardUI/Update,"{""c"":""E"",""position"":{""x"":0.0,""y"":0.0},""angle"":3.1415927410125734,""size_dots"":{""x"":0.0,""y"":0.0},""size_mm"":10.0}"
2025/12/01 20:34:11:476357,Front,KeyLog,KeyboardUI/Update,"{""c"":""R"",""position"":{""x"":0.0,""y"":0.0},""angle"":3.1415927410125734,""size_dots"":{""x"":0.0,""y"":0.0},""size_mm"":10.0}"
2025/12/01 20:34:11:476357,Front,KeyLog,KeyboardUI/Update,"{""c"":""T"",""position"":{""x"":0.0,""y"":0.0},""angle"":3.1415927410125734,""size_dots"":{""x"":0.0,""y"":0.0},""size_mm"":10.0}"
2025/12/01 20:34:11:477375,Front,KeyLog,KeyboardUI/Update,"{""c"":""Y"",""position"":{""x"":0.0,""y"":0.0},""angle"":3.1415927410125734,""size_dots"":{""x"":0.0,""y"":0.0},""size_mm"":10.0}"
2025/12/01 20:34:11:477375,Front,KeyLog,KeyboardUI/Update,"{""c"":""U"",""position"":{""x"":0.0,""y"":0.0},""angle"":3.1415927410125734,""size_dots"":{""x"":0.0,""y"":0.0},""size_mm"":10.0}"
2025/12/01 20:34:11:477375,Front,KeyLog,KeyboardUI/Update,"{""c"":""I"",""position"":{""x"":0.0,""y"":0.0},""angle"":3.1415927410125734,""size_dots"":{""x"":0.0,""y"":0.0},""size_mm"":10.0}"
2025/12/01 20:34:11:478388,Front,KeyLog,KeyboardUI/Update,"{""c"":""O"",""position"":{""x"":0.0,""y"":0.0},""angle"":3.1415927410125734,""size_dots"":{""x"":0.0,""y"":0.0},""size_mm"":10.0}"
2025/12/01 20:34:11:478388,Front,KeyLog,KeyboardUI/Update,"{""c"":""P"",""position"":{""x"":0.0,""y"":0.0},""angle"":3.1415927410125734,""size_dots"":{""x"":0.0,""y"":0.0},""size_mm"":10.0}"
2025/12/01 20:34:11:479397,Front,KeyLog,KeyboardUI/Update,"{""c"":""A"",""position"":{""x"":0.0,""y"":0.0},""angle"":3.1415927410125734,""size_dots"":{""x"":0.0,""y"":0.0},""size_mm"":10.0}"
2025/12/01 20:34:11:480408,Front,KeyLog,KeyboardUI/Update,"{""c"":""S"",""position"":{""x"":0.0,""y"":0.0},""angle"":3.1415927410125734,""size_dots"":{""x"":0.0,""y"":0.0},""size_mm"":10.0}"
2025/12/01 20:34:11:481428,Front,KeyLog,KeyboardUI/Update,"{""c"":""D"",""position"":{""x"":0.0,""y"":0.0},""angle"":3.1415927410125734,""size_dots"":{""x"":0.0,""y"":0.0},""size_mm"":10.0}"
2025/12/01 20:34:11:482441,Front,KeyLog,KeyboardUI/Update,"{""c"":""F"",""position"":{""x"":0.0,""y"":0.0},""angle"":3.1415927410125734,""size_dots"":{""x"":0.0,""y"":0.0},""size_mm"":10.0}"
2025/12/01 20:34:11:482441,Front,KeyLog,KeyboardUI/Update,"{""c"":""G"",""position"":{""x"":0.0,""y"":0.0},""angle"":3.1415927410125734,""size_dots"":{""x"":0.0,""y"":0.0},""size_mm"":10.0}"
2025/12/01 20:34:11:482441,Front,KeyLog,KeyboardUI/Update,"{""c"":""H"",""position"":{""x"":0.0,""y"":0.0},""angle"":3.1415927410125734,""size_dots"":{""x"":0.0,""y"":0.0},""size_mm"":10.0}"
2025/12/01 20:34:11:482441,Front,KeyLog,KeyboardUI/Update,"{""c"":""J"",""position"":{""x"":0.0,""y"":0.0},""angle"":3.1415927410125734,""size_dots"":{""x"":0.0,""y"":0.0},""size_mm"":10.0}"
2025/12/01 20:34:11:482441,Front,KeyLog,KeyboardUI/Update,"{""c"":""K"",""position"":{""x"":0.0,""y"":0.0},""angle"":3.1415927410125734,""size_dots"":{""x"":0.0,""y"":0.0},""size_mm"":10.0}"
2025/12/01 20:34:11:482441,Front,KeyLog,KeyboardUI/Update,"{""c"":""L"",""position"":{""x"":0.0,""y"":0.0},""angle"":3.1415927410125734,""size_dots"":{""x"":0.0,""y"":0.0},""size_mm"":10.0}"
2025/12/01 20:34:11:482441,Front,KeyLog,KeyboardUI/Update,"{""c"":""Z"",""position"":{""x"":0.0,""y"":0.0},""angle"":3.1415927410125734,""size_dots"":{""x"":0.0,""y"":0.0},""size_mm"":10.0}"
2025/12/01 20:34:11:482441,Front,KeyLog,KeyboardUI/Update,"{""c"":""X"",""position"":{""x"":0.0,""y"":0.0},""angle"":3.1415927410125734,""size_dots"":{""x"":0.0,""y"":0.0},""size_mm"":10.0}"
2025/12/01 20:34:11:482441,Front,KeyLog,KeyboardUI/Update,"{""c"":""C"",""position"":{""x"":0.0,""y"":0.0},""angle"":3.1415927410125734,""size_dots"":{""x"":0.0,""y"":0.0},""size_mm"":10.0}"
2025/12/01 20:34:11:482441,Front,KeyLog,KeyboardUI/Update,"{""c"":""V"",""position"":{""x"":0.0,""y"":0.0},""angle"":3.1415927410125734,""size_dots"":{""x"":0.0,""y"":0.0},""size_mm"":10.0}"
2025/12/01 20:34:11:482441,Front,KeyLog,KeyboardUI/Update,"{""c"":""B"",""position"":{""x"":0.0,""y"":0.0},""angle"":3.1415927410125734,""size_dots"":{""x"":0.0,""y"":0.0},""size_mm"":10.0}"
2025/12/01 20:34:11:482441,Front,KeyLog,KeyboardUI/Update,"{""c"":""N"",""position"":{""x"":0.0,""y"":0.0},""angle"":3.1415927410125734,""size_dots"":{""x"":0.0,""y"":0.0},""size_mm"":10.0}"
2025/12/01 20:34:11:482441,Front,KeyLog,KeyboardUI/Update,"{""c"":""M"",""position"":{""x"":0.0,""y"":0.0},""angle"":3.1415927410125734,""size_dots"":{""x"":0.0,""y"":0.0},""size_mm"":10.0}"
2025/12/01 20:34:11:482441,Front,KeyLog,KeyboardUI/Update,"{""c"":""#"",""position"":{""x"":0.0,""y"":0.0},""angle"":3.1415927410125734,""size_dots"":{""x"":0.0,""y"":0.0},""size_mm"":13.800000190734864}"
2025/12/01 20:34:11:482441,Front,KeyLog,KeyboardUI/Update,"{""c"":""&"",""position"":{""x"":0.0,""y"":0.0},""angle"":3.1415927410125734,""size_dots"":{""x"":0.0,""y"":0.0},""size_mm"":13.800000190734864}"
2025/12/01 20:34:11:482441,Front,KeyLog,KeyboardUI/Update,"{""c"":""%"",""position"":{""x"":0.0,""y"":0.0},""angle"":3.1415927410125734,""size_dots"":{""x"":0.0,""y"":0.0},""size_mm"":13.800000190734864}"
2025/12/01 20:34:11:486988,Front,ARMarkerLog,ARMarkerDetector/Update,"{""position"":[0.0,0.0],""angle"":0.0}"
2025/12/01 20:34:11:496629,Front,KeyLog,KeyboardUI/Update,"{""c"":""Q"",""position"":{""x"":0.0,""y"":0.0},""angle"":3.1415927410125734,""size_dots"":{""x"":0.0,""y"":0.0},""size_mm"":10.0}"
2025/12/01 20:34:11:498162,Front,KeyLog,KeyboardUI/Update,"{""c"":""W"",""position"":{""x"":0.0,""y"":0.0},""angle"":3.1415927410125734,""size_dots"":{""x"":0.0,""y"":0.0},""size_mm"":10.0}"
2025/12/01 20:34:11:499176,Front,KeyLog,KeyboardUI/Update,"{""c"":""E"",""position"":{""x"":0.0,""y"":0.0},""angle"":3.1415927410125734,""size_dots"":{""x"":0.0,""y"":0.0},""size_mm"":10.0}"
2025/12/01 20:34:11:500185,Front,KeyLog,KeyboardUI/Update,"{""c"":""R"",""position"":{""x"":0.0,""y"":0.0},""angle"":3.1415927410125734,""size_dots"":{""x"":0.0,""y"":0.0},""size_mm"":10.0}"
2025/12/01 20:34:11:501197,Front,KeyLog,KeyboardUI/Update,"{""c"":""T"",""position"":{""x"":0.0,""y"":0.0},""angle"":3.1415927410125734,""size_dots"":{""x"":0.0,""y"":0.0},""size_mm"":10.0}"
2025/12/01 20:34:11:501197,Front,KeyLog,KeyboardUI/Update,"{""c"":""Y"",""position"":{""x"":0.0,""y"":0.0},""angle"":3.1415927410125734,""size_dots"":{""x"":0.0,""y"":0.0},""size_mm"":10.0}"
2025/12/01 20:34:11:501197,Front,KeyLog,KeyboardUI/Update,"{""c"":""U"",""position"":{""x"":0.0,""y"":0.0},""angle"":3.1415927410125734,""size_dots"":{""x"":0.0,""y"":0.0},""size_mm"":10.0}"
2025/12/01 20:34:11:503223,Front,KeyLog,KeyboardUI/Update,"{""c"":""I"",""position"":{""x"":0.0,""y"":0.0},""angle"":3.1415927410125734,""size_dots"":{""x"":0.0,""y"":0.0},""size_mm"":10.0}"
2025/12/01 20:34:11:504232,Front,KeyLog,KeyboardUI/Update,"{""c"":""O"",""position"":{""x"":0.0,""y"":0.0},""angle"":3.1415927410125734,""size_dots"":{""x"":0.0,""y"":0.0},""size_mm"":10.0}"
2025/12/01 20:34:11:504232,Front,KeyLog,KeyboardUI/Update,"{""c"":""P"",""position"":{""x"":0.0,""y"":0.0},""angle"":3.1415927410125734,""size_dots"":{""x"":0.0,""y"":0.0},""size_mm"":10.0}"
2025/12/01 20:34:11:505241,Front,KeyLog,KeyboardUI/Update,"{""c"":""A"",""position"":{""x"":0.0,""y"":0.0},""angle"":3.1415927410125734,""size_dots"":{""x"":0.0,""y"":0.0},""size_mm"":10.0}"
2025/12/01 20:34:11:506252,Front,KeyLog,KeyboardUI/Update,"{""c"":""S"",""position"":{""x"":0.0,""y"":0.0},""angle"":3.1415927410125734,""size_dots"":{""x"":0.0,""y"":0.0},""size_mm"":10.0}"
2025/12/01 20:34:11:507277,Front,KeyLog,KeyboardUI/Update,"{""c"":""D"",""position"":{""x"":0.0,""y"":0.0},""angle"":3.1415927410125734,""size_dots"":{""x"":0.0,""y"":0.0},""size_mm"":10.0}"
2025/12/01 20:34:11:507277,Front,KeyLog,KeyboardUI/Update,"{""c"":""F"",""position"":{""x"":0.0,""y"":0.0},""angle"":3.1415927410125734,""size_dots"":{""x"":0.0,""y"":0.0},""size_mm"":10.0}"
2025/12/01 20:34:11:507277,Front,KeyLog,KeyboardUI/Update,"{""c"":""G"",""position"":{""x"":0.0,""y"":0.0},""angle"":3.1415927410125734,""size_dots"":{""x"":0.0,""y"":0.0},""size_mm"":10.0}"
2025/12/01 20:34:11:508287,Front,KeyLog,KeyboardUI/Update,"{""c"":""H"",""position"":{""x"":0.0,""y"":0.0},""angle"":3.1415927410125734,""size_dots"":{""x"":0.0,""y"":0.0},""size_mm"":10.0}"
2025/12/01 20:34:11:509296,Front,KeyLog,KeyboardUI/Update,"{""c"":""J"",""position"":{""x"":0.0,""y"":0.0},""angle"":3.1415927410125734,""size_dots"":{""x"":0.0,""y"":0.0},""size_mm"":10.0}"
2025/12/01 20:34:11:510306,Front,KeyLog,KeyboardUI/Update,"{""c"":""K"",""position"":{""x"":0.0,""y"":0.0},""angle"":3.1415927410125734,""size_dots"":{""x"":0.0,""y"":0.0},""size_mm"":10.0}"
2025/12/01 20:34:11:511314,Front,KeyLog,KeyboardUI/Update,"{""c"":""L"",""position"":{""x"":0.0,""y"":0.0},""angle"":3.1415927410125734,""size_dots"":{""x"":0.0,""y"":0.0},""size_mm"":10.0}"
2025/12/01 20:34:11:511314,Front,KeyLog,KeyboardUI/Update,"{""c"":""Z"",""position"":{""x"":0.0,""y"":0.0},""angle"":3.1415927410125734,""size_dots"":{""x"":0.0,""y"":0.0},""size_mm"":10.0}"
2025/12/01 20:34:11:512339,Front,KeyLog,KeyboardUI/Update,"{""c"":""X"",""position"":{""x"":0.0,""y"":0.0},""angle"":3.1415927410125734,""size_dots"":{""x"":0.0,""y"":0.0},""size_mm"":10.0}"
2025/12/01 20:34:11:513350,Front,KeyLog,KeyboardUI/Update,"{""c"":""C"",""position"":{""x"":0.0,""y"":0.0},""angle"":3.1415927410125734,""size_dots"":{""x"":0.0,""y"":0.0},""size_mm"":10.0}"
2025/12/01 20:34:11:513350,Front,KeyLog,KeyboardUI/Update,"{""c"":""V"",""position"":{""x"":0.0,""y"":0.0},""angle"":3.1415927410125734,""size_dots"":{""x"":0.0,""y"":0.0},""size_mm"":10.0}"
2025/12/01 20:34:11:514360,Front,KeyLog,KeyboardUI/Update,"{""c"":""B"",""position"":{""x"":0.0,""y"":0.0},""angle"":3.1415927410125734,""size_dots"":{""x"":0.0,""y"":0.0},""size_mm"":10.0}"
2025/12/01 20:34:11:515370,Front,KeyLog,KeyboardUI/Update,"{""c"":""N"",""position"":{""x"":0.0,""y"":0.0},""angle"":3.1415927410125734,""size_dots"":{""x"":0.0,""y"":0.0},""size_mm"":10.0}"
2025/12/01 20:34:11:516381,Front,KeyLog,KeyboardUI/Update,"{""c"":""M"",""position"":{""x"":0.0,""y"":0.0},""angle"":3.1415927410125734,""size_dots"":{""x"":0.0,""y"":0.0},""size_mm"":10.0}"
2025/12/01 20:34:11:517401,Front,KeyLog,KeyboardUI/Update,"{""c"":""#"",""position"":{""x"":0.0,""y"":0.0},""angle"":3.1415927410125734,""size_dots"":{""x"":0.0,""y"":0.0},""size_mm"":13.800000190734864}"
2025/12/01 20:34:11:517401,Front,KeyLog,KeyboardUI/Update,"{""c"":""&"",""position"":{""x"":0.0,""y"":0.0},""angle"":3.1415927410125734,""size_dots"":{""x"":0.0,""y"":0.0},""size_mm"":13.800000190734864}"
2025/12/01 20:34:11:518413,Front,KeyLog,KeyboardUI/Update,"{""c"":""%"",""position"":{""x"":0.0,""y"":0.0},""angle"":3.1415927410125734,""size_dots"":{""x"":0.0,""y"":0.0},""size_mm"":13.800000190734864}"
2025/12/01 20:34:11:542661,Front,ARMarkerLog,ARMarkerDetector/Update,"{""position"":[0.0,0.0],""angle"":0.0}"
2025/12/01 20:34:11:550716,Front,KeyLog,KeyboardUI/Update,"{""c"":""Q"",""position"":{""x"":0.0,""y"":0.0},""angle"":3.1415927410125734,""size_dots"":{""x"":0.0,""y"":0.0},""size_mm"":10.0}"
2025/12/01 20:34:11:552743,Front,KeyLog,KeyboardUI/Update,"{""c"":""W"",""position"":{""x"":0.0,""y"":0.0},""angle"":3.1415927410125734,""size_dots"":{""x"":0.0,""y"":0.0},""size_mm"":10.0}"
2025/12/01 20:34:11:553752,Front,KeyLog,KeyboardUI/Update,"{""c"":""E"",""position"":{""x"":0.0,""y"":0.0},""angle"":3.1415927410125734,""size_dots"":{""x"":0.0,""y"":0.0},""size_mm"":10.0}"
2025/12/01 20:34:11:553752,Front,KeyLog,KeyboardUI/Update,"{""c"":""R"",""position"":{""x"":0.0,""y"":0.0},""angle"":3.1415927410125734,""size_dots"":{""x"":0.0,""y"":0.0},""size_mm"":10.0}"
2025/12/01 20:34:11:554763,Front,KeyLog,KeyboardUI/Update,"{""c"":""T"",""position"":{""x"":0.0,""y"":0.0},""angle"":3.1415927410125734,""size_dots"":{""x"":0.0,""y"":0.0},""size_mm"":10.0}"
2025/12/01 20:34:11:555772,Front,KeyLog,KeyboardUI/Update,"{""c"":""Y"",""position"":{""x"":0.0,""y"":0.0},""angle"":3.1415927410125734,""size_dots"":{""x"":0.0,""y"":0.0},""size_mm"":10.0}"
2025/12/01 20:34:11:556772,Front,KeyLog,KeyboardUI/Update,"{""c"":""U"",""position"":{""x"":0.0,""y"":0.0},""angle"":3.1415927410125734,""size_dots"":{""x"":0.0,""y"":0.0},""size_mm"":10.0}"
2025/12/01 20:34:11:557275,Front,KeyLog,KeyboardUI/Update,"{""c"":""I"",""position"":{""x"":0.0,""y"":0.0},""angle"":3.1415927410125734,""size_dots"":{""x"":0.0,""y"":0.0},""size_mm"":10.0}"
2025/12/01 20:34:11:558290,Front,KeyLog,KeyboardUI/Update,"{""c"":""O"",""position"":{""x"":0.0,""y"":0.0},""angle"":3.1415927410125734,""size_dots"":{""x"":0.0,""y"":0.0},""size_mm"":10.0}"
2025/12/01 20:34:11:558290,Front,KeyLog,KeyboardUI/Update,"{""c"":""P"",""position"":{""x"":0.0,""y"":0.0},""angle"":3.1415927410125734,""size_dots"":{""x"":0.0,""y"":0.0},""size_mm"":10.0}"
2025/12/01 20:34:11:559299,Front,KeyLog,KeyboardUI/Update,"{""c"":""A"",""position"":{""x"":0.0,""y"":0.0},""angle"":3.1415927410125734,""size_dots"":{""x"":0.0,""y"":0.0},""size_mm"":10.0}"
2025/12/01 20:34:11:560803,Front,KeyLog,KeyboardUI/Update,"{""c"":""S"",""position"":{""x"":0.0,""y"":0.0},""angle"":3.1415927410125734,""size_dots"":{""x"":0.0,""y"":0.0},""size_mm"":10.0}"
2025/12/01 20:34:11:561812,Front,KeyLog,KeyboardUI/Update,"{""c"":""D"",""position"":{""x"":0.0,""y"":0.0},""angle"":3.1415927410125734,""size_dots"":{""x"":0.0,""y"":0.0},""size_mm"":10.0}"
2025/12/01 20:34:11:562821,Front,KeyLog,KeyboardUI/Update,"{""c"":""F"",""position"":{""x"":0.0,""y"":0.0},""angle"":3.1415927410125734,""size_dots"":{""x"":0.0,""y"":0.0},""size_mm"":10.0}"
2025/12/01 20:34:11:563832,Front,KeyLog,KeyboardUI/Update,"{""c"":""G"",""position"":{""x"":0.0,""y"":0.0},""angle"":3.1415927410125734,""size_dots"":{""x"":0.0,""y"":0.0},""size_mm"":10.0}"
2025/12/01 20:34:11:564846,Front,KeyLog,KeyboardUI/Update,"{""c"":""H"",""position"":{""x"":0.0,""y"":0.0},""angle"":3.1415927410125734,""size_dots"":{""x"":0.0,""y"":0.0},""size_mm"":10.0}"
2025/12/01 20:34:11:564846,Front,KeyLog,KeyboardUI/Update,"{""c"":""J"",""position"":{""x"":0.0,""y"":0.0},""angle"":3.1415927410125734,""size_dots"":{""x"":0.0,""y"":0.0},""size_mm"":10.0}"
2025/12/01 20:34:11:564846,Front,KeyLog,KeyboardUI/Update,"{""c"":""K"",""position"":{""x"":0.0,""y"":0.0},""angle"":3.1415927410125734,""size_dots"":{""x"":0.0,""y"":0.0},""size_mm"":10.0}"
2025/12/01 20:34:11:565855,Front,KeyLog,KeyboardUI/Update,"{""c"":""L"",""position"":{""x"":0.0,""y"":0.0},""angle"":3.1415927410125734,""size_dots"":{""x"":0.0,""y"":0.0},""size_mm"":10.0}"
2025/12/01 20:34:11:566855,Front,KeyLog,KeyboardUI/Update,"{""c"":""Z"",""position"":{""x"":0.0,""y"":0.0},""angle"":3.1415927410125734,""size_dots"":{""x"":0.0,""y"":0.0},""size_mm"":10.0}"
2025/12/01 20:34:11:567359,Front,KeyLog,KeyboardUI/Update,"{""c"":""X"",""position"":{""x"":0.0,""y"":0.0},""angle"":3.1415927410125734,""size_dots"":{""x"":0.0,""y"":0.0},""size_mm"":10.0}"
2025/12/01 20:34:11:568374,Front,KeyLog,KeyboardUI/Update,"{""c"":""C"",""position"":{""x"":0.0,""y"":0.0},""angle"":3.1415927410125734,""size_dots"":{""x"":0.0,""y"":0.0},""size_mm"":10.0}"
2025/12/01 20:34:11:569386,Front,KeyLog,KeyboardUI/Update,"{""c"":""V"",""position"":{""x"":0.0,""y"":0.0},""angle"":3.1415927410125734,""size_dots"":{""x"":0.0,""y"":0.0},""size_mm"":10.0}"
2025/12/01 20:34:11:570394,Front,KeyLog,KeyboardUI/Update,"{""c"":""B"",""position"":{""x"":0.0,""y"":0.0},""angle"":3.1415927410125734,""size_dots"":{""x"":0.0,""y"":0.0},""size_mm"":10.0}"
2025/12/01 20:34:11:570394,Front,KeyLog,KeyboardUI/Update,"{""c"":""N"",""position"":{""x"":0.0,""y"":0.0},""angle"":3.1415927410125734,""size_dots"":{""x"":0.0,""y"":0.0},""size_mm"":10.0}"
2025/12/01 20:34:11:570394,Front,KeyLog,KeyboardUI/Update,"{""c"":""M"",""position"":{""x"":0.0,""y"":0.0},""angle"":3.1415927410125734,""size_dots"":{""x"":0.0,""y"":0.0},""size_mm"":10.0}"
2025/12/01 20:34:11:572422,Front,KeyLog,KeyboardUI/Update,"{""c"":""#"",""position"":{""x"":0.0,""y"":0.0},""angle"":3.1415927410125734,""size_dots"":{""x"":0.0,""y"":0.0},""size_mm"":13.800000190734864}"
2025/12/01 20:34:11:573466,Front,KeyLog,KeyboardUI/Update,"{""c"":""&"",""position"":{""x"":0.0,""y"":0.0},""angle"":3.1415927410125734,""size_dots"":{""x"":0.0,""y"":0.0},""size_mm"":13.800000190734864}"
2025/12/01 20:34:11:574476,Front,KeyLog,KeyboardUI/Update,"{""c"":""%"",""position"":{""x"":0.0,""y"":0.0},""angle"":3.1415927410125734,""size_dots"":{""x"":0.0,""y"":0.0},""size_mm"":13.800000190734864}"
2025/12/01 20:34:11:600279,Front,ARMarkerLog,ARMarkerDetector/Update,"{""position"":[0.0,0.0],""angle"":0.0}"
2025/12/01 20:34:11:611466,Front,KeyLog,KeyboardUI/Update,"{""c"":""Q"",""position"":{""x"":0.0,""y"":0.0},""angle"":3.1415927410125734,""size_dots"":{""x"":0.0,""y"":0.0},""size_mm"":10.0}"
2025/12/01 20:34:11:611466,Front,KeyLog,KeyboardUI/Update,"{""c"":""W"",""position"":{""x"":0.0,""y"":0.0},""angle"":3.1415927410125734,""size_dots"":{""x"":0.0,""y"":0.0},""size_mm"":10.0}"
2025/12/01 20:34:11:611466,Front,KeyLog,KeyboardUI/Update,"{""c"":""E"",""position"":{""x"":0.0,""y"":0.0},""angle"":3.1415927410125734,""size_dots"":{""x"":0.0,""y"":0.0},""size_mm"":10.0}"
2025/12/01 20:34:11:611466,Front,KeyLog,KeyboardUI/Update,"{""c"":""R"",""position"":{""x"":0.0,""y"":0.0},""angle"":3.1415927410125734,""size_dots"":{""x"":0.0,""y"":0.0},""size_mm"":10.0}"
2025/12/01 20:34:11:611466,Front,KeyLog,KeyboardUI/Update,"{""c"":""T"",""position"":{""x"":0.0,""y"":0.0},""angle"":3.1415927410125734,""size_dots"":{""x"":0.0,""y"":0.0},""size_mm"":10.0}"
2025/12/01 20:34:11:611466,Front,KeyLog,KeyboardUI/Update,"{""c"":""Y"",""position"":{""x"":0.0,""y"":0.0},""angle"":3.1415927410125734,""size_dots"":{""x"":0.0,""y"":0.0},""size_mm"":10.0}"
2025/12/01 20:34:11:611466,Front,KeyLog,KeyboardUI/Update,"{""c"":""U"",""position"":{""x"":0.0,""y"":0.0},""angle"":3.1415927410125734,""size_dots"":{""x"":0.0,""y"":0.0},""size_mm"":10.0}"
2025/12/01 20:34:11:611466,Front,KeyLog,KeyboardUI/Update,"{""c"":""I"",""position"":{""x"":0.0,""y"":0.0},""angle"":3.1415927410125734,""size_dots"":{""x"":0.0,""y"":0.0},""size_mm"":10.0}"
2025/12/01 20:34:11:611466,Front,KeyLog,KeyboardUI/Update,"{""c"":""O"",""position"":{""x"":0.0,""y"":0.0},""angle"":3.1415927410125734,""size_dots"":{""x"":0.0,""y"":0.0},""size_mm"":10.0}"
2025/12/01 20:34:11:611466,Front,KeyLog,KeyboardUI/Update,"{""c"":""P"",""position"":{""x"":0.0,""y"":0.0},""angle"":3.1415927410125734,""size_dots"":{""x"":0.0,""y"":0.0},""size_mm"":10.0}"
2025/12/01 20:34:11:611466,Front,KeyLog,KeyboardUI/Update,"{""c"":""A"",""position"":{""x"":0.0,""y"":0.0},""angle"":3.1415927410125734,""size_dots"":{""x"":0.0,""y"":0.0},""size_mm"":10.0}"
2025/12/01 20:34:11:611466,Front,KeyLog,KeyboardUI/Update,"{""c"":""S"",""position"":{""x"":0.0,""y"":0.0},""angle"":3.1415927410125734,""size_dots"":{""x"":0.0,""y"":0.0},""size_mm"":10.0}"
2025/12/01 20:34:11:611466,Front,KeyLog,KeyboardUI/Update,"{""c"":""D"",""position"":{""x"":0.0,""y"":0.0},""angle"":3.1415927410125734,""size_dots"":{""x"":0.0,""y"":0.0},""size_mm"":10.0}"
2025/12/01 20:34:11:611466,Front,KeyLog,KeyboardUI/Update,"{""c"":""F"",""position"":{""x"":0.0,""y"":0.0},""angle"":3.1415927410125734,""size_dots"":{""x"":0.0,""y"":0.0},""size_mm"":10.0}"
2025/12/01 20:34:11:611466,Front,KeyLog,KeyboardUI/Update,"{""c"":""G"",""position"":{""x"":0.0,""y"":0.0},""angle"":3.1415927410125734,""size_dots"":{""x"":0.0,""y"":0.0},""size_mm"":10.0}"
2025/12/01 20:34:11:611466,Front,KeyLog,KeyboardUI/Update,"{""c"":""H"",""position"":{""x"":0.0,""y"":0.0},""angle"":3.1415927410125734,""size_dots"":{""x"":0.0,""y"":0.0},""size_mm"":10.0}"
2025/12/01 20:34:11:611466,Front,KeyLog,KeyboardUI/Update,"{""c"":""J"",""position"":{""x"":0.0,""y"":0.0},""angle"":3.1415927410125734,""size_dots"":{""x"":0.0,""y"":0.0},""size_mm"":10.0}"
2025/12/01 20:34:11:611466,Front,KeyLog,KeyboardUI/Update,"{""c"":""K"",""position"":{""x"":0.0,""y"":0.0},""angle"":3.1415927410125734,""size_dots"":{""x"":0.0,""y"":0.0},""size_mm"":10.0}"
2025/12/01 20:34:11:612479,Front,KeyLog,KeyboardUI/Update,"{""c"":""L"",""position"":{""x"":0.0,""y"":0.0},""angle"":3.1415927410125734,""size_dots"":{""x"":0.0,""y"":0.0},""size_mm"":10.0}"
2025/12/01 20:34:11:612479,Front,KeyLog,KeyboardUI/Update,"{""c"":""Z"",""position"":{""x"":0.0,""y"":0.0},""angle"":3.1415927410125734,""size_dots"":{""x"":0.0,""y"":0.0},""size_mm"":10.0}"
2025/12/01 20:34:11:612479,Front,KeyLog,KeyboardUI/Update,"{""c"":""X"",""position"":{""x"":0.0,""y"":0.0},""angle"":3.1415927410125734,""size_dots"":{""x"":0.0,""y"":0.0},""size_mm"":10.0}"
2025/12/01 20:34:11:613489,Front,KeyLog,KeyboardUI/Update,"{""c"":""C"",""position"":{""x"":0.0,""y"":0.0},""angle"":3.1415927410125734,""size_dots"":{""x"":0.0,""y"":0.0},""size_mm"":10.0}"
2025/12/01 20:34:11:613489,Front,KeyLog,KeyboardUI/Update,"{""c"":""V"",""position"":{""x"":0.0,""y"":0.0},""angle"":3.1415927410125734,""size_dots"":{""x"":0.0,""y"":0.0},""size_mm"":10.0}"
2025/12/01 20:34:11:613489,Front,KeyLog,KeyboardUI/Update,"{""c"":""B"",""position"":{""x"":0.0,""y"":0.0},""angle"":3.1415927410125734,""size_dots"":{""x"":0.0,""y"":0.0},""size_mm"":10.0}"
2025/12/01 20:34:11:613489,Front,KeyLog,KeyboardUI/Update,"{""c"":""N"",""position"":{""x"":0.0,""y"":0.0},""angle"":3.1415927410125734,""size_dots"":{""x"":0.0,""y"":0.0},""size_mm"":10.0}"
2025/12/01 20:34:11:613489,Front,KeyLog,KeyboardUI/Update,"{""c"":""M"",""position"":{""x"":0.0,""y"":0.0},""angle"":3.1415927410125734,""size_dots"":{""x"":0.0,""y"":0.0},""size_mm"":10.0}"
2025/12/01 20:34:11:613489,Front,KeyLog,KeyboardUI/Update,"{""c"":""#"",""position"":{""x"":0.0,""y"":0.0},""angle"":3.1415927410125734,""size_dots"":{""x"":0.0,""y"":0.0},""size_mm"":13.800000190734864}"
2025/12/01 20:34:11:613489,Front,KeyLog,KeyboardUI/Update,"{""c"":""&"",""position"":{""x"":0.0,""y"":0.0},""angle"":3.1415927410125734,""size_dots"":{""x"":0.0,""y"":0.0},""size_mm"":13.800000190734864}"
2025/12/01 20:34:11:614501,Front,KeyLog,KeyboardUI/Update,"{""c"":""%"",""position"":{""x"":0.0,""y"":0.0},""angle"":3.1415927410125734,""size_dots"":{""x"":0.0,""y"":0.0},""size_mm"":13.800000190734864}"
2025/12/01 20:34:11:624135,Front,ARMarkerLog,ARMarkerDetector/Update,"{""position"":[0.0,0.0],""angle"":0.0}"
2025/12/01 20:34:11:641445,Front,KeyLog,KeyboardUI/Update,"{""c"":""Q"",""position"":{""x"":0.0,""y"":0.0},""angle"":3.1415927410125734,""size_dots"":{""x"":0.0,""y"":0.0},""size_mm"":10.0}"
2025/12/01 20:34:11:642461,Front,KeyLog,KeyboardUI/Update,"{""c"":""W"",""position"":{""x"":0.0,""y"":0.0},""angle"":3.1415927410125734,""size_dots"":{""x"":0.0,""y"":0.0},""size_mm"":10.0}"
2025/12/01 20:34:11:642461,Front,KeyLog,KeyboardUI/Update,"{""c"":""E"",""position"":{""x"":0.0,""y"":0.0},""angle"":3.1415927410125734,""size_dots"":{""x"":0.0,""y"":0.0},""size_mm"":10.0}"
2025/12/01 20:34:11:642461,Front,KeyLog,KeyboardUI/Update,"{""c"":""R"",""position"":{""x"":0.0,""y"":0.0},""angle"":3.1415927410125734,""size_dots"":{""x"":0.0,""y"":0.0},""size_mm"":10.0}"
2025/12/01 20:34:11:642461,Front,KeyLog,KeyboardUI/Update,"{""c"":""T"",""position"":{""x"":0.0,""y"":0.0},""angle"":3.1415927410125734,""size_dots"":{""x"":0.0,""y"":0.0},""size_mm"":10.0}"
2025/12/01 20:34:11:643480,Front,KeyLog,KeyboardUI/Update,"{""c"":""Y"",""position"":{""x"":0.0,""y"":0.0},""angle"":3.1415927410125734,""size_dots"":{""x"":0.0,""y"":0.0},""size_mm"":10.0}"
2025/12/01 20:34:11:646510,Front,KeyLog,KeyboardUI/Update,"{""c"":""U"",""position"":{""x"":0.0,""y"":0.0},""angle"":3.1415927410125734,""size_dots"":{""x"":0.0,""y"":0.0},""size_mm"":10.0}"
2025/12/01 20:34:11:650573,Front,KeyLog,KeyboardUI/Update,"{""c"":""I"",""position"":{""x"":0.0,""y"":0.0},""angle"":3.1415927410125734,""size_dots"":{""x"":0.0,""y"":0.0},""size_mm"":10.0}"
2025/12/01 20:34:11:650573,Front,KeyLog,KeyboardUI/Update,"{""c"":""O"",""position"":{""x"":0.0,""y"":0.0},""angle"":3.1415927410125734,""size_dots"":{""x"":0.0,""y"":0.0},""size_mm"":10.0}"
2025/12/01 20:34:11:650573,Front,KeyLog,KeyboardUI/Update,"{""c"":""P"",""position"":{""x"":0.0,""y"":0.0},""angle"":3.1415927410125734,""size_dots"":{""x"":0.0,""y"":0.0},""size_mm"":10.0}"
2025/12/01 20:34:11:650573,Front,KeyLog,KeyboardUI/Update,"{""c"":""A"",""position"":{""x"":0.0,""y"":0.0},""angle"":3.1415927410125734,""size_dots"":{""x"":0.0,""y"":0.0},""size_mm"":10.0}"
2025/12/01 20:34:11:650573,Front,KeyLog,KeyboardUI/Update,"{""c"":""S"",""position"":{""x"":0.0,""y"":0.0},""angle"":3.1415927410125734,""size_dots"":{""x"":0.0,""y"":0.0},""size_mm"":10.0}"
2025/12/01 20:34:11:650573,Front,KeyLog,KeyboardUI/Update,"{""c"":""D"",""position"":{""x"":0.0,""y"":0.0},""angle"":3.1415927410125734,""size_dots"":{""x"":0.0,""y"":0.0},""size_mm"":10.0}"
2025/12/01 20:34:11:650573,Front,KeyLog,KeyboardUI/Update,"{""c"":""F"",""position"":{""x"":0.0,""y"":0.0},""angle"":3.1415927410125734,""size_dots"":{""x"":0.0,""y"":0.0},""size_mm"":10.0}"
2025/12/01 20:34:11:650573,Front,KeyLog,KeyboardUI/Update,"{""c"":""G"",""position"":{""x"":0.0,""y"":0.0},""angle"":3.1415927410125734,""size_dots"":{""x"":0.0,""y"":0.0},""size_mm"":10.0}"
2025/12/01 20:34:11:651584,Front,KeyLog,KeyboardUI/Update,"{""c"":""H"",""position"":{""x"":0.0,""y"":0.0},""angle"":3.1415927410125734,""size_dots"":{""x"":0.0,""y"":0.0},""size_mm"":10.0}"
2025/12/01 20:34:11:651584,Front,KeyLog,KeyboardUI/Update,"{""c"":""J"",""position"":{""x"":0.0,""y"":0.0},""angle"":3.1415927410125734,""size_dots"":{""x"":0.0,""y"":0.0},""size_mm"":10.0}"
2025/12/01 20:34:11:651584,Front,KeyLog,KeyboardUI/Update,"{""c"":""K"",""position"":{""x"":0.0,""y"":0.0},""angle"":3.1415927410125734,""size_dots"":{""x"":0.0,""y"":0.0},""size_mm"":10.0}"
2025/12/01 20:34:11:651584,Front,KeyLog,KeyboardUI/Update,"{""c"":""L"",""position"":{""x"":0.0,""y"":0.0},""angle"":3.1415927410125734,""size_dots"":{""x"":0.0,""y"":0.0},""size_mm"":10.0}"
2025/12/01 20:34:11:651584,Front,KeyLog,KeyboardUI/Update,"{""c"":""Z"",""position"":{""x"":0.0,""y"":0.0},""angle"":3.1415927410125734,""size_dots"":{""x"":0.0,""y"":0.0},""size_mm"":10.0}"
2025/12/01 20:34:11:651584,Front,KeyLog,KeyboardUI/Update,"{""c"":""X"",""position"":{""x"":0.0,""y"":0.0},""angle"":3.1415927410125734,""size_dots"":{""x"":0.0,""y"":0.0},""size_mm"":10.0}"
2025/12/01 20:34:11:652593,Front,KeyLog,KeyboardUI/Update,"{""c"":""C"",""position"":{""x"":0.0,""y"":0.0},""angle"":3.1415927410125734,""size_dots"":{""x"":0.0,""y"":0.0},""size_mm"":10.0}"
2025/12/01 20:34:11:652593,Front,KeyLog,KeyboardUI/Update,"{""c"":""V"",""position"":{""x"":0.0,""y"":0.0},""angle"":3.1415927410125734,""size_dots"":{""x"":0.0,""y"":0.0},""size_mm"":10.0}"
2025/12/01 20:34:11:652593,Front,KeyLog,KeyboardUI/Update,"{""c"":""B"",""position"":{""x"":0.0,""y"":0.0},""angle"":3.1415927410125734,""size_dots"":{""x"":0.0,""y"":0.0},""size_mm"":10.0}"
2025/12/01 20:34:11:652593,Front,KeyLog,KeyboardUI/Update,"{""c"":""N"",""position"":{""x"":0.0,""y"":0.0},""angle"":3.1415927410125734,""size_dots"":{""x"":0.0,""y"":0.0},""size_mm"":10.0}"
2025/12/01 20:34:11:652593,Front,KeyLog,KeyboardUI/Update,"{""c"":""M"",""position"":{""x"":0.0,""y"":0.0},""angle"":3.1415927410125734,""size_dots"":{""x"":0.0,""y"":0.0},""size_mm"":10.0}"
2025/12/01 20:34:11:652593,Front,KeyLog,KeyboardUI/Update,"{""c"":""#"",""position"":{""x"":0.0,""y"":0.0},""angle"":3.1415927410125734,""size_dots"":{""x"":0.0,""y"":0.0},""size_mm"":13.800000190734864}"
2025/12/01 20:34:11:652593,Front,KeyLog,KeyboardUI/Update,"{""c"":""&"",""position"":{""x"":0.0,""y"":0.0},""angle"":3.1415927410125734,""size_dots"":{""x"":0.0,""y"":0.0},""size_mm"":13.800000190734864}"
2025/12/01 20:34:11:652593,Front,KeyLog,KeyboardUI/Update,"{""c"":""%"",""position"":{""x"":0.0,""y"":0.0},""angle"":3.1415927410125734,""size_dots"":{""x"":0.0,""y"":0.0},""size_mm"":13.800000190734864}"
2025/12/01 20:34:11:659173,Front,ARMarkerLog,ARMarkerDetector/Update,"{""position"":[0.0,0.0],""angle"":0.0}"
2025/12/01 20:34:11:678499,Front,KeyLog,KeyboardUI/Update,"{""c"":""Q"",""position"":{""x"":0.0,""y"":0.0},""angle"":3.1415927410125734,""size_dots"":{""x"":0.0,""y"":0.0},""size_mm"":10.0}"
2025/12/01 20:34:11:680524,Front,KeyLog,KeyboardUI/Update,"{""c"":""W"",""position"":{""x"":0.0,""y"":0.0},""angle"":3.1415927410125734,""size_dots"":{""x"":0.0,""y"":0.0},""size_mm"":10.0}"
2025/12/01 20:34:11:680524,Front,KeyLog,KeyboardUI/Update,"{""c"":""E"",""position"":{""x"":0.0,""y"":0.0},""angle"":3.1415927410125734,""size_dots"":{""x"":0.0,""y"":0.0},""size_mm"":10.0}"
2025/12/01 20:34:11:681577,Front,KeyLog,KeyboardUI/Update,"{""c"":""R"",""position"":{""x"":0.0,""y"":0.0},""angle"":3.1415927410125734,""size_dots"":{""x"":0.0,""y"":0.0},""size_mm"":10.0}"
2025/12/01 20:34:11:681577,Front,KeyLog,KeyboardUI/Update,"{""c"":""T"",""position"":{""x"":0.0,""y"":0.0},""angle"":3.1415927410125734,""size_dots"":{""x"":0.0,""y"":0.0},""size_mm"":10.0}"
2025/12/01 20:34:11:681577,Front,KeyLog,KeyboardUI/Update,"{""c"":""Y"",""position"":{""x"":0.0,""y"":0.0},""angle"":3.1415927410125734,""size_dots"":{""x"":0.0,""y"":0.0},""size_mm"":10.0}"
2025/12/01 20:34:11:681577,Front,KeyLog,KeyboardUI/Update,"{""c"":""U"",""position"":{""x"":0.0,""y"":0.0},""angle"":3.1415927410125734,""size_dots"":{""x"":0.0,""y"":0.0},""size_mm"":10.0}"
2025/12/01 20:34:11:681577,Front,KeyLog,KeyboardUI/Update,"{""c"":""I"",""position"":{""x"":0.0,""y"":0.0},""angle"":3.1415927410125734,""size_dots"":{""x"":0.0,""y"":0.0},""size_mm"":10.0}"
2025/12/01 20:34:11:681577,Front,KeyLog,KeyboardUI/Update,"{""c"":""O"",""position"":{""x"":0.0,""y"":0.0},""angle"":3.1415927410125734,""size_dots"":{""x"":0.0,""y"":0.0},""size_mm"":10.0}"
2025/12/01 20:34:11:681577,Front,KeyLog,KeyboardUI/Update,"{""c"":""P"",""position"":{""x"":0.0,""y"":0.0},""angle"":3.1415927410125734,""size_dots"":{""x"":0.0,""y"":0.0},""size_mm"":10.0}"
2025/12/01 20:34:11:681577,Front,KeyLog,KeyboardUI/Update,"{""c"":""A"",""position"":{""x"":0.0,""y"":0.0},""angle"":3.1415927410125734,""size_dots"":{""x"":0.0,""y"":0.0},""size_mm"":10.0}"
2025/12/01 20:34:11:681577,Front,KeyLog,KeyboardUI/Update,"{""c"":""S"",""position"":{""x"":0.0,""y"":0.0},""angle"":3.1415927410125734,""size_dots"":{""x"":0.0,""y"":0.0},""size_mm"":10.0}"
2025/12/01 20:34:11:681577,Front,KeyLog,KeyboardUI/Update,"{""c"":""D"",""position"":{""x"":0.0,""y"":0.0},""angle"":3.1415927410125734,""size_dots"":{""x"":0.0,""y"":0.0},""size_mm"":10.0}"
2025/12/01 20:34:11:681577,Front,KeyLog,KeyboardUI/Update,"{""c"":""F"",""position"":{""x"":0.0,""y"":0.0},""angle"":3.1415927410125734,""size_dots"":{""x"":0.0,""y"":0.0},""size_mm"":10.0}"
2025/12/01 20:34:11:681577,Front,KeyLog,KeyboardUI/Update,"{""c"":""G"",""position"":{""x"":0.0,""y"":0.0},""angle"":3.1415927410125734,""size_dots"":{""x"":0.0,""y"":0.0},""size_mm"":10.0}"
2025/12/01 20:34:11:681577,Front,KeyLog,KeyboardUI/Update,"{""c"":""H"",""position"":{""x"":0.0,""y"":0.0},""angle"":3.1415927410125734,""size_dots"":{""x"":0.0,""y"":0.0},""size_mm"":10.0}"
2025/12/01 20:34:11:681577,Front,KeyLog,KeyboardUI/Update,"{""c"":""J"",""position"":{""x"":0.0,""y"":0.0},""angle"":3.1415927410125734,""size_dots"":{""x"":0.0,""y"":0.0},""size_mm"":10.0}"
2025/12/01 20:34:11:681577,Front,KeyLog,KeyboardUI/Update,"{""c"":""K"",""position"":{""x"":0.0,""y"":0.0},""angle"":3.1415927410125734,""size_dots"":{""x"":0.0,""y"":0.0},""size_mm"":10.0}"
2025/12/01 20:34:11:681577,Front,KeyLog,KeyboardUI/Update,"{""c"":""L"",""position"":{""x"":0.0,""y"":0.0},""angle"":3.1415927410125734,""size_dots"":{""x"":0.0,""y"":0.0},""size_mm"":10.0}"
2025/12/01 20:34:11:682588,Front,KeyLog,KeyboardUI/Update,"{""c"":""Z"",""position"":{""x"":0.0,""y"":0.0},""angle"":3.1415927410125734,""size_dots"":{""x"":0.0,""y"":0.0},""size_mm"":10.0}"
2025/12/01 20:34:11:682588,Front,KeyLog,KeyboardUI/Update,"{""c"":""X"",""position"":{""x"":0.0,""y"":0.0},""angle"":3.1415927410125734,""size_dots"":{""x"":0.0,""y"":0.0},""size_mm"":10.0}"
2025/12/01 20:34:11:682588,Front,KeyLog,KeyboardUI/Update,"{""c"":""C"",""position"":{""x"":0.0,""y"":0.0},""angle"":3.1415927410125734,""size_dots"":{""x"":0.0,""y"":0.0},""size_mm"":10.0}"
2025/12/01 20:34:11:682588,Front,KeyLog,KeyboardUI/Update,"{""c"":""V"",""position"":{""x"":0.0,""y"":0.0},""angle"":3.1415927410125734,""size_dots"":{""x"":0.0,""y"":0.0},""size_mm"":10.0}"
2025/12/01 20:34:11:682588,Front,KeyLog,KeyboardUI/Update,"{""c"":""B"",""position"":{""x"":0.0,""y"":0.0},""angle"":3.1415927410125734,""size_dots"":{""x"":0.0,""y"":0.0},""size_mm"":10.0}"
2025/12/01 20:34:11:682588,Front,KeyLog,KeyboardUI/Update,"{""c"":""N"",""position"":{""x"":0.0,""y"":0.0},""angle"":3.1415927410125734,""size_dots"":{""x"":0.0,""y"":0.0},""size_mm"":10.0}"
2025/12/01 20:34:11:682588,Front,KeyLog,KeyboardUI/Update,"{""c"":""M"",""position"":{""x"":0.0,""y"":0.0},""angle"":3.1415927410125734,""size_dots"":{""x"":0.0,""y"":0.0},""size_mm"":10.0}"
2025/12/01 20:34:11:682588,Front,KeyLog,KeyboardUI/Update,"{""c"":""#"",""position"":{""x"":0.0,""y"":0.0},""angle"":3.1415927410125734,""size_dots"":{""x"":0.0,""y"":0.0},""size_mm"":13.800000190734864}"
2025/12/01 20:34:11:682588,Front,KeyLog,KeyboardUI/Update,"{""c"":""&"",""position"":{""x"":0.0,""y"":0.0},""angle"":3.1415927410125734,""size_dots"":{""x"":0.0,""y"":0.0},""size_mm"":13.800000190734864}"
2025/12/01 20:34:11:682588,Front,KeyLog,KeyboardUI/Update,"{""c"":""%"",""position"":{""x"":0.0,""y"":0.0},""angle"":3.1415927410125734,""size_dots"":{""x"":0.0,""y"":0.0},""size_mm"":13.800000190734864}"
2025/12/01 20:34:11:691195,Front,ARMarkerLog,ARMarkerDetector/Update,"{""position"":[0.0,0.0],""angle"":0.0}"
